index,CITY,STATE,ZIPCODE,AGE,EJECTION,DRIVER_ACTION,BAC_RESULT,UNIT_TYPE,MAKE,MODEL,VEHICLE_YEAR,VEHICLE_TYPE,TRAVEL_DIRECTION,MANEUVER,FIRST_CONTACT_POINT,POSTED_SPEED_LIMIT,TRAFFIC_CONTROL_DEVICE,DEVICE_CONDITION,WEATHER_CONDITION,LIGHTING_CONDITION,FIRST_CRASH_TYPE,TRAFFICWAY_TYPE,ALIGNMENT,ROADWAY_SURFACE_COND,ROAD_DEFECT,STREET_DIRECTION,NUM_UNITS,CRASH_HOUR,CRASH_DAY_OF_WEEK,CRASH_MONTH,CRASH_YEAR,FATAL_INBOTH,FATAL_CARPPL,FATAL_OTHPPL,FATAL_INAUTO,FATAL_DEGREE,DAMAGE_500_OR_LESS,DAMAGE_501_1500,DAMAGE_OVER_1500,SEX,INTERSECTION_RELATED,HIT_AND_RUN,REPORTYPE
13715,CHICAGO,IL,60653,25.0,0.0,0.0,0.0,1,1,20,2016.0,1,2,1,6.0,30,1,1,1,2,1,7,1,1,0,2,2,20,6,4,2020,1.0,0.0,0.0,0.0,2.0,0,0,1,0,1,1,0
13716,CHICAGO,IL,60653,25.0,0.0,0.0,0.0,1,21,1,2015.0,1,1,1,1.0,30,1,1,1,2,1,7,1,1,0,2,2,20,6,4,2020,1.0,0.0,0.0,0.0,2.0,0,0,1,0,1,1,0
13717,CHICAGO,IL,60653,25.0,0.0,0.0,0.0,1,21,1,2015.0,1,1,1,1.0,30,1,1,1,2,1,7,1,1,0,2,2,20,6,4,2020,1.0,0.0,0.0,0.0,2.0,0,0,1,0,1,1,0
13718,CHICAGO,IL,60653,25.0,0.0,0.0,0.0,1,1,20,2016.0,1,2,1,6.0,30,1,1,1,2,1,7,1,1,0,2,2,20,6,4,2020,1.0,0.0,0.0,0.0,2.0,0,0,1,0,1,1,0
13719,CHICAGO,IL,60653,25.0,0.0,0.0,0.0,1,1,20,2016.0,1,2,1,6.0,30,1,1,1,2,1,7,1,1,0,2,2,20,6,4,2020,1.0,0.0,0.0,0.0,2.0,0,0,1,0,1,1,0
14174,UNKNOWN,XX,0,38.0,0.0,2.0,0.0,1,1,14,2010.0,2,3,2,1.0,30,1,1,1,1,5,0,1,1,0,1,2,17,7,4,2020,1.0,0.0,0.0,0.0,3.0,0,0,1,0,1,1,1
14176,CHICAGO,IL,60624,32.0,-1.0,0.0,0.0,1,1,14,2010.0,2,3,2,1.0,30,1,1,1,1,5,0,1,1,0,1,2,17,7,4,2020,0.0,0.0,0.0,0.0,3.0,0,0,1,1,1,1,1
14271,CHICAGO,IL,60624,31.0,-1.0,-1.0,0.0,1,10,120,2011.0,-1,2,1,1.0,25,2,1,1,1,5,1,1,1,0,2,2,19,7,4,2020,0.0,0.0,0.0,0.0,2.0,1,0,0,1,1,1,1
14357,CHICAGO,IL,60640,33.0,0.0,0.0,0.0,1,3,40,2012.0,1,3,1,1.0,30,1,1,1,2,6,1,1,1,0,1,2,22,7,4,2020,1.0,0.0,0.0,0.0,0.0,0,0,1,1,1,1,1
14359,CHICAGO,IL,60640,36.0,0.0,1.0,0.0,1,7,25,2007.0,2,3,1,5.0,30,1,1,1,2,4,1,1,1,0,3,2,21,7,4,2020,1.0,0.0,0.0,0.0,1.0,0,0,1,0,0,1,1
14360,CHICAGO,IL,60610,35.0,0.0,0.0,0.0,1,-1,1,2010.0,1,3,1,6.0,30,1,1,1,2,4,1,1,1,0,3,2,21,7,4,2020,1.0,0.0,0.0,0.0,1.0,0,0,1,1,0,1,1
14361,CHICAGO,IL,60610,35.0,0.0,0.0,0.0,1,7,25,2007.0,2,3,1,5.0,30,1,1,1,2,4,1,1,1,0,3,2,21,7,4,2020,1.0,0.0,0.0,0.0,1.0,0,0,1,1,0,1,1
14659,STREAMWOOD,IL,60107,21.0,0.0,1.0,0.0,1,-1,2,2010.0,-1,4,1,1.0,30,2,0,1,2,1,0,1,1,0,1,2,1,1,5,2020,1.0,0.0,0.0,0.0,1.0,0,0,1,0,1,1,0
14660,STREAMWOOD,IL,60107,21.0,0.0,1.0,0.0,1,8,16,2013.0,1,3,1,12.0,30,2,0,1,2,1,0,1,1,0,1,2,1,1,5,2020,1.0,0.0,0.0,0.0,1.0,0,0,1,0,1,1,0
14662,CHICAGO,IL,60610,36.0,0.0,-1.0,0.0,1,8,16,2013.0,1,3,1,12.0,30,2,0,1,2,1,0,1,1,0,1,2,1,1,5,2020,1.0,0.0,0.0,0.0,1.0,0,0,1,0,1,1,0
14787,CHICAGO,IL,60641,34.0,0.0,0.0,0.0,1,24,96,2002.0,1,2,1,3.0,30,1,0,1,2,2,1,1,1,0,2,2,1,3,5,2020,1.0,0.0,0.0,0.0,0.0,0,0,1,1,1,1,1
14863,CHICAGO,IL,60641,31.0,0.0,0.0,0.0,1,38,139,2018.0,8,1,1,5.0,30,1,1,1,2,1,1,1,1,0,1,2,23,2,5,2020,1.0,0.0,0.0,0.0,0.0,0,0,1,1,1,1,1
14958,CHICAGO,IL,60638,28.0,0.0,0.0,0.0,1,3,3,2019.0,1,1,1,8.0,30,2,1,1,1,3,2,1,1,0,1,2,15,1,4,2020,0.0,1.0,0.0,0.0,0.0,0,0,1,1,1,1,1
15150,CHICAGO,IL,60609,34.0,-1.0,0.0,0.0,1,-1,2,2011.0,1,2,16,5.0,15,0,0,1,1,5,11,1,1,0,1,2,12,1,4,2020,0.0,0.0,0.0,0.0,2.0,1,0,0,0,1,1,0
15249,CHICAGO,IL,60609,25.0,0.0,0.0,0.0,1,10,26,2017.0,1,8,2,4.0,30,1,1,1,1,2,4,1,1,0,2,2,12,1,5,2020,0.0,1.0,0.0,0.0,0.0,0,0,1,1,1,0,1
15250,CHICAGO,IL,60609,25.0,0.0,0.0,0.0,1,33,198,2013.0,1,8,2,2.0,30,1,1,1,1,2,4,1,1,0,2,2,12,1,5,2020,0.0,1.0,0.0,0.0,0.0,0,0,1,1,1,0,1
15393,CHICAGO,IL,60617,36.9,0.0,-1.0,0.0,1,5,7,2020.0,1,1,15,10.0,30,1,1,2,1,2,5,1,2,0,1,3,12,3,5,2020,1.0,0.0,0.0,0.0,2.0,0,0,1,0,1,1,1
15394,CHICAGO,IL,60617,36.9,0.0,-1.0,0.0,2,1,58,2018.0,2,1,5,7.0,30,1,1,2,1,2,5,1,2,0,1,3,12,3,5,2020,1.0,0.0,0.0,0.0,2.0,0,0,1,0,1,1,1
15395,HOMER_GLENN,IL,60491,65.0,0.0,3.0,0.0,1,-1,1,2011.0,3,4,1,4.0,30,1,1,2,1,2,5,1,2,0,1,3,12,3,5,2020,1.0,0.0,0.0,0.0,2.0,0,0,1,1,1,1,1
15396,HOMER_GLENN,IL,60491,65.0,0.0,3.0,0.0,1,5,7,2020.0,1,1,15,10.0,30,1,1,2,1,2,5,1,2,0,1,3,12,3,5,2020,1.0,0.0,0.0,0.0,2.0,0,0,1,1,1,1,1
15397,HOMER_GLENN,IL,60491,65.0,0.0,3.0,0.0,2,1,58,2018.0,2,1,5,7.0,30,1,1,2,1,2,5,1,2,0,1,3,12,3,5,2020,1.0,0.0,0.0,0.0,2.0,0,0,1,1,1,1,1
15504,CHICAGO,IL,60617,38.0,0.0,2.0,0.0,1,6,1,2010.0,1,5,2,3.0,30,1,0,2,1,2,1,1,2,0,1,2,7,3,5,2020,1.0,0.0,0.0,0.0,3.0,0,0,1,0,1,1,1
15505,CHICAGO,IL,60617,38.0,0.0,2.0,0.0,1,1,4,2017.0,1,3,1,3.0,30,1,0,2,1,2,1,1,2,0,1,2,7,3,5,2020,1.0,0.0,0.0,0.0,3.0,0,0,1,0,1,1,1
15506,CHICAGO,IL,60617,19.0,0.0,1.0,0.0,1,6,1,2010.0,1,5,2,3.0,30,1,0,2,1,2,1,1,2,0,1,2,7,3,5,2020,1.0,0.0,0.0,0.0,3.0,0,0,1,1,1,1,1
15507,CHICAGO,IL,60617,19.0,0.0,1.0,0.0,1,1,4,2017.0,1,3,1,3.0,30,1,0,2,1,2,1,1,2,0,1,2,7,3,5,2020,1.0,0.0,0.0,0.0,3.0,0,0,1,1,1,1,1
15750,CHICAGO,IL,60632,27.0,0.0,0.0,0.0,1,4,11,2016.0,1,4,2,4.0,30,1,1,1,1,2,1,1,1,0,1,2,18,2,4,2020,1.0,0.0,0.0,0.0,0.0,0,0,1,0,1,1,1
15785,FOREST_PARK,IL,60130,36.0,0.0,5.0,0.0,1,2,1,2018.0,1,2,12,3.0,30,1,1,1,2,2,6,1,1,0,1,2,19,2,4,2020,1.0,0.0,0.0,0.0,1.0,1,0,0,0,0,1,1
15786,FOREST_PARK,IL,60130,36.0,0.0,5.0,0.0,1,-1,1,2010.0,-1,3,1,1.0,30,1,1,1,2,2,6,1,1,0,1,2,19,2,4,2020,1.0,0.0,0.0,0.0,1.0,1,0,0,0,0,1,1
15787,UNK,XX,0,36.0,-1.0,0.0,0.0,1,2,1,2018.0,1,2,12,3.0,30,1,1,1,2,2,6,1,1,0,1,2,19,2,4,2020,1.0,0.0,0.0,0.0,1.0,1,0,0,1,0,1,1
15788,UNK,XX,0,36.0,-1.0,0.0,0.0,1,-1,1,2010.0,-1,3,1,1.0,30,1,1,1,2,2,6,1,1,0,1,2,19,2,4,2020,1.0,0.0,0.0,0.0,1.0,1,0,0,1,0,1,1
15949,UNK,XX,0,36.9,0.0,2.0,0.0,1,6,1,2017.0,2,3,4,6.0,30,1,1,1,1,5,0,1,1,0,2,2,18,2,4,2020,1.0,0.0,0.0,0.0,2.0,0,0,1,0,0,1,0
15951,UNK,XX,0,58.0,-1.0,0.0,2.0,1,6,1,2017.0,2,3,4,6.0,30,1,1,1,1,5,0,1,1,0,2,2,18,2,4,2020,0.0,0.0,0.0,0.0,2.0,0,0,1,0,0,1,0
16119,UNK,XX,0,36.9,0.0,6.0,0.0,1,6,46,2006.0,3,3,2,4.0,30,0,0,2,1,2,0,1,2,0,1,2,14,3,5,2020,1.0,0.0,0.0,0.0,2.0,0,0,1,1,1,1,1
16120,UNK,XX,0,36.9,0.0,6.0,0.0,1,29,286,2009.0,1,1,1,3.0,30,0,0,2,1,2,0,1,2,0,1,2,14,3,5,2020,1.0,0.0,0.0,0.0,2.0,0,0,1,1,1,1,1
16121,CHICAGO,IL,60653,36.9,0.0,0.0,0.0,1,6,46,2006.0,3,3,2,4.0,30,0,0,2,1,2,0,1,2,0,1,2,14,3,5,2020,1.0,0.0,0.0,0.0,2.0,0,0,1,1,1,1,1
16122,CHICAGO,IL,60653,36.9,0.0,0.0,0.0,1,29,286,2009.0,1,1,1,3.0,30,0,0,2,1,2,0,1,2,0,1,2,14,3,5,2020,1.0,0.0,0.0,0.0,2.0,0,0,1,1,1,1,1
16246,RIVERDALE,IL,60827,42.0,0.0,3.0,0.0,1,16,78,2001.0,-1,1,1,1.0,30,1,1,1,2,3,5,1,1,0,1,3,22,4,4,2020,1.0,0.0,0.0,0.0,1.0,0,0,1,0,1,1,0
16247,RIVERDALE,IL,60827,42.0,0.0,3.0,0.0,1,16,78,2001.0,-1,1,1,1.0,30,1,1,1,2,3,5,1,1,0,1,3,22,4,4,2020,1.0,0.0,0.0,0.0,1.0,0,0,1,0,1,1,0
16248,RIVERDALE,IL,60827,42.0,0.0,3.0,0.0,1,2,8,2010.0,1,1,3,2.0,30,1,1,1,2,3,5,1,1,0,1,3,22,4,4,2020,1.0,0.0,0.0,0.0,1.0,0,0,1,0,1,1,0
16249,RIVERDALE,IL,60827,42.0,0.0,3.0,0.0,1,10,30,2005.0,1,1,3,2.0,30,1,1,1,2,3,5,1,1,0,1,3,22,4,4,2020,1.0,0.0,0.0,0.0,1.0,0,0,1,0,1,1,0
16250,RIVERDALE,IL,60827,42.0,0.0,3.0,0.0,1,2,8,2010.0,1,1,3,2.0,30,1,1,1,2,3,5,1,1,0,1,3,22,4,4,2020,1.0,0.0,0.0,0.0,1.0,0,0,1,0,1,1,0
16251,RIVERDALE,IL,60827,42.0,0.0,3.0,0.0,1,10,30,2005.0,1,1,3,2.0,30,1,1,1,2,3,5,1,1,0,1,3,22,4,4,2020,1.0,0.0,0.0,0.0,1.0,0,0,1,0,1,1,0
16252,CHICAGO,IL,60636,36.0,0.0,3.0,0.0,1,16,78,2001.0,-1,1,1,1.0,30,1,1,1,2,3,5,1,1,0,1,3,22,4,4,2020,1.0,0.0,0.0,0.0,1.0,0,0,1,0,1,1,0
16253,CHICAGO,IL,60636,36.0,0.0,3.0,0.0,1,16,78,2001.0,-1,1,1,1.0,30,1,1,1,2,3,5,1,1,0,1,3,22,4,4,2020,1.0,0.0,0.0,0.0,1.0,0,0,1,0,1,1,0
16254,CHICAGO,IL,60636,36.0,0.0,3.0,0.0,1,2,8,2010.0,1,1,3,2.0,30,1,1,1,2,3,5,1,1,0,1,3,22,4,4,2020,1.0,0.0,0.0,0.0,1.0,0,0,1,0,1,1,0
16255,CHICAGO,IL,60636,36.0,0.0,3.0,0.0,1,10,30,2005.0,1,1,3,2.0,30,1,1,1,2,3,5,1,1,0,1,3,22,4,4,2020,1.0,0.0,0.0,0.0,1.0,0,0,1,0,1,1,0
16256,CHICAGO,IL,60636,36.0,0.0,3.0,0.0,1,2,8,2010.0,1,1,3,2.0,30,1,1,1,2,3,5,1,1,0,1,3,22,4,4,2020,1.0,0.0,0.0,0.0,1.0,0,0,1,0,1,1,0
16257,CHICAGO,IL,60636,36.0,0.0,3.0,0.0,1,10,30,2005.0,1,1,3,2.0,30,1,1,1,2,3,5,1,1,0,1,3,22,4,4,2020,1.0,0.0,0.0,0.0,1.0,0,0,1,0,1,1,0
16258,CHICAGO,IL,60621,25.0,0.0,0.0,0.0,1,16,78,2001.0,-1,1,1,1.0,30,1,1,1,2,3,5,1,1,0,1,3,22,4,4,2020,1.0,0.0,0.0,0.0,1.0,0,0,1,1,1,1,0
16259,CHICAGO,IL,60621,25.0,0.0,0.0,0.0,1,16,78,2001.0,-1,1,1,1.0,30,1,1,1,2,3,5,1,1,0,1,3,22,4,4,2020,1.0,0.0,0.0,0.0,1.0,0,0,1,1,1,1,0
16260,CHICAGO,IL,60621,25.0,0.0,0.0,0.0,1,2,8,2010.0,1,1,3,2.0,30,1,1,1,2,3,5,1,1,0,1,3,22,4,4,2020,1.0,0.0,0.0,0.0,1.0,0,0,1,1,1,1,0
16261,CHICAGO,IL,60621,25.0,0.0,0.0,0.0,1,10,30,2005.0,1,1,3,2.0,30,1,1,1,2,3,5,1,1,0,1,3,22,4,4,2020,1.0,0.0,0.0,0.0,1.0,0,0,1,1,1,1,0
16262,CHICAGO,IL,60621,25.0,0.0,0.0,0.0,1,2,8,2010.0,1,1,3,2.0,30,1,1,1,2,3,5,1,1,0,1,3,22,4,4,2020,1.0,0.0,0.0,0.0,1.0,0,0,1,1,1,1,0
16263,CHICAGO,IL,60621,25.0,0.0,0.0,0.0,1,10,30,2005.0,1,1,3,2.0,30,1,1,1,2,3,5,1,1,0,1,3,22,4,4,2020,1.0,0.0,0.0,0.0,1.0,0,0,1,1,1,1,0
16264,CHICAGO,IL,60637,56.0,0.0,0.0,0.0,1,16,78,2001.0,-1,1,1,1.0,30,1,1,1,2,3,5,1,1,0,1,3,22,4,4,2020,1.0,0.0,0.0,0.0,1.0,0,0,1,0,1,1,0
16265,CHICAGO,IL,60637,56.0,0.0,0.0,0.0,1,16,78,2001.0,-1,1,1,1.0,30,1,1,1,2,3,5,1,1,0,1,3,22,4,4,2020,1.0,0.0,0.0,0.0,1.0,0,0,1,0,1,1,0
16266,CHICAGO,IL,60637,56.0,0.0,0.0,0.0,1,2,8,2010.0,1,1,3,2.0,30,1,1,1,2,3,5,1,1,0,1,3,22,4,4,2020,1.0,0.0,0.0,0.0,1.0,0,0,1,0,1,1,0
16267,CHICAGO,IL,60637,56.0,0.0,0.0,0.0,1,10,30,2005.0,1,1,3,2.0,30,1,1,1,2,3,5,1,1,0,1,3,22,4,4,2020,1.0,0.0,0.0,0.0,1.0,0,0,1,0,1,1,0
16268,CHICAGO,IL,60637,56.0,0.0,0.0,0.0,1,2,8,2010.0,1,1,3,2.0,30,1,1,1,2,3,5,1,1,0,1,3,22,4,4,2020,1.0,0.0,0.0,0.0,1.0,0,0,1,0,1,1,0
16269,CHICAGO,IL,60637,56.0,0.0,0.0,0.0,1,10,30,2005.0,1,1,3,2.0,30,1,1,1,2,3,5,1,1,0,1,3,22,4,4,2020,1.0,0.0,0.0,0.0,1.0,0,0,1,0,1,1,0
16270,CHICAGO,IL,60621,25.0,0.0,0.0,0.0,1,16,78,2001.0,-1,1,1,1.0,30,1,1,1,2,3,5,1,1,0,1,3,22,4,4,2020,1.0,0.0,0.0,0.0,1.0,0,0,1,1,1,1,0
16271,CHICAGO,IL,60621,25.0,0.0,0.0,0.0,1,16,78,2001.0,-1,1,1,1.0,30,1,1,1,2,3,5,1,1,0,1,3,22,4,4,2020,1.0,0.0,0.0,0.0,1.0,0,0,1,1,1,1,0
16272,CHICAGO,IL,60621,25.0,0.0,0.0,0.0,1,2,8,2010.0,1,1,3,2.0,30,1,1,1,2,3,5,1,1,0,1,3,22,4,4,2020,1.0,0.0,0.0,0.0,1.0,0,0,1,1,1,1,0
16273,CHICAGO,IL,60621,25.0,0.0,0.0,0.0,1,10,30,2005.0,1,1,3,2.0,30,1,1,1,2,3,5,1,1,0,1,3,22,4,4,2020,1.0,0.0,0.0,0.0,1.0,0,0,1,1,1,1,0
16274,CHICAGO,IL,60621,25.0,0.0,0.0,0.0,1,2,8,2010.0,1,1,3,2.0,30,1,1,1,2,3,5,1,1,0,1,3,22,4,4,2020,1.0,0.0,0.0,0.0,1.0,0,0,1,1,1,1,0
16275,CHICAGO,IL,60621,25.0,0.0,0.0,0.0,1,10,30,2005.0,1,1,3,2.0,30,1,1,1,2,3,5,1,1,0,1,3,22,4,4,2020,1.0,0.0,0.0,0.0,1.0,0,0,1,1,1,1,0
16276,CHICAGO,IL,60637,56.0,0.0,0.0,0.0,1,16,78,2001.0,-1,1,1,1.0,30,1,1,1,2,3,5,1,1,0,1,3,22,4,4,2020,1.0,0.0,0.0,0.0,1.0,0,0,1,0,1,1,0
16277,CHICAGO,IL,60637,56.0,0.0,0.0,0.0,1,16,78,2001.0,-1,1,1,1.0,30,1,1,1,2,3,5,1,1,0,1,3,22,4,4,2020,1.0,0.0,0.0,0.0,1.0,0,0,1,0,1,1,0
16278,CHICAGO,IL,60637,56.0,0.0,0.0,0.0,1,2,8,2010.0,1,1,3,2.0,30,1,1,1,2,3,5,1,1,0,1,3,22,4,4,2020,1.0,0.0,0.0,0.0,1.0,0,0,1,0,1,1,0
16279,CHICAGO,IL,60637,56.0,0.0,0.0,0.0,1,10,30,2005.0,1,1,3,2.0,30,1,1,1,2,3,5,1,1,0,1,3,22,4,4,2020,1.0,0.0,0.0,0.0,1.0,0,0,1,0,1,1,0
16280,CHICAGO,IL,60637,56.0,0.0,0.0,0.0,1,2,8,2010.0,1,1,3,2.0,30,1,1,1,2,3,5,1,1,0,1,3,22,4,4,2020,1.0,0.0,0.0,0.0,1.0,0,0,1,0,1,1,0
16281,CHICAGO,IL,60637,56.0,0.0,0.0,0.0,1,10,30,2005.0,1,1,3,2.0,30,1,1,1,2,3,5,1,1,0,1,3,22,4,4,2020,1.0,0.0,0.0,0.0,1.0,0,0,1,0,1,1,0
16419,CHICAGO,IL,60637,36.9,0.0,3.0,0.0,1,13,36,2004.0,1,2,1,1.0,20,1,1,1,1,1,1,1,1,0,1,2,12,2,5,2020,1.0,0.0,0.0,0.0,2.0,0,0,1,1,1,1,1
16420,CHICAGO,IL,60637,36.9,0.0,3.0,0.0,1,3,12,2004.0,1,1,1,1.0,20,1,1,1,1,1,1,1,1,0,1,2,12,2,5,2020,1.0,0.0,0.0,0.0,2.0,0,0,1,1,1,1,1
16421,CHICAGO,IL,60653,36.9,0.0,0.0,0.0,1,13,36,2004.0,1,2,1,1.0,20,1,1,1,1,1,1,1,1,0,1,2,12,2,5,2020,1.0,0.0,0.0,0.0,2.0,0,0,1,1,1,1,1
16422,CHICAGO,IL,60653,36.9,0.0,0.0,0.0,1,3,12,2004.0,1,1,1,1.0,20,1,1,1,1,1,1,1,1,0,1,2,12,2,5,2020,1.0,0.0,0.0,0.0,2.0,0,0,1,1,1,1,1
16944,CHICAGO,IL,60634,26.0,0.0,0.0,0.0,1,10,26,2015.0,1,2,1,4.0,30,1,1,1,2,1,1,1,1,0,2,2,22,5,5,2020,0.0,1.0,0.0,0.0,0.0,0,0,1,1,1,1,0
17365,MECHANICSBURG,PA,17050,29.0,0.0,2.0,0.0,1,4,11,2011.0,1,2,1,4.0,30,1,1,2,4,2,-1,1,2,0,2,2,19,4,4,2020,0.0,1.0,0.0,0.0,0.0,0,0,1,1,1,1,1
17373,LEMONT,IL,60439,24.0,0.0,0.0,0.0,1,1,4,2009.0,1,2,4,3.0,30,0,0,3,1,8,11,1,2,1,3,3,18,4,4,2020,1.0,0.0,0.0,0.0,0.0,0,0,1,1,0,1,1
17374,LEMONT,IL,60439,24.0,0.0,0.0,0.0,2,12,153,2012.0,1,-1,5,8.0,30,0,0,3,1,8,11,1,2,1,3,3,18,4,4,2020,1.0,0.0,0.0,0.0,0.0,0,0,1,1,0,1,1
17375,LEMONT,IL,60439,24.0,0.0,0.0,0.0,1,3,28,2018.0,1,7,1,3.0,30,0,0,3,1,8,11,1,2,1,3,3,18,4,4,2020,1.0,0.0,0.0,0.0,0.0,0,0,1,1,0,1,1
17681,CHICAGO,IL,60652,36.9,0.0,8.0,0.0,1,3,3,2007.0,1,3,8,5.0,35,1,1,1,2,4,5,1,1,0,1,2,22,6,5,2020,1.0,0.0,0.0,0.0,2.0,0,0,1,1,1,1,1
17682,CHICAGO,IL,60652,36.9,0.0,8.0,0.0,1,5,13,2005.0,1,3,1,4.0,35,1,1,1,2,4,5,1,1,0,1,2,22,6,5,2020,1.0,0.0,0.0,0.0,2.0,0,0,1,1,1,1,1
17683,BROOKFIELD,IL,60513,21.0,0.0,0.0,0.0,1,3,3,2007.0,1,3,8,5.0,35,1,1,1,2,4,5,1,1,0,1,2,22,6,5,2020,1.0,0.0,0.0,0.0,2.0,0,0,1,0,1,1,1
17684,BROOKFIELD,IL,60513,21.0,0.0,0.0,0.0,1,5,13,2005.0,1,3,1,4.0,35,1,1,1,2,4,5,1,1,0,1,2,22,6,5,2020,1.0,0.0,0.0,0.0,2.0,0,0,1,0,1,1,1
18092,PLAINFIELD,IL,60586,26.0,0.0,2.0,0.0,1,5,7,2011.0,1,1,1,3.0,30,2,1,1,1,1,1,1,2,0,2,2,18,5,4,2020,1.0,0.0,0.0,0.0,2.0,0,0,1,1,1,1,1
18093,PLAINFIELD,IL,60586,26.0,0.0,2.0,0.0,1,4,18,2018.0,1,2,1,4.0,30,2,1,1,1,1,1,1,2,0,2,2,18,5,4,2020,1.0,0.0,0.0,0.0,2.0,0,0,1,1,1,1,1
18094,CHICAGO,IL,60651,20.0,0.0,0.0,0.0,1,5,7,2011.0,1,1,1,3.0,30,2,1,1,1,1,1,1,2,0,2,2,18,5,4,2020,1.0,0.0,0.0,0.0,2.0,0,0,1,0,1,1,1
18095,CHICAGO,IL,60651,20.0,0.0,0.0,0.0,1,4,18,2018.0,1,2,1,4.0,30,2,1,1,1,1,1,1,2,0,2,2,18,5,4,2020,1.0,0.0,0.0,0.0,2.0,0,0,1,0,1,1,1
18452,ROMEOVILLE,IL,60446,0.0,0.0,0.0,0.0,1,1,6,2018.0,1,2,1,9.0,30,1,1,1,2,1,3,1,1,-1,1,2,0,1,5,2020,1.0,0.0,0.0,0.0,0.0,0,0,1,0,1,1,1
18691,MAYWOOD,IL,60153,57.0,0.0,0.0,0.0,1,2,24,2015.0,1,2,1,1.0,30,1,3,1,1,6,0,1,1,0,2,2,15,6,4,2020,1.0,0.0,0.0,0.0,0.0,0,0,1,0,1,1,1
19043,CHICAGO,IL,60624,36.9,-1.0,-1.0,0.0,1,31,108,2007.0,6,1,1,4.0,30,2,0,-1,-1,1,-1,1,-1,0,1,2,16,6,5,2020,1.0,0.0,0.0,0.0,2.0,0,1,0,0,1,1,1
19044,CHICAGO,IL,60624,71.0,0.0,-1.0,0.0,1,7,25,2011.0,-1,4,1,-1.0,30,2,0,-1,-1,1,-1,1,-1,0,1,2,16,6,5,2020,1.0,0.0,0.0,0.0,2.0,0,1,0,1,1,1,1
19045,CHICAGO,IL,60624,71.0,0.0,-1.0,0.0,1,31,108,2007.0,6,1,1,4.0,30,2,0,-1,-1,1,-1,1,-1,0,1,2,16,6,5,2020,1.0,0.0,0.0,0.0,2.0,0,1,0,1,1,1,1
19205,JOLIET,IL,60435,22.0,0.0,0.0,0.0,1,1,4,2013.0,1,3,2,6.0,30,2,1,1,2,2,1,1,1,0,2,2,21,6,5,2020,0.0,1.0,0.0,0.0,0.0,0,0,1,0,1,1,0
19269,MATTESON,IL,60443,31.0,0.0,0.0,0.0,1,13,166,2004.0,1,2,1,6.0,30,2,1,2,1,1,0,1,2,0,1,2,16,1,5,2020,1.0,0.0,0.0,0.0,0.0,0,0,1,1,1,1,1
19270,MATTESON,IL,60443,31.0,0.0,0.0,0.0,1,1,6,2017.0,1,1,1,3.0,30,2,1,2,1,1,0,1,2,0,1,2,16,1,5,2020,1.0,0.0,0.0,0.0,0.0,0,0,1,1,1,1,1
19318,CHICAGO,IL,60628,36.0,0.0,2.0,0.0,1,1,358,2010.0,4,1,1,4.0,30,2,1,1,1,1,1,1,1,1,1,2,11,7,5,2020,1.0,0.0,0.0,0.0,1.0,0,0,1,0,1,1,1
19319,CHICAGO,IL,60609,26.0,0.0,0.0,0.0,1,4,138,2010.0,2,4,1,3.0,30,2,1,1,1,1,1,1,1,1,1,2,11,7,5,2020,1.0,0.0,0.0,0.0,1.0,0,0,1,0,1,1,1
19320,CHICAGO,IL,60609,26.0,0.0,0.0,0.0,1,1,358,2010.0,4,1,1,4.0,30,2,1,1,1,1,1,1,1,1,1,2,11,7,5,2020,1.0,0.0,0.0,0.0,1.0,0,0,1,0,1,1,1
19404,CHICAGO,IL,60620,31.0,0.0,0.0,0.0,1,20,169,2012.0,1,2,7,12.0,30,1,1,3,1,7,2,1,1,0,1,2,13,1,5,2020,0.0,1.0,0.0,0.0,0.0,0,0,1,1,1,1,0
19405,CHICAGO,IL,60620,31.0,0.0,0.0,0.0,1,2,9,2017.0,2,4,3,3.0,30,1,1,3,1,7,2,1,1,0,1,2,13,1,5,2020,0.0,1.0,0.0,0.0,0.0,0,0,1,1,1,1,0
19606,CHICAGO,IL,60612,34.0,0.0,2.0,0.0,1,10,26,2012.0,1,2,1,6.0,30,0,0,2,1,1,0,1,2,0,2,2,13,7,4,2020,1.0,0.0,0.0,0.0,0.0,0,0,1,1,1,1,1
19756,CHICAGO,IL,60622,58.0,0.0,2.0,0.0,1,29,179,2012.0,1,1,2,6.0,30,2,1,2,1,2,4,1,2,0,2,2,17,7,4,2020,0.0,1.0,0.0,0.0,0.0,0,0,1,0,1,1,1
19771,CHICAGO,IL,60651,35.0,0.0,0.0,0.0,1,11,186,2008.0,1,4,1,7.0,35,2,1,2,4,2,4,1,2,0,3,2,18,7,4,2020,0.0,1.0,0.0,0.0,0.0,0,1,0,1,1,1,1
19788,RICHTON_PARK,IL,60471,63.0,0.0,4.0,0.0,1,1,14,2006.0,1,3,1,1.0,30,1,1,2,1,3,0,1,2,0,1,2,15,7,4,2020,0.0,1.0,0.0,0.0,0.0,0,0,1,1,1,0,0