index,CITY,STATE,ZIPCODE,AGE,EJECTION,DRIVER_ACTION,BAC_RESULT,UNIT_TYPE,MAKE,MODEL,VEHICLE_YEAR,VEHICLE_TYPE,TRAVEL_DIRECTION,MANEUVER,FIRST_CONTACT_POINT,POSTED_SPEED_LIMIT,TRAFFIC_CONTROL_DEVICE,DEVICE_CONDITION,WEATHER_CONDITION,LIGHTING_CONDITION,FIRST_CRASH_TYPE,TRAFFICWAY_TYPE,ALIGNMENT,ROADWAY_SURFACE_COND,ROAD_DEFECT,STREET_DIRECTION,NUM_UNITS,CRASH_HOUR,CRASH_DAY_OF_WEEK,CRASH_MONTH,CRASH_YEAR,FATAL_INBOTH,FATAL_CARPPL,FATAL_OTHPPL,FATAL_INAUTO,FATAL_DEGREE,DAMAGE_500_OR_LESS,DAMAGE_501_1500,DAMAGE_OVER_1500,SEX,INTERSECTION_RELATED,HIT_AND_RUN,REPORTYPE
19789,RICHTON_PARK,IL,60471,63.0,0.0,4.0,0.0,1,1,6,2006.0,1,3,3,2.0,30,1,1,2,1,3,0,1,2,0,1,2,15,7,4,2020,0.0,1.0,0.0,0.0,0.0,0,0,1,1,1,0,0
19790,CHICAGO,IL,60615,32.0,0.0,0.0,0.0,1,1,14,2006.0,1,3,1,1.0,30,1,1,2,1,3,0,1,2,0,1,2,15,7,4,2020,0.0,1.0,0.0,0.0,0.0,0,0,1,1,1,0,0
19791,CHICAGO,IL,60615,32.0,0.0,0.0,0.0,1,1,6,2006.0,1,3,3,2.0,30,1,1,2,1,3,0,1,2,0,1,2,15,7,4,2020,0.0,1.0,0.0,0.0,0.0,0,0,1,1,1,0,0
19883,CHICAGO,IL,60625,34.0,0.0,0.0,0.0,1,4,1,2007.0,1,1,4,3.0,30,1,1,1,2,2,1,1,2,0,3,2,23,7,4,2020,1.0,0.0,0.0,0.0,0.0,0,0,1,1,1,1,1
19884,CHICAGO,IL,60625,34.0,0.0,0.0,0.0,1,3,1,2016.0,2,3,3,12.0,30,1,1,1,2,2,1,1,2,0,3,2,23,7,4,2020,1.0,0.0,0.0,0.0,0.0,0,0,1,1,1,1,1
19905,CHICAGO,IL,60624,22.0,0.0,0.0,0.0,1,1,43,2002.0,2,4,1,7.0,30,1,1,1,2,1,1,1,1,0,2,2,22,7,4,2020,0.0,1.0,0.0,0.0,0.0,0,0,1,1,1,1,0
19927,CHICAGO,IL,60623,26.0,0.0,2.0,0.0,1,1,14,2015.0,-1,4,1,1.0,30,0,0,2,2,5,2,1,2,0,2,2,20,7,4,2020,1.0,0.0,0.0,0.0,3.0,0,1,0,1,0,1,0
19929,UNKNOWN,IL,0,38.0,-1.0,12.0,0.0,1,1,14,2015.0,-1,4,1,1.0,30,0,0,2,2,5,2,1,2,0,2,2,20,7,4,2020,0.0,0.0,0.0,0.0,3.0,0,1,0,1,0,1,0
20005,CHICAGO,IL,60623,21.0,0.0,0.0,0.0,1,8,15,2012.0,1,1,9,0.0,20,2,1,1,1,1,1,1,1,0,2,2,13,5,5,2020,0.0,1.0,0.0,0.0,0.0,0,1,0,1,1,1,0
20210,MILWAUKEE,WI,53207,45.0,0.0,4.0,0.0,1,3,127,2010.0,1,1,1,1.0,30,1,1,1,1,3,2,1,1,-1,1,2,16,2,4,2020,1.0,0.0,0.0,0.0,3.0,0,0,1,1,1,1,0
20211,MILWAUKEE,WI,53207,45.0,0.0,4.0,0.0,1,3,127,2010.0,1,1,1,1.0,30,1,1,1,1,3,2,1,1,-1,1,2,16,2,4,2020,1.0,0.0,0.0,0.0,3.0,0,0,1,1,1,1,0
20212,MILWAUKEE,WI,53207,45.0,0.0,4.0,0.0,1,2,121,2016.0,1,1,1,2.0,30,1,1,1,1,3,2,1,1,-1,1,2,16,2,4,2020,1.0,0.0,0.0,0.0,3.0,0,0,1,1,1,1,0
20213,MILWAUKEE,WI,53207,45.0,0.0,4.0,0.0,1,2,121,2016.0,1,1,1,2.0,30,1,1,1,1,3,2,1,1,-1,1,2,16,2,4,2020,1.0,0.0,0.0,0.0,3.0,0,0,1,1,1,1,0
20214,CHICAGO,IL,60617,38.0,0.0,4.0,0.0,1,3,127,2010.0,1,1,1,1.0,30,1,1,1,1,3,2,1,1,-1,1,2,16,2,4,2020,1.0,0.0,0.0,0.0,3.0,0,0,1,1,1,1,0
20215,CHICAGO,IL,60617,38.0,0.0,4.0,0.0,1,3,127,2010.0,1,1,1,1.0,30,1,1,1,1,3,2,1,1,-1,1,2,16,2,4,2020,1.0,0.0,0.0,0.0,3.0,0,0,1,1,1,1,0
20216,CHICAGO,IL,60617,38.0,0.0,4.0,0.0,1,2,121,2016.0,1,1,1,2.0,30,1,1,1,1,3,2,1,1,-1,1,2,16,2,4,2020,1.0,0.0,0.0,0.0,3.0,0,0,1,1,1,1,0
20217,CHICAGO,IL,60617,38.0,0.0,4.0,0.0,1,2,121,2016.0,1,1,1,2.0,30,1,1,1,1,3,2,1,1,-1,1,2,16,2,4,2020,1.0,0.0,0.0,0.0,3.0,0,0,1,1,1,1,0
20218,CHICAGO,IL,60636,57.0,0.0,0.0,0.0,1,3,127,2010.0,1,1,1,1.0,30,1,1,1,1,3,2,1,1,-1,1,2,16,2,4,2020,1.0,0.0,0.0,0.0,3.0,0,0,1,0,1,1,0
20219,CHICAGO,IL,60636,57.0,0.0,0.0,0.0,1,3,127,2010.0,1,1,1,1.0,30,1,1,1,1,3,2,1,1,-1,1,2,16,2,4,2020,1.0,0.0,0.0,0.0,3.0,0,0,1,0,1,1,0
20220,CHICAGO,IL,60636,57.0,0.0,0.0,0.0,1,2,121,2016.0,1,1,1,2.0,30,1,1,1,1,3,2,1,1,-1,1,2,16,2,4,2020,1.0,0.0,0.0,0.0,3.0,0,0,1,0,1,1,0
20221,CHICAGO,IL,60636,57.0,0.0,0.0,0.0,1,2,121,2016.0,1,1,1,2.0,30,1,1,1,1,3,2,1,1,-1,1,2,16,2,4,2020,1.0,0.0,0.0,0.0,3.0,0,0,1,0,1,1,0
20222,CHICAGO,IL,60636,57.0,0.0,0.0,0.0,1,3,127,2010.0,1,1,1,1.0,30,1,1,1,1,3,2,1,1,-1,1,2,16,2,4,2020,1.0,0.0,0.0,0.0,3.0,0,0,1,0,1,1,0
20223,CHICAGO,IL,60636,57.0,0.0,0.0,0.0,1,3,127,2010.0,1,1,1,1.0,30,1,1,1,1,3,2,1,1,-1,1,2,16,2,4,2020,1.0,0.0,0.0,0.0,3.0,0,0,1,0,1,1,0
20224,CHICAGO,IL,60636,57.0,0.0,0.0,0.0,1,2,121,2016.0,1,1,1,2.0,30,1,1,1,1,3,2,1,1,-1,1,2,16,2,4,2020,1.0,0.0,0.0,0.0,3.0,0,0,1,0,1,1,0
20225,CHICAGO,IL,60636,57.0,0.0,0.0,0.0,1,2,121,2016.0,1,1,1,2.0,30,1,1,1,1,3,2,1,1,-1,1,2,16,2,4,2020,1.0,0.0,0.0,0.0,3.0,0,0,1,0,1,1,0
20277,BURBANK,IL,60459,18.0,0.0,5.0,0.0,1,7,25,2007.0,2,1,4,7.0,30,0,0,1,1,2,8,1,1,0,1,2,19,2,5,2020,0.0,1.0,0.0,0.0,0.0,0,0,1,1,1,0,0
20278,BURBANK,IL,60459,18.0,0.0,5.0,0.0,1,3,3,2008.0,1,2,1,4.0,30,0,0,1,1,2,8,1,1,0,1,2,19,2,5,2020,0.0,1.0,0.0,0.0,0.0,0,0,1,1,1,0,0
20279,HICKORY_HILLS,IL,60457,71.0,0.0,0.0,0.0,1,7,25,2007.0,2,1,4,7.0,30,0,0,1,1,2,8,1,1,0,1,2,19,2,5,2020,0.0,1.0,0.0,0.0,0.0,0,0,1,0,1,0,0
20280,HICKORY_HILLS,IL,60457,71.0,0.0,0.0,0.0,1,3,3,2008.0,1,2,1,4.0,30,0,0,1,1,2,8,1,1,0,1,2,19,2,5,2020,0.0,1.0,0.0,0.0,0.0,0,0,1,0,1,0,0
20281,CHICAGO,IL,60652,21.0,0.0,0.0,0.0,1,3,28,2010.0,1,4,1,3.0,30,1,1,1,2,1,1,1,1,0,2,6,22,2,5,2020,1.0,0.0,0.0,0.0,1.0,0,0,1,0,1,1,1
20282,CHICAGO,IL,60652,21.0,0.0,0.0,0.0,1,9,42,2010.0,1,2,1,2.0,30,1,1,1,2,1,1,1,1,0,2,6,22,2,5,2020,1.0,0.0,0.0,0.0,1.0,0,0,1,0,1,1,1
20283,CHICAGO,IL,60652,21.0,0.0,0.0,0.0,1,9,17,2010.0,1,4,1,1.0,30,1,1,1,2,1,1,1,1,0,2,6,22,2,5,2020,1.0,0.0,0.0,0.0,1.0,0,0,1,0,1,1,1
20284,CHICAGO,IL,60652,21.0,0.0,0.0,0.0,1,10,30,2010.0,3,4,1,3.0,30,1,1,1,2,1,1,1,1,0,2,6,22,2,5,2020,1.0,0.0,0.0,0.0,1.0,0,0,1,0,1,1,1
20285,CHICAGO,IL,60652,21.0,0.0,0.0,0.0,1,22,66,2010.0,1,4,4,3.0,30,1,1,1,2,1,1,1,1,0,2,6,22,2,5,2020,1.0,0.0,0.0,0.0,1.0,0,0,1,0,1,1,1
20286,CHICAGO,IL,60652,21.0,0.0,0.0,0.0,1,2,8,2014.0,1,1,1,1.0,30,1,1,1,2,1,1,1,1,0,2,6,22,2,5,2020,1.0,0.0,0.0,0.0,1.0,0,0,1,0,1,1,1
20287,CHICAGO,IL,60620,27.0,0.0,0.0,0.0,1,3,28,2010.0,1,4,1,3.0,30,1,1,1,2,1,1,1,1,0,2,6,22,2,5,2020,1.0,0.0,0.0,0.0,1.0,0,0,1,0,1,1,1
20288,CHICAGO,IL,60620,27.0,0.0,0.0,0.0,1,9,42,2010.0,1,2,1,2.0,30,1,1,1,2,1,1,1,1,0,2,6,22,2,5,2020,1.0,0.0,0.0,0.0,1.0,0,0,1,0,1,1,1
20289,CHICAGO,IL,60620,27.0,0.0,0.0,0.0,1,9,17,2010.0,1,4,1,1.0,30,1,1,1,2,1,1,1,1,0,2,6,22,2,5,2020,1.0,0.0,0.0,0.0,1.0,0,0,1,0,1,1,1
20290,CHICAGO,IL,60620,27.0,0.0,0.0,0.0,1,10,30,2010.0,3,4,1,3.0,30,1,1,1,2,1,1,1,1,0,2,6,22,2,5,2020,1.0,0.0,0.0,0.0,1.0,0,0,1,0,1,1,1
20291,CHICAGO,IL,60620,27.0,0.0,0.0,0.0,1,22,66,2010.0,1,4,4,3.0,30,1,1,1,2,1,1,1,1,0,2,6,22,2,5,2020,1.0,0.0,0.0,0.0,1.0,0,0,1,0,1,1,1
20292,CHICAGO,IL,60620,27.0,0.0,0.0,0.0,1,2,8,2014.0,1,1,1,1.0,30,1,1,1,2,1,1,1,1,0,2,6,22,2,5,2020,1.0,0.0,0.0,0.0,1.0,0,0,1,0,1,1,1
20293,CALUMET,IL,60409,39.0,0.0,0.0,0.0,1,3,28,2010.0,1,4,1,3.0,30,1,1,1,2,1,1,1,1,0,2,6,22,2,5,2020,1.0,0.0,0.0,0.0,1.0,0,0,1,1,1,1,1
20294,CALUMET,IL,60409,39.0,0.0,0.0,0.0,1,9,42,2010.0,1,2,1,2.0,30,1,1,1,2,1,1,1,1,0,2,6,22,2,5,2020,1.0,0.0,0.0,0.0,1.0,0,0,1,1,1,1,1
20295,CALUMET,IL,60409,39.0,0.0,0.0,0.0,1,9,17,2010.0,1,4,1,1.0,30,1,1,1,2,1,1,1,1,0,2,6,22,2,5,2020,1.0,0.0,0.0,0.0,1.0,0,0,1,1,1,1,1
20296,CALUMET,IL,60409,39.0,0.0,0.0,0.0,1,10,30,2010.0,3,4,1,3.0,30,1,1,1,2,1,1,1,1,0,2,6,22,2,5,2020,1.0,0.0,0.0,0.0,1.0,0,0,1,1,1,1,1
20297,CALUMET,IL,60409,39.0,0.0,0.0,0.0,1,22,66,2010.0,1,4,4,3.0,30,1,1,1,2,1,1,1,1,0,2,6,22,2,5,2020,1.0,0.0,0.0,0.0,1.0,0,0,1,1,1,1,1
20298,CALUMET,IL,60409,39.0,0.0,0.0,0.0,1,2,8,2014.0,1,1,1,1.0,30,1,1,1,2,1,1,1,1,0,2,6,22,2,5,2020,1.0,0.0,0.0,0.0,1.0,0,0,1,1,1,1,1
20299,EVERGREEN_PARK,IL,60805,62.0,0.0,0.0,0.0,1,3,28,2010.0,1,4,1,3.0,30,1,1,1,2,1,1,1,1,0,2,6,22,2,5,2020,1.0,0.0,0.0,0.0,1.0,0,0,1,1,1,1,1
20300,EVERGREEN_PARK,IL,60805,62.0,0.0,0.0,0.0,1,9,42,2010.0,1,2,1,2.0,30,1,1,1,2,1,1,1,1,0,2,6,22,2,5,2020,1.0,0.0,0.0,0.0,1.0,0,0,1,1,1,1,1
20301,EVERGREEN_PARK,IL,60805,62.0,0.0,0.0,0.0,1,9,17,2010.0,1,4,1,1.0,30,1,1,1,2,1,1,1,1,0,2,6,22,2,5,2020,1.0,0.0,0.0,0.0,1.0,0,0,1,1,1,1,1
20302,EVERGREEN_PARK,IL,60805,62.0,0.0,0.0,0.0,1,10,30,2010.0,3,4,1,3.0,30,1,1,1,2,1,1,1,1,0,2,6,22,2,5,2020,1.0,0.0,0.0,0.0,1.0,0,0,1,1,1,1,1
20303,EVERGREEN_PARK,IL,60805,62.0,0.0,0.0,0.0,1,22,66,2010.0,1,4,4,3.0,30,1,1,1,2,1,1,1,1,0,2,6,22,2,5,2020,1.0,0.0,0.0,0.0,1.0,0,0,1,1,1,1,1
20304,EVERGREEN_PARK,IL,60805,62.0,0.0,0.0,0.0,1,2,8,2014.0,1,1,1,1.0,30,1,1,1,2,1,1,1,1,0,2,6,22,2,5,2020,1.0,0.0,0.0,0.0,1.0,0,0,1,1,1,1,1
20305,CHICAGO,IL,60620,26.0,-1.0,0.0,0.0,1,3,28,2010.0,1,4,1,3.0,30,1,1,1,2,1,1,1,1,0,2,6,22,2,5,2020,1.0,0.0,0.0,0.0,1.0,0,0,1,0,1,1,1
20306,CHICAGO,IL,60620,26.0,-1.0,0.0,0.0,1,9,42,2010.0,1,2,1,2.0,30,1,1,1,2,1,1,1,1,0,2,6,22,2,5,2020,1.0,0.0,0.0,0.0,1.0,0,0,1,0,1,1,1
20307,CHICAGO,IL,60620,26.0,-1.0,0.0,0.0,1,9,17,2010.0,1,4,1,1.0,30,1,1,1,2,1,1,1,1,0,2,6,22,2,5,2020,1.0,0.0,0.0,0.0,1.0,0,0,1,0,1,1,1
20308,CHICAGO,IL,60620,26.0,-1.0,0.0,0.0,1,10,30,2010.0,3,4,1,3.0,30,1,1,1,2,1,1,1,1,0,2,6,22,2,5,2020,1.0,0.0,0.0,0.0,1.0,0,0,1,0,1,1,1
20309,CHICAGO,IL,60620,26.0,-1.0,0.0,0.0,1,22,66,2010.0,1,4,4,3.0,30,1,1,1,2,1,1,1,1,0,2,6,22,2,5,2020,1.0,0.0,0.0,0.0,1.0,0,0,1,0,1,1,1
20310,CHICAGO,IL,60620,26.0,-1.0,0.0,0.0,1,2,8,2014.0,1,1,1,1.0,30,1,1,1,2,1,1,1,1,0,2,6,22,2,5,2020,1.0,0.0,0.0,0.0,1.0,0,0,1,0,1,1,1
20311,ROCKFORD,IL,61103,23.0,-1.0,3.0,0.0,1,3,28,2010.0,1,4,1,3.0,30,1,1,1,2,1,1,1,1,0,2,6,22,2,5,2020,1.0,0.0,0.0,0.0,1.0,0,0,1,1,1,1,1
20312,ROCKFORD,IL,61103,23.0,-1.0,3.0,0.0,1,9,42,2010.0,1,2,1,2.0,30,1,1,1,2,1,1,1,1,0,2,6,22,2,5,2020,1.0,0.0,0.0,0.0,1.0,0,0,1,1,1,1,1
20313,ROCKFORD,IL,61103,23.0,-1.0,3.0,0.0,1,9,17,2010.0,1,4,1,1.0,30,1,1,1,2,1,1,1,1,0,2,6,22,2,5,2020,1.0,0.0,0.0,0.0,1.0,0,0,1,1,1,1,1
20314,ROCKFORD,IL,61103,23.0,-1.0,3.0,0.0,1,10,30,2010.0,3,4,1,3.0,30,1,1,1,2,1,1,1,1,0,2,6,22,2,5,2020,1.0,0.0,0.0,0.0,1.0,0,0,1,1,1,1,1
20315,ROCKFORD,IL,61103,23.0,-1.0,3.0,0.0,1,22,66,2010.0,1,4,4,3.0,30,1,1,1,2,1,1,1,1,0,2,6,22,2,5,2020,1.0,0.0,0.0,0.0,1.0,0,0,1,1,1,1,1
20316,ROCKFORD,IL,61103,23.0,-1.0,3.0,0.0,1,2,8,2014.0,1,1,1,1.0,30,1,1,1,2,1,1,1,1,0,2,6,22,2,5,2020,1.0,0.0,0.0,0.0,1.0,0,0,1,1,1,1,1
20607,CHICAGO,IL,60619,36.9,0.0,2.0,0.0,1,7,48,2011.0,2,5,2,1.0,30,1,1,1,1,5,1,1,1,0,2,2,17,1,4,2020,1.0,0.0,0.0,0.0,2.0,1,0,0,1,1,1,1
20609,CHICAGO,IL,60608,22.0,-1.0,0.0,2.0,1,7,48,2011.0,2,5,2,1.0,30,1,1,1,1,5,1,1,1,0,2,2,17,1,4,2020,0.0,0.0,0.0,0.0,2.0,1,0,0,0,1,1,1
20686,CHICAGO,IL,60651,38.0,0.0,1.0,0.0,1,6,21,2014.0,1,2,1,1.0,30,0,0,1,2,1,1,1,1,0,1,2,20,1,4,2020,1.0,0.0,0.0,0.0,3.0,0,0,1,1,1,1,1
20687,CHICAGO,IL,60651,38.0,0.0,1.0,0.0,1,8,34,2007.0,1,3,1,-1.0,30,0,0,1,2,1,1,1,1,0,1,2,20,1,4,2020,1.0,0.0,0.0,0.0,3.0,0,0,1,1,1,1,1
20688,CHICAGO,IL,60620,24.0,0.0,-1.0,0.0,1,6,21,2014.0,1,2,1,1.0,30,0,0,1,2,1,1,1,1,0,1,2,20,1,4,2020,1.0,0.0,0.0,0.0,3.0,0,0,1,0,1,1,1
20689,CHICAGO,IL,60620,24.0,0.0,-1.0,0.0,1,8,34,2007.0,1,3,1,-1.0,30,0,0,1,2,1,1,1,1,0,1,2,20,1,4,2020,1.0,0.0,0.0,0.0,3.0,0,0,1,0,1,1,1
21043,UNKNOWN,XX,0,36.9,0.0,-1.0,0.0,1,2,31,2001.0,4,2,1,1.0,30,2,1,1,1,3,1,1,1,0,2,3,16,3,5,2020,1.0,0.0,0.0,0.0,2.0,0,0,1,1,1,1,1
21044,UNKNOWN,XX,0,36.9,0.0,-1.0,0.0,1,5,13,2000.0,1,2,3,2.0,30,2,1,1,1,3,1,1,1,0,2,3,16,3,5,2020,1.0,0.0,0.0,0.0,2.0,0,0,1,1,1,1,1
21045,UNKNOWN,XX,0,36.9,0.0,-1.0,0.0,1,4,18,2020.0,2,2,3,2.0,30,2,1,1,1,3,1,1,1,0,2,3,16,3,5,2020,1.0,0.0,0.0,0.0,2.0,0,0,1,1,1,1,1
21046,BERWYN,IL,60402,47.0,0.0,0.0,0.0,1,2,31,2001.0,4,2,1,1.0,30,2,1,1,1,3,1,1,1,0,2,3,16,3,5,2020,1.0,0.0,0.0,0.0,2.0,0,0,1,1,1,1,1
21047,BERWYN,IL,60402,47.0,0.0,0.0,0.0,1,5,13,2000.0,1,2,3,2.0,30,2,1,1,1,3,1,1,1,0,2,3,16,3,5,2020,1.0,0.0,0.0,0.0,2.0,0,0,1,1,1,1,1
21048,BERWYN,IL,60402,47.0,0.0,0.0,0.0,1,4,18,2020.0,2,2,3,2.0,30,2,1,1,1,3,1,1,1,0,2,3,16,3,5,2020,1.0,0.0,0.0,0.0,2.0,0,0,1,1,1,1,1
21049,CHICAGO,IL,60641,37.0,0.0,0.0,0.0,1,2,31,2001.0,4,2,1,1.0,30,2,1,1,1,3,1,1,1,0,2,3,16,3,5,2020,1.0,0.0,0.0,0.0,2.0,0,0,1,1,1,1,1
21050,CHICAGO,IL,60641,37.0,0.0,0.0,0.0,1,5,13,2000.0,1,2,3,2.0,30,2,1,1,1,3,1,1,1,0,2,3,16,3,5,2020,1.0,0.0,0.0,0.0,2.0,0,0,1,1,1,1,1
21051,CHICAGO,IL,60641,37.0,0.0,0.0,0.0,1,4,18,2020.0,2,2,3,2.0,30,2,1,1,1,3,1,1,1,0,2,3,16,3,5,2020,1.0,0.0,0.0,0.0,2.0,0,0,1,1,1,1,1
21098,PALM_HARBOR,FL,34684,18.0,0.0,3.0,2.0,1,18,91,2016.0,1,1,1,1.0,30,1,1,1,2,3,0,1,1,0,3,3,0,3,5,2020,1.0,0.0,0.0,0.0,2.0,0,0,1,0,1,1,1
21099,PALM_HARBOR,FL,34684,18.0,0.0,3.0,2.0,1,8,16,2016.0,1,1,7,2.0,30,1,1,1,2,3,0,1,1,0,3,3,0,3,5,2020,1.0,0.0,0.0,0.0,2.0,0,0,1,0,1,1,1
21100,PALM_HARBOR,FL,34684,18.0,0.0,3.0,2.0,1,8,1,2007.0,1,1,7,2.0,30,1,1,1,2,3,0,1,1,0,3,3,0,3,5,2020,1.0,0.0,0.0,0.0,2.0,0,0,1,0,1,1,1
21101,CHICAGO,IL,60612,49.0,0.0,0.0,0.0,1,18,91,2016.0,1,1,1,1.0,30,1,1,1,2,3,0,1,1,0,3,3,0,3,5,2020,1.0,0.0,0.0,0.0,2.0,0,0,1,1,1,1,1
21102,CHICAGO,IL,60612,49.0,0.0,0.0,0.0,1,8,16,2016.0,1,1,7,2.0,30,1,1,1,2,3,0,1,1,0,3,3,0,3,5,2020,1.0,0.0,0.0,0.0,2.0,0,0,1,1,1,1,1
21103,CHICAGO,IL,60612,49.0,0.0,0.0,0.0,1,8,1,2007.0,1,1,7,2.0,30,1,1,1,2,3,0,1,1,0,3,3,0,3,5,2020,1.0,0.0,0.0,0.0,2.0,0,0,1,1,1,1,1
21104,CHICAGO,IL,60632,29.0,0.0,1.0,0.0,1,18,91,2016.0,1,1,1,1.0,30,1,1,1,2,3,0,1,1,0,3,3,0,3,5,2020,1.0,0.0,0.0,0.0,2.0,0,0,1,1,1,1,1
21105,CHICAGO,IL,60632,29.0,0.0,1.0,0.0,1,8,16,2016.0,1,1,7,2.0,30,1,1,1,2,3,0,1,1,0,3,3,0,3,5,2020,1.0,0.0,0.0,0.0,2.0,0,0,1,1,1,1,1
21106,CHICAGO,IL,60632,29.0,0.0,1.0,0.0,1,8,1,2007.0,1,1,7,2.0,30,1,1,1,2,3,0,1,1,0,3,3,0,3,5,2020,1.0,0.0,0.0,0.0,2.0,0,0,1,1,1,1,1
21153,CHICAGO,IL,60621,50.0,0.0,1.0,0.0,1,4,29,2018.0,1,2,3,2.0,30,1,1,1,1,3,0,1,1,0,4,2,9,2,4,2020,0.0,1.0,0.0,0.0,0.0,0,1,0,1,1,0,1
21274,CHICAGO,IL,60619,50.0,0.0,0.0,0.0,1,1,14,2009.0,2,4,1,2.0,35,1,1,1,1,3,0,1,1,0,2,2,16,2,4,2020,0.0,1.0,0.0,0.0,0.0,0,0,1,1,1,1,0
21420,CHICAGO,IL,60636,19.0,0.0,0.0,0.0,1,8,55,2010.0,1,2,1,1.0,30,3,2,2,2,1,5,1,2,4,2,2,21,2,4,2020,1.0,0.0,0.0,0.0,0.0,0,0,1,0,1,1,1
21452,CHICAGO,IL,60620,53.0,0.0,0.0,0.0,1,7,25,2008.0,2,1,3,10.0,30,1,1,2,2,3,0,1,2,0,1,2,21,2,4,2020,1.0,0.0,0.0,0.0,0.0,0,0,1,1,1,1,1
21593,UNKNOWN,XX,0,38.0,-1.0,2.0,0.0,2,14,184,2020.0,2,4,5,3.0,30,1,1,3,2,2,1,1,2,-1,2,4,19,3,4,2020,1.0,0.0,0.0,0.0,3.0,0,0,1,1,1,1,1
21594,UNKNOWN,XX,0,38.0,-1.0,2.0,0.0,2,10,26,2013.0,1,4,5,1.0,30,1,1,3,2,2,1,1,2,-1,2,4,19,3,4,2020,1.0,0.0,0.0,0.0,3.0,0,0,1,1,1,1,1
21595,UNKNOWN,XX,0,38.0,-1.0,2.0,0.0,1,4,5,2019.0,1,6,4,3.0,30,1,1,3,2,2,1,1,2,-1,2,4,19,3,4,2020,1.0,0.0,0.0,0.0,3.0,0,0,1,1,1,1,1
21596,UNKNOWN,XX,0,38.0,-1.0,2.0,0.0,1,17,52,2004.0,1,2,1,4.0,30,1,1,3,2,2,1,1,2,-1,2,4,19,3,4,2020,1.0,0.0,0.0,0.0,3.0,0,0,1,1,1,1,1
21597,INDIANAPOLIS,IN,46201,40.0,0.0,-1.0,0.0,2,14,184,2020.0,2,4,5,3.0,30,1,1,3,2,2,1,1,2,-1,2,4,19,3,4,2020,1.0,0.0,0.0,0.0,3.0,0,0,1,1,1,1,1
21598,INDIANAPOLIS,IN,46201,40.0,0.0,-1.0,0.0,2,10,26,2013.0,1,4,5,1.0,30,1,1,3,2,2,1,1,2,-1,2,4,19,3,4,2020,1.0,0.0,0.0,0.0,3.0,0,0,1,1,1,1,1
21599,INDIANAPOLIS,IN,46201,40.0,0.0,-1.0,0.0,1,4,5,2019.0,1,6,4,3.0,30,1,1,3,2,2,1,1,2,-1,2,4,19,3,4,2020,1.0,0.0,0.0,0.0,3.0,0,0,1,1,1,1,1
21600,INDIANAPOLIS,IN,46201,40.0,0.0,-1.0,0.0,1,17,52,2004.0,1,2,1,4.0,30,1,1,3,2,2,1,1,2,-1,2,4,19,3,4,2020,1.0,0.0,0.0,0.0,3.0,0,0,1,1,1,1,1
21619,UNKNOWN,XX,0,38.0,0.0,-1.0,0.0,1,6,44,2010.0,1,1,1,1.0,30,0,-1,1,2,3,2,1,1,0,3,2,1,4,5,2020,1.0,0.0,0.0,0.0,3.0,0,0,1,0,1,1,1
21620,UNKNOWN,XX,0,38.0,0.0,-1.0,0.0,1,6,56,2003.0,1,1,1,2.0,30,0,-1,1,2,3,2,1,1,0,3,2,1,4,5,2020,1.0,0.0,0.0,0.0,3.0,0,0,1,0,1,1,1
21621,NORTHLAKE,IL,60164,23.0,3.0,-1.0,0.0,1,6,44,2010.0,1,1,1,1.0,30,0,-1,1,2,3,2,1,1,0,3,2,1,4,5,2020,1.0,0.0,0.0,0.0,3.0,0,0,1,1,1,1,1
21622,NORTHLAKE,IL,60164,23.0,3.0,-1.0,0.0,1,6,56,2003.0,1,1,1,2.0,30,0,-1,1,2,3,2,1,1,0,3,2,1,4,5,2020,1.0,0.0,0.0,0.0,3.0,0,0,1,1,1,1,1
22001,SARASOTA,FL,34234,27.0,0.0,0.0,0.0,1,26,60,2011.0,10,3,1,2.0,30,1,1,1,1,3,6,1,1,0,1,2,15,3,4,2020,0.0,1.0,0.0,0.0,0.0,0,0,1,1,1,0,1
22031,CHICAGO,IL,60623,25.0,0.0,2.0,0.0,1,19,347,2001.0,1,8,1,1.0,30,0,0,1,1,6,11,1,1,0,1,2,15,3,4,2020,1.0,0.0,0.0,0.0,3.0,0,0,1,1,0,0,1
22032,CHICAGO,IL,60623,25.0,0.0,2.0,0.0,1,2,9,2010.0,2,1,1,4.0,30,0,0,1,1,6,11,1,1,0,1,2,15,3,4,2020,1.0,0.0,0.0,0.0,3.0,0,0,1,1,0,0,1
22033,CHICAGO,IL,60623,25.0,0.0,0.0,0.0,1,19,347,2001.0,1,8,1,1.0,30,0,0,1,1,6,11,1,1,0,1,2,15,3,4,2020,1.0,0.0,0.0,0.0,3.0,0,0,1,1,0,0,1
22034,CHICAGO,IL,60623,25.0,0.0,0.0,0.0,1,2,9,2010.0,2,1,1,4.0,30,0,0,1,1,6,11,1,1,0,1,2,15,3,4,2020,1.0,0.0,0.0,0.0,3.0,0,0,1,1,0,0,1
22233,AURORA,IL,60504,32.0,0.0,0.0,0.0,1,9,37,2015.0,1,2,1,2.0,30,1,1,2,2,3,0,1,2,0,2,2,20,3,4,2020,0.0,1.0,0.0,0.0,0.0,1,0,0,1,1,0,1