index,CITY,STATE,ZIPCODE,AGE,EJECTION,DRIVER_ACTION,BAC_RESULT,UNIT_TYPE,MAKE,MODEL,VEHICLE_YEAR,VEHICLE_TYPE,TRAVEL_DIRECTION,MANEUVER,FIRST_CONTACT_POINT,POSTED_SPEED_LIMIT,TRAFFIC_CONTROL_DEVICE,DEVICE_CONDITION,WEATHER_CONDITION,LIGHTING_CONDITION,FIRST_CRASH_TYPE,TRAFFICWAY_TYPE,ALIGNMENT,ROADWAY_SURFACE_COND,ROAD_DEFECT,STREET_DIRECTION,NUM_UNITS,CRASH_HOUR,CRASH_DAY_OF_WEEK,CRASH_MONTH,CRASH_YEAR,FATAL_INBOTH,FATAL_CARPPL,FATAL_OTHPPL,FATAL_INAUTO,FATAL_DEGREE,DAMAGE_500_OR_LESS,DAMAGE_501_1500,DAMAGE_OVER_1500,SEX,INTERSECTION_RELATED,HIT_AND_RUN,REPORTYPE
22353,CHICAGO,IL,60644,33.0,0.0,1.0,0.0,1,15,136,2007.0,1,8,2,4.0,30,2,0,1,2,2,0,1,1,0,2,2,23,1,5,2020,0.0,1.0,0.0,0.0,0.0,0,0,1,0,1,0,0
22476,UNKNOWN,IL,0,38.0,0.0,3.0,0.0,1,28,45,2009.0,5,1,1,6.0,30,1,1,2,1,1,1,1,2,0,3,2,9,5,5,2020,1.0,0.0,0.0,0.0,3.0,0,0,1,0,1,1,1
22477,CHICAGO,IL,60680,42.0,0.0,0.0,0.0,1,8,1,2010.0,-1,2,1,1.0,30,1,1,2,1,1,1,1,2,0,3,2,9,5,5,2020,1.0,0.0,0.0,0.0,3.0,0,0,1,1,1,1,1
22478,CHICAGO,IL,60680,42.0,0.0,0.0,0.0,1,28,45,2009.0,5,1,1,6.0,30,1,1,2,1,1,1,1,2,0,3,2,9,5,5,2020,1.0,0.0,0.0,0.0,3.0,0,0,1,1,1,1,1
22695,CHICAGO,IL,60628,31.0,0.0,0.0,0.0,1,8,15,2016.0,1,3,1,9.0,30,2,1,2,1,1,1,1,2,0,3,2,9,4,4,2020,0.0,1.0,0.0,0.0,0.0,1,0,0,0,1,1,0
22745,CICERO,IL,60804,55.0,0.0,0.0,0.0,1,28,45,2008.0,5,4,1,3.0,30,1,1,2,1,2,1,1,2,0,2,2,11,4,4,2020,0.0,1.0,0.0,0.0,0.0,0,1,0,1,1,1,1
23212,CHICAGO,IL,60619,48.0,0.0,0.0,0.0,1,2,71,2009.0,2,1,1,5.0,30,1,1,2,4,1,0,1,2,-1,1,2,20,4,4,2020,0.0,1.0,0.0,0.0,0.0,0,0,1,0,1,1,0
23285,UNKNOWN,IL,0,36.9,0.0,6.0,0.0,1,-1,88,2011.0,-1,3,1,-1.0,35,1,1,2,2,4,2,1,2,0,1,2,1,6,5,2020,1.0,0.0,0.0,0.0,2.0,0,1,0,0,1,1,1
23286,UNKNOWN,IL,0,36.9,0.0,6.0,0.0,1,5,7,2004.0,1,3,1,8.0,35,1,1,2,2,4,2,1,2,0,1,2,1,6,5,2020,1.0,0.0,0.0,0.0,2.0,0,1,0,0,1,1,1
23287,SOUTH_HOLLAND,IL,60473,24.0,0.0,0.0,0.0,1,-1,88,2011.0,-1,3,1,-1.0,35,1,1,2,2,4,2,1,2,0,1,2,1,6,5,2020,1.0,0.0,0.0,0.0,2.0,0,1,0,1,1,1,1
23288,SOUTH_HOLLAND,IL,60473,24.0,0.0,0.0,0.0,1,5,7,2004.0,1,3,1,8.0,35,1,1,2,2,4,2,1,2,0,1,2,1,6,5,2020,1.0,0.0,0.0,0.0,2.0,0,1,0,1,1,1,1
23618,UNKNOWN,IL,0,36.9,0.0,6.0,0.0,1,4,11,2019.0,1,4,1,1.0,30,0,0,2,1,1,1,1,2,0,3,2,11,5,4,2020,1.0,0.0,0.0,0.0,2.0,0,0,1,1,1,1,0
23619,UNKNOWN,IL,0,36.9,0.0,6.0,0.0,1,19,152,2002.0,1,3,1,3.0,30,0,0,2,1,1,1,1,2,0,3,2,11,5,4,2020,1.0,0.0,0.0,0.0,2.0,0,0,1,1,1,1,0
23620,CHICAGO,IL,60629,43.0,0.0,0.0,0.0,1,4,11,2019.0,1,4,1,1.0,30,0,0,2,1,1,1,1,2,0,3,2,11,5,4,2020,1.0,0.0,0.0,0.0,2.0,0,0,1,1,1,1,0
23621,CHICAGO,IL,60629,43.0,0.0,0.0,0.0,1,19,152,2002.0,1,3,1,3.0,30,0,0,2,1,1,1,1,2,0,3,2,11,5,4,2020,1.0,0.0,0.0,0.0,2.0,0,0,1,1,1,1,0
23689,CHICAGO,IL,60645,48.0,0.0,0.0,0.0,1,32,343,2011.0,1,1,1,7.0,30,1,1,3,1,4,9,1,1,2,3,2,11,5,4,2020,0.0,1.0,0.0,0.0,0.0,0,1,0,1,1,1,0
23885,UNKNOWN,XX,0,38.0,0.0,3.0,0.0,1,-1,1,2010.0,1,3,1,1.0,35,1,1,1,5,1,1,1,1,0,3,2,20,5,4,2020,1.0,0.0,0.0,0.0,3.0,0,0,1,0,1,1,1
23886,UNKNOWN,XX,0,38.0,0.0,3.0,0.0,1,3,1,2018.0,1,4,1,4.0,35,1,1,1,5,1,1,1,1,0,3,2,20,5,4,2020,1.0,0.0,0.0,0.0,3.0,0,0,1,0,1,1,1
23887,CHICAGO,IL,60639,63.0,0.0,-1.0,0.0,1,-1,1,2010.0,1,3,1,1.0,35,1,1,1,5,1,1,1,1,0,3,2,20,5,4,2020,1.0,0.0,0.0,0.0,3.0,0,0,1,0,1,1,1
23888,CHICAGO,IL,60639,63.0,0.0,-1.0,0.0,1,3,1,2018.0,1,4,1,4.0,35,1,1,1,5,1,1,1,1,0,3,2,20,5,4,2020,1.0,0.0,0.0,0.0,3.0,0,0,1,0,1,1,1
23980,CHICAGO,IL,60617,35.0,0.0,0.0,0.0,1,2,68,2006.0,1,7,2,4.0,30,1,1,2,1,2,0,1,2,0,1,2,8,5,5,2020,0.0,1.0,0.0,0.0,0.0,0,0,1,0,1,1,0
23981,CHICAGO,IL,60617,35.0,0.0,0.0,0.0,1,1,58,2018.0,1,2,1,9.0,30,1,1,2,1,2,0,1,2,0,1,2,8,5,5,2020,0.0,1.0,0.0,0.0,0.0,0,0,1,0,1,1,0
24193,SOUTH_HOLLAND,IL,60473,40.0,0.0,3.0,0.0,1,1,6,2012.0,1,3,1,1.0,30,1,1,2,2,1,1,1,2,0,1,2,0,1,5,2020,1.0,0.0,0.0,0.0,1.0,0,0,1,1,1,0,1
24194,SOUTH_HOLLAND,IL,60473,40.0,0.0,3.0,0.0,1,4,5,2017.0,1,4,1,3.0,30,1,1,2,2,1,1,1,2,0,1,2,0,1,5,2020,1.0,0.0,0.0,0.0,1.0,0,0,1,1,1,0,1
24195,CHICAGO,IL,60612,29.0,0.0,0.0,0.0,1,1,6,2012.0,1,3,1,1.0,30,1,1,2,2,1,1,1,2,0,1,2,0,1,5,2020,1.0,0.0,0.0,0.0,1.0,0,0,1,1,1,0,1
24196,CHICAGO,IL,60612,29.0,0.0,0.0,0.0,1,4,5,2017.0,1,4,1,3.0,30,1,1,2,2,1,1,1,2,0,1,2,0,1,5,2020,1.0,0.0,0.0,0.0,1.0,0,0,1,1,1,0,1
24200,CHICAGO,IL,60639,29.0,0.0,0.0,0.0,1,4,50,2020.0,2,2,2,4.0,30,1,1,2,2,2,1,1,2,0,2,2,1,1,5,2020,1.0,0.0,0.0,0.0,0.0,0,0,1,0,1,1,1
24456,CHICAGO,IL,60649,40.0,0.0,0.0,0.0,1,6,92,2011.0,1,1,1,3.0,30,0,0,1,1,8,3,1,1,0,1,3,10,6,5,2020,1.0,0.0,0.0,0.0,0.0,0,0,1,0,1,1,1
24494,CHICAGO_HEIGHTS,IL,60411,41.0,0.0,0.0,0.0,1,1,4,2011.0,1,2,1,7.0,30,0,0,1,1,1,0,1,1,0,4,2,14,6,5,2020,0.0,1.0,0.0,0.0,0.0,0,0,1,1,1,1,0
24497,UNKNOWN,XX,0,38.0,0.0,2.0,0.0,1,6,21,2010.0,1,5,2,1.0,30,1,1,1,1,5,7,1,1,0,2,2,14,6,5,2020,1.0,0.0,0.0,0.0,3.0,0,0,1,1,1,1,1
24499,UNKNOWN,XX,0,47.0,-1.0,0.0,0.0,1,6,21,2010.0,1,5,2,1.0,30,1,1,1,1,5,7,1,1,0,2,2,14,6,5,2020,0.0,0.0,0.0,0.0,3.0,0,0,1,0,1,1,1
24706,CHICAGO,IL,60628,65.0,0.0,0.0,0.0,1,7,210,2020.0,4,4,1,5.0,30,2,1,1,1,1,1,1,1,0,1,2,15,6,5,2020,1.0,0.0,0.0,0.0,0.0,0,0,1,0,1,1,1
24707,CHICAGO,IL,60628,65.0,0.0,0.0,0.0,1,3,57,2017.0,1,1,1,4.0,30,2,1,1,1,1,1,1,1,0,1,2,15,6,5,2020,1.0,0.0,0.0,0.0,0.0,0,0,1,0,1,1,1
24717,CHICAGO,IL,60620,33.0,0.0,0.0,0.0,1,32,1,2007.0,1,2,3,2.0,30,1,1,3,1,3,2,1,1,0,1,2,18,6,5,2020,0.0,1.0,0.0,0.0,0.0,0,1,0,0,1,1,0
24772,CHICAGO,IL,60616,50.0,0.0,0.0,0.0,1,15,173,2017.0,1,2,8,4.0,30,1,1,1,1,4,0,1,1,0,2,2,17,6,5,2020,0.0,1.0,0.0,0.0,0.0,0,1,0,0,1,1,0
24880,CHICAGO,IL,60628,27.0,0.0,2.0,0.0,1,1,4,2003.0,1,2,2,9.0,30,1,1,1,1,2,1,1,1,0,2,2,18,6,5,2020,1.0,0.0,0.0,0.0,2.0,0,0,1,1,1,1,1
24881,CHICAGO,IL,60628,27.0,0.0,2.0,0.0,1,5,79,2011.0,6,4,1,1.0,30,1,1,1,1,2,1,1,1,0,2,2,18,6,5,2020,1.0,0.0,0.0,0.0,2.0,0,0,1,1,1,1,1
24882,HAMMOND,IN,46327,30.0,0.0,0.0,0.0,1,1,4,2003.0,1,2,2,9.0,30,1,1,1,1,2,1,1,1,0,2,2,18,6,5,2020,1.0,0.0,0.0,0.0,2.0,0,0,1,1,1,1,1
24883,HAMMOND,IN,46327,30.0,0.0,0.0,0.0,1,5,79,2011.0,6,4,1,1.0,30,1,1,1,1,2,1,1,1,0,2,2,18,6,5,2020,1.0,0.0,0.0,0.0,2.0,0,0,1,1,1,1,1
24885,UNKNOWN,XX,0,38.0,-1.0,7.0,0.0,1,1,77,2010.0,1,4,1,10.0,30,2,1,1,1,4,0,1,1,0,1,5,19,6,5,2020,1.0,0.0,0.0,0.0,3.0,0,0,1,0,1,1,1
24886,UNKNOWN,XX,0,38.0,-1.0,7.0,0.0,1,1,4,2017.0,1,4,1,2.0,30,2,1,1,1,4,0,1,1,0,1,5,19,6,5,2020,1.0,0.0,0.0,0.0,3.0,0,0,1,0,1,1,1
24887,UNKNOWN,XX,0,38.0,-1.0,7.0,0.0,1,13,36,2002.0,1,4,-1,2.0,30,2,1,1,1,4,0,1,1,0,1,5,19,6,5,2020,1.0,0.0,0.0,0.0,3.0,0,0,1,0,1,1,1
24888,UNKNOWN,XX,0,38.0,-1.0,7.0,0.0,1,2,1,2011.0,1,4,1,2.0,30,2,1,1,1,4,0,1,1,0,1,5,19,6,5,2020,1.0,0.0,0.0,0.0,3.0,0,0,1,0,1,1,1
24889,CHICAGO,IL,60628,27.0,-1.0,-1.0,0.0,1,-1,2,2010.0,-1,4,6,-1.0,30,2,1,1,1,4,0,1,1,0,1,5,19,6,5,2020,1.0,0.0,0.0,0.0,3.0,0,0,1,0,1,1,1
24890,CHICAGO,IL,60628,27.0,-1.0,-1.0,0.0,1,1,77,2010.0,1,4,1,10.0,30,2,1,1,1,4,0,1,1,0,1,5,19,6,5,2020,1.0,0.0,0.0,0.0,3.0,0,0,1,0,1,1,1
24891,CHICAGO,IL,60628,27.0,-1.0,-1.0,0.0,1,1,4,2017.0,1,4,1,2.0,30,2,1,1,1,4,0,1,1,0,1,5,19,6,5,2020,1.0,0.0,0.0,0.0,3.0,0,0,1,0,1,1,1
24892,CHICAGO,IL,60628,27.0,-1.0,-1.0,0.0,1,13,36,2002.0,1,4,-1,2.0,30,2,1,1,1,4,0,1,1,0,1,5,19,6,5,2020,1.0,0.0,0.0,0.0,3.0,0,0,1,0,1,1,1
24893,CHICAGO,IL,60628,27.0,-1.0,-1.0,0.0,1,2,1,2011.0,1,4,1,2.0,30,2,1,1,1,4,0,1,1,0,1,5,19,6,5,2020,1.0,0.0,0.0,0.0,3.0,0,0,1,0,1,1,1
24894,CHICAGO,IL,60637,40.0,-1.0,-1.0,0.0,1,-1,2,2010.0,-1,4,6,-1.0,30,2,1,1,1,4,0,1,1,0,1,5,19,6,5,2020,1.0,0.0,0.0,0.0,3.0,0,0,1,0,1,1,1
24895,CHICAGO,IL,60637,40.0,-1.0,-1.0,0.0,1,1,77,2010.0,1,4,1,10.0,30,2,1,1,1,4,0,1,1,0,1,5,19,6,5,2020,1.0,0.0,0.0,0.0,3.0,0,0,1,0,1,1,1
24896,CHICAGO,IL,60637,40.0,-1.0,-1.0,0.0,1,1,4,2017.0,1,4,1,2.0,30,2,1,1,1,4,0,1,1,0,1,5,19,6,5,2020,1.0,0.0,0.0,0.0,3.0,0,0,1,0,1,1,1
24897,CHICAGO,IL,60637,40.0,-1.0,-1.0,0.0,1,13,36,2002.0,1,4,-1,2.0,30,2,1,1,1,4,0,1,1,0,1,5,19,6,5,2020,1.0,0.0,0.0,0.0,3.0,0,0,1,0,1,1,1
24898,CHICAGO,IL,60637,40.0,-1.0,-1.0,0.0,1,2,1,2011.0,1,4,1,2.0,30,2,1,1,1,4,0,1,1,0,1,5,19,6,5,2020,1.0,0.0,0.0,0.0,3.0,0,0,1,0,1,1,1
24899,CHICAGO,IL,60619,40.0,-1.0,-1.0,0.0,1,-1,2,2010.0,-1,4,6,-1.0,30,2,1,1,1,4,0,1,1,0,1,5,19,6,5,2020,1.0,0.0,0.0,0.0,3.0,0,0,1,0,1,1,1
24900,CHICAGO,IL,60619,40.0,-1.0,-1.0,0.0,1,1,77,2010.0,1,4,1,10.0,30,2,1,1,1,4,0,1,1,0,1,5,19,6,5,2020,1.0,0.0,0.0,0.0,3.0,0,0,1,0,1,1,1
24901,CHICAGO,IL,60619,40.0,-1.0,-1.0,0.0,1,1,4,2017.0,1,4,1,2.0,30,2,1,1,1,4,0,1,1,0,1,5,19,6,5,2020,1.0,0.0,0.0,0.0,3.0,0,0,1,0,1,1,1
24902,CHICAGO,IL,60619,40.0,-1.0,-1.0,0.0,1,13,36,2002.0,1,4,-1,2.0,30,2,1,1,1,4,0,1,1,0,1,5,19,6,5,2020,1.0,0.0,0.0,0.0,3.0,0,0,1,0,1,1,1
24903,CHICAGO,IL,60619,40.0,-1.0,-1.0,0.0,1,2,1,2011.0,1,4,1,2.0,30,2,1,1,1,4,0,1,1,0,1,5,19,6,5,2020,1.0,0.0,0.0,0.0,3.0,0,0,1,0,1,1,1
24904,CHICAGO,IL,60619,33.0,-1.0,-1.0,0.0,1,-1,2,2010.0,-1,4,6,-1.0,30,2,1,1,1,4,0,1,1,0,1,5,19,6,5,2020,1.0,0.0,0.0,0.0,3.0,0,0,1,1,1,1,1
24905,CHICAGO,IL,60619,33.0,-1.0,-1.0,0.0,1,1,77,2010.0,1,4,1,10.0,30,2,1,1,1,4,0,1,1,0,1,5,19,6,5,2020,1.0,0.0,0.0,0.0,3.0,0,0,1,1,1,1,1
24906,CHICAGO,IL,60619,33.0,-1.0,-1.0,0.0,1,1,4,2017.0,1,4,1,2.0,30,2,1,1,1,4,0,1,1,0,1,5,19,6,5,2020,1.0,0.0,0.0,0.0,3.0,0,0,1,1,1,1,1
24907,CHICAGO,IL,60619,33.0,-1.0,-1.0,0.0,1,13,36,2002.0,1,4,-1,2.0,30,2,1,1,1,4,0,1,1,0,1,5,19,6,5,2020,1.0,0.0,0.0,0.0,3.0,0,0,1,1,1,1,1
24908,CHICAGO,IL,60619,33.0,-1.0,-1.0,0.0,1,2,1,2011.0,1,4,1,2.0,30,2,1,1,1,4,0,1,1,0,1,5,19,6,5,2020,1.0,0.0,0.0,0.0,3.0,0,0,1,1,1,1,1
24997,UNKNOWN,XX,0,36.9,0.0,2.0,0.0,1,1,14,2016.0,1,4,2,1.0,30,2,1,1,2,2,0,1,1,0,1,2,22,6,5,2020,1.0,0.0,0.0,0.0,2.0,0,0,1,0,1,1,1
24998,UNKNOWN,XX,0,36.9,0.0,2.0,0.0,1,1,4,2018.0,1,1,1,6.0,30,2,1,1,2,2,0,1,1,0,1,2,22,6,5,2020,1.0,0.0,0.0,0.0,2.0,0,0,1,0,1,1,1
24999,OAK_PARK,IL,60302,38.0,0.0,0.0,0.0,1,1,14,2016.0,1,4,2,1.0,30,2,1,1,2,2,0,1,1,0,1,2,22,6,5,2020,1.0,0.0,0.0,0.0,2.0,0,0,1,1,1,1,1
25000,OAK_PARK,IL,60302,38.0,0.0,0.0,0.0,1,1,4,2018.0,1,1,1,6.0,30,2,1,1,2,2,0,1,1,0,1,2,22,6,5,2020,1.0,0.0,0.0,0.0,2.0,0,0,1,1,1,1,1
25186,CHICAGO,IL,60652,73.0,0.0,0.0,0.0,1,15,83,2002.0,1,4,3,2.0,30,1,1,2,1,3,0,1,2,0,2,2,12,5,5,2020,0.0,1.0,0.0,0.0,0.0,0,0,1,0,1,1,0
25232,CRYSTAL_LAKE,IL,60014,18.0,0.0,-1.0,0.0,1,3,12,2005.0,1,2,1,3.0,30,0,0,2,2,2,0,1,2,0,2,2,1,1,5,2020,0.0,1.0,0.0,0.0,0.0,0,1,0,1,1,1,1
25437,UNKNOWN,XX,0,36.9,0.0,2.0,0.0,1,25,146,2015.0,1,4,2,9.0,30,1,3,1,1,2,5,1,1,-1,2,2,11,7,5,2020,1.0,0.0,0.0,0.0,2.0,0,0,1,0,1,1,1
25438,ST_LOUIS,MO,63122,29.0,0.0,0.0,0.0,1,-1,39,2011.0,7,1,1,1.0,30,1,3,1,1,2,5,1,1,-1,2,2,11,7,5,2020,1.0,0.0,0.0,0.0,2.0,0,0,1,0,1,1,1
25439,ST_LOUIS,MO,63122,29.0,0.0,0.0,0.0,1,25,146,2015.0,1,4,2,9.0,30,1,3,1,1,2,5,1,1,-1,2,2,11,7,5,2020,1.0,0.0,0.0,0.0,2.0,0,0,1,0,1,1,1
25544,CHICAGO,IL,60632,36.0,-1.0,0.0,0.0,1,3,28,2020.0,1,2,3,2.0,30,1,1,1,1,3,1,1,1,0,2,3,14,7,5,2020,0.0,0.0,0.0,0.0,2.0,0,0,1,1,1,1,1
25545,CHICAGO,IL,60632,36.0,-1.0,0.0,0.0,1,-1,1,2011.0,-1,2,1,-1.0,30,1,1,1,1,3,1,1,1,0,2,3,14,7,5,2020,0.0,0.0,0.0,0.0,2.0,0,0,1,1,1,1,1
25547,CHICAGO,IL,60652,48.0,0.0,0.0,0.0,1,3,28,2020.0,1,2,3,2.0,30,1,1,1,1,3,1,1,1,0,2,3,14,7,5,2020,1.0,0.0,0.0,0.0,2.0,0,0,1,0,1,1,1
25548,CHICAGO,IL,60652,48.0,0.0,0.0,0.0,1,-1,1,2011.0,-1,2,1,-1.0,30,1,1,1,1,3,1,1,1,0,2,3,14,7,5,2020,1.0,0.0,0.0,0.0,2.0,0,0,1,0,1,1,1
25550,UNKNOWN,XX,0,36.9,-1.0,-1.0,0.0,1,3,28,2020.0,1,2,3,2.0,30,1,1,1,1,3,1,1,1,0,2,3,14,7,5,2020,1.0,0.0,0.0,0.0,2.0,0,0,1,1,1,1,1
25551,UNKNOWN,XX,0,36.9,-1.0,-1.0,0.0,1,-1,1,2011.0,-1,2,1,-1.0,30,1,1,1,1,3,1,1,1,0,2,3,14,7,5,2020,1.0,0.0,0.0,0.0,2.0,0,0,1,1,1,1,1
25952,CHICAGO,IL,60637,39.0,0.0,0.0,0.0,1,1,89,2011.0,1,3,1,9.0,30,1,1,1,1,4,3,1,1,0,1,2,17,7,5,2020,0.0,1.0,0.0,0.0,0.0,0,1,0,1,1,1,0
26001,CHICAGO,XX,60613,41.0,0.0,0.0,0.0,1,8,55,2013.0,1,2,1,9.0,30,1,1,1,2,2,1,1,1,0,2,2,20,7,5,2020,0.0,1.0,0.0,0.0,0.0,0,1,0,1,1,1,1
26140,CHICAGO,IL,60644,22.0,0.0,0.0,0.0,1,4,5,2013.0,1,3,1,4.0,30,1,1,1,2,2,1,1,1,0,1,2,22,7,5,2020,1.0,0.0,0.0,0.0,0.0,0,0,1,0,1,1,1
26684,OAK_PARK,IL,60304,0.0,0.0,0.0,0.0,1,2,141,2018.0,2,4,1,10.0,30,1,1,1,1,1,1,1,1,0,2,2,18,1,5,2020,0.0,1.0,0.0,0.0,0.0,0,0,1,1,1,1,1
26770,CHICAGO,IL,60620,36.9,0.0,2.0,0.0,1,10,1,2014.0,-1,1,1,1.0,20,2,1,1,1,1,1,1,1,0,4,2,12,1,5,2020,1.0,0.0,0.0,0.0,2.0,0,0,1,1,1,1,1
26771,CHICAGO,IL,60620,36.9,0.0,2.0,0.0,1,16,1,2002.0,1,2,1,6.0,20,2,1,1,1,1,1,1,1,0,4,2,12,1,5,2020,1.0,0.0,0.0,0.0,2.0,0,0,1,1,1,1,1
26772,CHICAGO,IL,60617,24.0,0.0,0.0,0.0,1,10,1,2014.0,-1,1,1,1.0,20,2,1,1,1,1,1,1,1,0,4,2,12,1,5,2020,1.0,0.0,0.0,0.0,2.0,0,0,1,0,1,1,1
26773,CHICAGO,IL,60617,24.0,0.0,0.0,0.0,1,16,1,2002.0,1,2,1,6.0,20,2,1,1,1,1,1,1,1,0,4,2,12,1,5,2020,1.0,0.0,0.0,0.0,2.0,0,0,1,0,1,1,1
26824,CHICAGO,IL,60628,28.0,0.0,0.0,0.0,1,4,11,2017.0,1,2,1,2.0,30,2,1,1,1,3,0,1,1,0,2,2,12,1,5,2020,1.0,0.0,0.0,0.0,0.0,0,0,1,0,1,1,0
26980,CHICAGO,IL,60619,36.0,0.0,-1.0,0.0,1,-1,1,2010.0,1,3,1,1.0,30,1,1,1,2,2,1,1,1,0,2,2,1,7,5,2020,1.0,0.0,0.0,0.0,1.0,0,0,1,0,1,1,1
26981,CHICAGO,IL,60619,36.0,0.0,-1.0,0.0,1,1,4,2017.0,1,3,4,8.0,30,1,1,1,2,2,1,1,1,0,2,2,1,7,5,2020,1.0,0.0,0.0,0.0,1.0,0,0,1,0,1,1,1
26982,CHICAGO,IL,60624,20.0,0.0,0.0,0.0,1,-1,1,2010.0,1,3,1,1.0,30,1,1,1,2,2,1,1,1,0,2,2,1,7,5,2020,1.0,0.0,0.0,0.0,1.0,0,0,1,0,1,1,1
26983,CHICAGO,IL,60624,20.0,0.0,0.0,0.0,1,1,4,2017.0,1,3,4,8.0,30,1,1,1,2,2,1,1,1,0,2,2,1,7,5,2020,1.0,0.0,0.0,0.0,1.0,0,0,1,0,1,1,1
27172,CHICAGO,IL,60651,36.0,0.0,3.0,0.0,1,1,118,2002.0,2,4,1,1.0,30,1,1,2,1,1,2,1,2,0,3,3,9,3,5,2020,1.0,0.0,0.0,0.0,1.0,0,0,1,0,1,1,1
27173,CHICAGO,IL,60651,36.0,0.0,3.0,0.0,1,17,122,2018.0,2,1,1,4.0,30,1,1,2,1,1,2,1,2,0,3,3,9,3,5,2020,1.0,0.0,0.0,0.0,1.0,0,0,1,0,1,1,1
27174,CHICAGO,IL,60651,36.0,0.0,3.0,0.0,2,17,122,2016.0,2,1,5,7.0,30,1,1,2,1,1,2,1,2,0,3,3,9,3,5,2020,1.0,0.0,0.0,0.0,1.0,0,0,1,0,1,1,1
27175,CHICAGO,IL,60651,44.0,0.0,0.0,0.0,1,1,118,2002.0,2,4,1,1.0,30,1,1,2,1,1,2,1,2,0,3,3,9,3,5,2020,1.0,0.0,0.0,0.0,1.0,0,0,1,0,1,1,1
27176,CHICAGO,IL,60651,44.0,0.0,0.0,0.0,1,17,122,2018.0,2,1,1,4.0,30,1,1,2,1,1,2,1,2,0,3,3,9,3,5,2020,1.0,0.0,0.0,0.0,1.0,0,0,1,0,1,1,1
27177,CHICAGO,IL,60651,44.0,0.0,0.0,0.0,2,17,122,2016.0,2,1,5,7.0,30,1,1,2,1,1,2,1,2,0,3,3,9,3,5,2020,1.0,0.0,0.0,0.0,1.0,0,0,1,0,1,1,1
27248,CHICAGO,IL,60651,41.0,0.0,0.0,0.0,1,50,351,2001.0,3,3,1,9.0,30,1,1,1,1,2,1,1,1,0,1,2,12,2,5,2020,0.0,1.0,0.0,0.0,0.0,0,0,1,1,1,1,0
27466,CHICAGO,IL,60620,60.0,-1.0,0.0,0.0,1,1,6,2011.0,1,1,2,1.0,30,1,1,1,1,5,1,1,1,0,1,2,16,2,5,2020,0.0,0.0,0.0,0.0,2.0,0,0,1,0,1,1,1
27472,CHICAGO,IL,60620,36.9,0.0,2.0,0.0,1,6,22,2011.0,-1,1,1,-1.0,30,2,1,1,1,1,1,1,1,0,1,2,17,2,5,2020,1.0,0.0,0.0,0.0,2.0,0,1,0,1,1,1,1
27473,CHICAGO,IL,60620,36.9,0.0,2.0,0.0,1,9,17,2019.0,1,2,1,6.0,30,2,1,1,1,1,1,1,1,0,1,2,17,2,5,2020,1.0,0.0,0.0,0.0,2.0,0,1,0,1,1,1,1
27474,CHICAGO,IL,60628,19.0,0.0,0.0,0.0,1,6,22,2011.0,-1,1,1,-1.0,30,2,1,1,1,1,1,1,1,0,1,2,17,2,5,2020,1.0,0.0,0.0,0.0,2.0,0,1,0,0,1,1,1
27475,CHICAGO,IL,60628,19.0,0.0,0.0,0.0,1,9,17,2019.0,1,2,1,6.0,30,2,1,1,1,1,1,1,1,0,1,2,17,2,5,2020,1.0,0.0,0.0,0.0,2.0,0,1,0,0,1,1,1
27736,CHICAGO,IL,60643,62.0,0.0,0.0,0.0,1,10,26,2006.0,1,1,4,1.0,30,1,1,1,1,2,1,2,1,0,1,2,17,2,4,2020,0.0,1.0,0.0,0.0,0.0,0,0,1,0,1,1,0
27737,CHICAGO,IL,60643,62.0,0.0,0.0,0.0,1,10,26,2006.0,1,1,4,1.0,30,1,1,1,1,2,1,2,1,0,1,2,17,2,4,2020,0.0,1.0,0.0,0.0,0.0,0,0,1,0,1,1,0
27740,CHICAGO,IL,60643,62.0,0.0,0.0,0.0,1,10,26,2006.0,1,1,4,1.0,30,1,1,1,1,2,1,2,1,0,1,2,17,2,4,2020,0.0,1.0,0.0,0.0,0.0,0,0,1,0,1,1,0
27741,CHICAGO,IL,60643,62.0,0.0,0.0,0.0,1,10,26,2006.0,1,1,4,1.0,30,1,1,1,1,2,1,2,1,0,1,2,17,2,4,2020,0.0,1.0,0.0,0.0,0.0,0,0,1,0,1,1,0
28029,UNKNOWN,XX,0,36.9,0.0,3.0,0.0,1,3,104,2005.0,1,4,1,-1.0,30,2,1,2,1,1,1,1,2,0,1,3,9,3,5,2020,1.0,0.0,0.0,0.0,2.0,0,0,1,1,1,1,1
28030,UNKNOWN,XX,0,36.9,0.0,3.0,0.0,2,6,56,2015.0,4,4,5,2.0,30,2,1,2,1,1,1,1,2,0,1,3,9,3,5,2020,1.0,0.0,0.0,0.0,2.0,0,0,1,1,1,1,1
28031,CHICAGO,IL,60619,22.0,0.0,0.0,0.0,1,-1,1,2011.0,2,3,1,-1.0,30,2,1,2,1,1,1,1,2,0,1,3,9,3,5,2020,1.0,0.0,0.0,0.0,2.0,0,0,1,1,1,1,1
28032,CHICAGO,IL,60619,22.0,0.0,0.0,0.0,1,3,104,2005.0,1,4,1,-1.0,30,2,1,2,1,1,1,1,2,0,1,3,9,3,5,2020,1.0,0.0,0.0,0.0,2.0,0,0,1,1,1,1,1
28033,CHICAGO,IL,60619,22.0,0.0,0.0,0.0,2,6,56,2015.0,4,4,5,2.0,30,2,1,2,1,1,1,1,2,0,1,3,9,3,5,2020,1.0,0.0,0.0,0.0,2.0,0,0,1,1,1,1,1