index,CITY,STATE,ZIPCODE,AGE,EJECTION,DRIVER_ACTION,BAC_RESULT,UNIT_TYPE,MAKE,MODEL,VEHICLE_YEAR,VEHICLE_TYPE,TRAVEL_DIRECTION,MANEUVER,FIRST_CONTACT_POINT,POSTED_SPEED_LIMIT,TRAFFIC_CONTROL_DEVICE,DEVICE_CONDITION,WEATHER_CONDITION,LIGHTING_CONDITION,FIRST_CRASH_TYPE,TRAFFICWAY_TYPE,ALIGNMENT,ROADWAY_SURFACE_COND,ROAD_DEFECT,STREET_DIRECTION,NUM_UNITS,CRASH_HOUR,CRASH_DAY_OF_WEEK,CRASH_MONTH,CRASH_YEAR,FATAL_INBOTH,FATAL_CARPPL,FATAL_OTHPPL,FATAL_INAUTO,FATAL_DEGREE,DAMAGE_500_OR_LESS,DAMAGE_501_1500,DAMAGE_OVER_1500,SEX,INTERSECTION_RELATED,HIT_AND_RUN,REPORTYPE
28145,CHICAGO,IL,60629,66.0,0.0,0.0,0.0,1,3,3,2007.0,1,1,1,6.0,30,0,0,1,1,2,0,1,1,0,1,2,14,3,5,2020,0.0,1.0,0.0,0.0,0.0,0,0,1,0,1,1,0
28284,CHICAGO,XX,60629,26.0,0.0,1.0,0.0,1,2,115,2020.0,1,3,1,1.0,30,2,1,2,1,11,0,1,2,0,1,2,15,3,5,2020,0.0,1.0,0.0,0.0,0.0,0,0,1,0,0,1,1
28390,CHICAGO,IL,60639,51.0,0.0,0.0,0.0,1,9,70,2020.0,1,1,1,1.0,30,0,0,2,1,1,0,1,2,0,2,3,13,3,5,2020,1.0,0.0,0.0,0.0,0.0,0,0,1,1,1,1,1
28391,CHICAGO,IL,60639,51.0,0.0,0.0,0.0,1,3,3,2017.0,1,4,1,1.0,30,0,0,2,1,1,0,1,2,0,2,3,13,3,5,2020,1.0,0.0,0.0,0.0,0.0,0,0,1,1,1,1,1
28392,CHICAGO,IL,60639,51.0,0.0,0.0,0.0,2,9,73,2008.0,1,3,5,3.0,30,0,0,2,1,1,0,1,2,0,2,3,13,3,5,2020,1.0,0.0,0.0,0.0,0.0,0,0,1,1,1,1,1
28425,CHICAGO,XX,60639,38.0,0.0,-1.0,0.0,1,2,71,2018.0,1,4,1,1.0,30,1,1,1,1,1,1,1,-1,-1,1,2,16,3,5,2020,1.0,0.0,0.0,0.0,3.0,0,0,1,0,1,0,1
28426,CHICAGO,XX,60639,38.0,0.0,-1.0,0.0,1,4,5,2014.0,1,3,1,7.0,30,1,1,1,1,1,1,1,-1,-1,1,2,16,3,5,2020,1.0,0.0,0.0,0.0,3.0,0,0,1,0,1,0,1
28427,CHICAGO,IL,60639,49.0,0.0,-1.0,0.0,1,2,71,2018.0,1,4,1,1.0,30,1,1,1,1,1,1,1,-1,-1,1,2,16,3,5,2020,1.0,0.0,0.0,0.0,3.0,0,0,1,1,1,0,1
28428,CHICAGO,IL,60639,49.0,0.0,-1.0,0.0,1,4,5,2014.0,1,3,1,7.0,30,1,1,1,1,1,1,1,-1,-1,1,2,16,3,5,2020,1.0,0.0,0.0,0.0,3.0,0,0,1,1,1,0,1
28524,CHICAGO,IL,60619,36.9,0.0,-1.0,0.0,1,5,7,1996.0,-1,3,1,1.0,35,1,1,2,1,3,2,1,2,-1,1,2,14,3,5,2020,1.0,0.0,0.0,0.0,2.0,0,1,0,1,0,1,0
28525,CHICAGO,IL,60619,36.9,0.0,-1.0,0.0,1,1,4,2015.0,1,3,1,2.0,35,1,1,2,1,3,2,1,2,-1,1,2,14,3,5,2020,1.0,0.0,0.0,0.0,2.0,0,1,0,1,0,1,0
28526,SOUTH_HOLLAND,IL,60473,54.0,0.0,-1.0,0.0,1,5,7,1996.0,-1,3,1,1.0,35,1,1,2,1,3,2,1,2,-1,1,2,14,3,5,2020,1.0,0.0,0.0,0.0,2.0,0,1,0,0,0,1,0
28527,SOUTH_HOLLAND,IL,60473,54.0,0.0,-1.0,0.0,1,1,4,2015.0,1,3,1,2.0,35,1,1,2,1,3,2,1,2,-1,1,2,14,3,5,2020,1.0,0.0,0.0,0.0,2.0,0,1,0,0,0,1,0
28781,CHICAGO,IL,60646,50.0,0.0,0.0,0.0,1,5,79,2003.0,6,1,1,2.0,30,1,1,1,1,3,0,1,1,0,3,2,13,3,4,2020,0.0,1.0,0.0,0.0,0.0,0,1,0,1,1,1,0
28782,CHICAGO,IL,60646,50.0,0.0,0.0,0.0,1,5,79,2003.0,6,1,1,2.0,30,1,1,1,1,3,0,1,1,0,3,2,13,3,4,2020,0.0,1.0,0.0,0.0,0.0,0,1,0,1,1,1,0
28785,CHICAGO,IL,60646,50.0,0.0,0.0,0.0,1,5,79,2003.0,6,1,1,2.0,30,1,1,1,1,3,0,1,1,0,3,2,13,3,4,2020,0.0,1.0,0.0,0.0,0.0,0,1,0,1,1,1,0
28786,CHICAGO,IL,60646,50.0,0.0,0.0,0.0,1,5,79,2003.0,6,1,1,2.0,30,1,1,1,1,3,0,1,1,0,3,2,13,3,4,2020,0.0,1.0,0.0,0.0,0.0,0,1,0,1,1,1,0
28818,CHICAGO,IL,60609,36.9,-1.0,0.0,0.0,1,16,1,2011.0,1,4,1,-1.0,30,1,1,1,1,5,0,1,1,0,4,2,15,5,5,2020,0.0,0.0,0.0,0.0,2.0,0,0,1,1,1,1,1
29135,CHICAGO,IL,60624,36.0,0.0,5.0,0.0,1,22,1,2012.0,1,3,2,3.0,30,1,1,1,1,2,5,1,1,0,1,2,15,4,5,2020,1.0,0.0,0.0,0.0,1.0,0,0,1,1,1,1,1
29136,CHICAGO,IL,60624,36.0,0.0,5.0,0.0,1,3,104,2005.0,1,3,1,4.0,30,1,1,1,1,2,5,1,1,0,1,2,15,4,5,2020,1.0,0.0,0.0,0.0,1.0,0,0,1,1,1,1,1
29137,CHICAGO,IL,60619,58.0,0.0,0.0,0.0,1,22,1,2012.0,1,3,2,3.0,30,1,1,1,1,2,5,1,1,0,1,2,15,4,5,2020,1.0,0.0,0.0,0.0,1.0,0,0,1,1,1,1,1
29138,CHICAGO,IL,60619,58.0,0.0,0.0,0.0,1,3,104,2005.0,1,3,1,4.0,30,1,1,1,1,2,5,1,1,0,1,2,15,4,5,2020,1.0,0.0,0.0,0.0,1.0,0,0,1,1,1,1,1
29234,CHICAGO,IL,60623,36.0,0.0,0.0,0.0,1,6,1,2011.0,1,4,2,4.0,30,1,1,1,2,2,0,1,1,0,2,2,0,4,5,2020,0.0,1.0,0.0,0.0,0.0,0,1,0,0,1,1,0
29269,WHEELING,IL,60090,20.0,0.0,0.0,0.0,1,1,6,2018.0,1,3,3,2.0,30,1,1,1,2,3,0,1,1,0,1,2,20,4,5,2020,0.0,1.0,0.0,0.0,0.0,0,0,1,0,1,1,1
29307,CHICAGO,IL,60642,46.0,0.0,0.0,0.0,1,25,146,2008.0,1,3,2,9.0,30,1,1,1,5,2,0,1,1,0,3,2,21,4,5,2020,0.0,1.0,0.0,0.0,0.0,0,0,1,1,1,0,0
29579,CHICAGO,IL,60642,38.0,0.0,-1.0,0.0,1,1,4,2014.0,1,3,1,3.0,30,0,0,1,2,1,5,1,1,0,1,2,1,7,5,2020,1.0,0.0,0.0,0.0,3.0,0,0,1,0,1,1,1
29580,CHICAGO,IL,60649,35.0,0.0,-1.0,0.0,1,-1,2,2010.0,-1,5,-1,-1.0,30,0,0,1,2,1,5,1,1,0,1,2,1,7,5,2020,1.0,0.0,0.0,0.0,3.0,0,0,1,1,1,1,1
29581,CHICAGO,IL,60649,35.0,0.0,-1.0,0.0,1,1,4,2014.0,1,3,1,3.0,30,0,0,1,2,1,5,1,1,0,1,2,1,7,5,2020,1.0,0.0,0.0,0.0,3.0,0,0,1,1,1,1,1
29787,CHICAGO,IL,60608,44.0,0.0,0.0,0.0,1,2,1,2007.0,4,3,3,5.0,25,2,1,1,1,1,1,1,1,0,2,2,11,5,5,2020,0.0,1.0,0.0,0.0,0.0,0,0,1,0,1,1,0
30451,CHICAGO,IL,60620,26.0,0.0,0.0,0.0,1,26,1,2014.0,5,3,3,6.0,30,1,1,1,2,4,0,1,2,0,1,2,23,7,5,2020,0.0,1.0,0.0,0.0,0.0,1,0,0,0,1,1,1
30499,CALUMET_CITY,IL,60409,27.0,0.0,0.0,0.0,1,2,8,2013.0,1,2,3,2.0,30,1,1,1,1,3,0,1,1,0,4,2,9,7,5,2020,0.0,1.0,0.0,0.0,0.0,1,0,0,1,1,1,1
30509,CHICAGO,IL,60628,60.0,0.0,0.0,0.0,1,29,225,2002.0,1,2,2,2.0,30,1,1,1,1,2,1,1,1,0,2,2,9,7,5,2020,0.0,1.0,0.0,0.0,0.0,0,0,1,0,1,1,1
30600,CHICAGO,IL,60660,42.0,0.0,0.0,0.0,1,3,74,2019.0,1,3,3,8.0,30,1,1,1,1,3,1,1,1,0,1,2,19,7,5,2020,0.0,1.0,0.0,0.0,0.0,0,1,0,0,1,1,1
30767,CHICAGO,IL,60628,57.0,0.0,0.0,0.0,1,22,66,2012.0,1,3,1,8.0,30,1,1,1,1,1,1,1,1,0,1,2,19,6,5,2020,0.0,1.0,0.0,0.0,0.0,0,0,1,0,1,1,0
30781,CHICAGO,IL,60617,48.0,0.0,0.0,0.0,1,8,55,2017.0,1,2,3,8.0,30,1,1,1,1,3,2,1,1,0,4,2,13,6,5,2020,1.0,0.0,0.0,0.0,0.0,0,0,1,0,1,1,1
30845,UNKNOWN,XX,0,36.9,0.0,2.0,0.0,1,7,10,2011.0,1,2,4,4.0,30,1,1,1,1,5,0,1,1,0,2,2,14,6,5,2020,1.0,0.0,0.0,0.0,2.0,0,1,0,0,1,1,1
30847,CHICAGO,IL,60654,29.0,-1.0,-1.0,0.0,1,7,10,2011.0,1,2,4,4.0,30,1,1,1,1,5,0,1,1,0,2,2,14,6,5,2020,0.0,0.0,0.0,0.0,2.0,0,1,0,0,1,1,1
31325,CHICAGO,IL,60644,36.0,0.0,3.0,0.0,1,2,31,1998.0,4,2,1,6.0,30,1,1,1,2,1,1,1,2,0,1,2,0,1,5,2020,1.0,0.0,0.0,0.0,1.0,0,0,1,0,1,1,1
31326,CHICAGO,IL,60644,36.0,0.0,3.0,0.0,1,9,70,2019.0,1,1,1,1.0,30,1,1,1,2,1,1,1,2,0,1,2,0,1,5,2020,1.0,0.0,0.0,0.0,1.0,0,0,1,0,1,1,1
31327,CHICAGO,IL,60644,54.0,0.0,0.0,0.0,1,2,31,1998.0,4,2,1,6.0,30,1,1,1,2,1,1,1,2,0,1,2,0,1,5,2020,1.0,0.0,0.0,0.0,1.0,0,0,1,0,1,1,1
31328,CHICAGO,IL,60644,54.0,0.0,0.0,0.0,1,9,70,2019.0,1,1,1,1.0,30,1,1,1,2,1,1,1,2,0,1,2,0,1,5,2020,1.0,0.0,0.0,0.0,1.0,0,0,1,0,1,1,1
31598,CHICAGO,IL,60640,27.0,0.0,0.0,0.0,1,1,20,2021.0,1,3,3,2.0,30,1,1,1,1,3,2,1,1,0,3,2,13,7,5,2020,0.0,1.0,0.0,0.0,0.0,1,0,0,1,1,1,1
31763,CHICAGO,IL,60644,36.0,0.0,4.0,0.0,1,2,8,2010.0,1,1,1,1.0,30,1,1,1,1,3,2,1,1,0,1,2,15,7,5,2020,1.0,0.0,0.0,0.0,1.0,0,1,0,0,1,1,0
31764,CHICAGO,IL,60644,36.0,0.0,4.0,0.0,1,25,128,2012.0,1,1,1,7.0,30,1,1,1,1,3,2,1,1,0,1,2,15,7,5,2020,1.0,0.0,0.0,0.0,1.0,0,1,0,0,1,1,0
31765,EVERGREEN_PARK,IL,60805,50.0,0.0,0.0,0.0,1,2,8,2010.0,1,1,1,1.0,30,1,1,1,1,3,2,1,1,0,1,2,15,7,5,2020,1.0,0.0,0.0,0.0,1.0,0,1,0,0,1,1,0
31766,EVERGREEN_PARK,IL,60805,50.0,0.0,0.0,0.0,1,25,128,2012.0,1,1,1,7.0,30,1,1,1,1,3,2,1,1,0,1,2,15,7,5,2020,1.0,0.0,0.0,0.0,1.0,0,1,0,0,1,1,0
32006,CHICAGO,IL,60616,36.9,0.0,-1.0,0.0,1,1,49,2006.0,3,2,1,6.0,30,2,0,1,3,1,1,1,1,0,1,2,21,7,5,2020,1.0,0.0,0.0,0.0,2.0,0,0,1,0,1,1,1
32007,CHICAGO,IL,60617,42.0,0.0,0.0,0.0,1,-1,1,2011.0,-1,1,1,1.0,30,2,0,1,3,1,1,1,1,0,1,2,21,7,5,2020,1.0,0.0,0.0,0.0,2.0,0,0,1,1,1,1,1
32008,CHICAGO,IL,60617,42.0,0.0,0.0,0.0,1,1,49,2006.0,3,2,1,6.0,30,2,0,1,3,1,1,1,1,0,1,2,21,7,5,2020,1.0,0.0,0.0,0.0,2.0,0,0,1,1,1,1,1
32103,CHICAGO,IL,60632,22.0,0.0,-1.0,0.0,1,1,6,2009.0,1,2,1,6.0,30,1,1,1,2,1,1,1,1,0,2,2,22,7,5,2020,1.0,0.0,0.0,0.0,3.0,0,0,1,0,1,0,1
32104,CHICAGO,IL,60632,22.0,0.0,-1.0,0.0,1,6,22,2015.0,3,1,1,1.0,30,1,1,1,2,1,1,1,1,0,2,2,22,7,5,2020,1.0,0.0,0.0,0.0,3.0,0,0,1,0,1,0,1
32105,SOUTH_HOLLAND,IL,60473,51.0,0.0,-1.0,0.0,1,1,6,2009.0,1,2,1,6.0,30,1,1,1,2,1,1,1,1,0,2,2,22,7,5,2020,1.0,0.0,0.0,0.0,3.0,0,0,1,1,1,0,1
32106,SOUTH_HOLLAND,IL,60473,51.0,0.0,-1.0,0.0,1,6,22,2015.0,3,1,1,1.0,30,1,1,1,2,1,1,1,1,0,2,2,22,7,5,2020,1.0,0.0,0.0,0.0,3.0,0,0,1,1,1,0,1
32276,CHICAGO,IL,60656,44.0,0.0,0.0,0.0,1,2,322,1988.0,1,3,1,12.0,30,2,0,1,2,1,0,1,1,0,1,2,22,1,5,2020,1.0,0.0,0.0,0.0,0.0,0,1,0,1,1,1,0
32291,CHICAGO,IL,60617,48.0,0.0,0.0,0.0,1,4,11,2017.0,1,2,1,1.0,35,2,1,1,2,1,1,1,1,0,1,2,2,2,5,2020,0.0,1.0,0.0,0.0,0.0,0,0,1,1,1,1,1
32353,CHICAGO,IL,60629,39.0,0.0,0.0,0.0,1,1,14,2011.0,2,4,1,3.0,35,1,1,1,1,1,0,2,1,0,1,2,6,2,5,2020,1.0,0.0,0.0,0.0,3.0,0,0,1,1,1,1,1
32354,CHICAGO,IL,60629,39.0,0.0,0.0,0.0,1,14,101,2012.0,2,3,1,5.0,35,1,1,1,1,1,0,2,1,0,1,2,6,2,5,2020,1.0,0.0,0.0,0.0,3.0,0,0,1,1,1,1,1
32363,CHICAGO,IL,60629,38.0,0.0,1.0,0.0,1,1,14,2011.0,2,4,1,3.0,35,1,1,1,1,1,0,2,1,0,1,2,6,2,5,2020,1.0,0.0,0.0,0.0,3.0,0,0,1,1,1,1,1
32364,CHICAGO,IL,60629,38.0,0.0,1.0,0.0,1,14,101,2012.0,2,3,1,5.0,35,1,1,1,1,1,0,2,1,0,1,2,6,2,5,2020,1.0,0.0,0.0,0.0,3.0,0,0,1,1,1,1,1
32511,MAYWOOD,IL,60153,31.0,-1.0,-1.0,0.0,1,12,1,2003.0,1,3,1,1.0,30,1,1,1,1,5,1,1,1,0,3,2,13,1,5,2020,0.0,0.0,0.0,0.0,2.0,0,0,1,1,1,1,1
32513,MAYWOOD,IL,60153,36.9,0.0,1.0,0.0,1,12,1,2003.0,1,3,1,1.0,30,1,1,1,1,5,1,1,1,0,3,2,13,1,5,2020,1.0,0.0,0.0,0.0,2.0,0,0,1,1,1,1,1
32800,MAYWOOD,IL,60153,36.0,0.0,2.0,0.0,1,4,29,2017.0,-1,8,2,3.0,30,1,1,2,1,2,1,1,2,0,1,2,14,1,5,2020,1.0,0.0,0.0,0.0,1.0,0,0,1,1,1,1,1
32801,MAYWOOD,IL,60153,36.0,0.0,2.0,0.0,1,20,145,2006.0,-1,-1,-1,-1.0,30,1,1,2,1,2,1,1,2,0,1,2,14,1,5,2020,1.0,0.0,0.0,0.0,1.0,0,0,1,1,1,1,1
32802,CHICAGO,IL,60628,26.0,0.0,0.0,0.0,1,4,29,2017.0,-1,8,2,3.0,30,1,1,2,1,2,1,1,2,0,1,2,14,1,5,2020,1.0,0.0,0.0,0.0,1.0,0,0,1,1,1,1,1
32803,CHICAGO,IL,60628,26.0,0.0,0.0,0.0,1,20,145,2006.0,-1,-1,-1,-1.0,30,1,1,2,1,2,1,1,2,0,1,2,14,1,5,2020,1.0,0.0,0.0,0.0,1.0,0,0,1,1,1,1,1
32811,CHICAGO_RIDGE,IL,60415,25.0,0.0,0.0,0.0,1,4,5,2020.0,1,2,1,4.0,30,1,1,2,1,2,2,1,2,0,1,2,14,1,5,2020,0.0,1.0,0.0,0.0,0.0,0,1,0,1,1,1,0
33213,CHICAGO,IL,60616,38.0,-1.0,3.0,0.0,1,-1,2,2010.0,2,1,1,1.0,30,1,1,2,1,1,1,1,2,0,2,2,18,1,5,2020,1.0,0.0,0.0,0.0,3.0,0,0,1,0,1,1,0
33214,CHICAGO,IL,60616,38.0,-1.0,3.0,0.0,1,8,16,2010.0,1,2,1,6.0,30,1,1,2,1,1,1,1,2,0,2,2,18,1,5,2020,1.0,0.0,0.0,0.0,3.0,0,0,1,0,1,1,0
33215,CHICAGO,IL,60619,56.0,0.0,0.0,0.0,1,-1,2,2010.0,2,1,1,1.0,30,1,1,2,1,1,1,1,2,0,2,2,18,1,5,2020,1.0,0.0,0.0,0.0,3.0,0,0,1,1,1,1,0
33216,CHICAGO,IL,60619,56.0,0.0,0.0,0.0,1,8,16,2010.0,1,2,1,6.0,30,1,1,2,1,1,1,1,2,0,2,2,18,1,5,2020,1.0,0.0,0.0,0.0,3.0,0,0,1,1,1,1,0
33441,CHICAGO,IL,60609,67.0,0.0,-1.0,0.0,1,7,125,2005.0,2,3,1,1.0,30,2,0,1,1,3,2,2,1,0,1,2,13,7,4,2020,1.0,0.0,0.0,0.0,1.0,0,0,1,1,1,1,0
33442,CHICAGO,IL,60609,67.0,0.0,-1.0,0.0,1,7,125,2005.0,2,3,1,1.0,30,2,0,1,1,3,2,2,1,0,1,2,13,7,4,2020,1.0,0.0,0.0,0.0,1.0,0,0,1,1,1,1,0
33443,CHICAGO,IL,60609,67.0,0.0,-1.0,0.0,1,1,6,2004.0,1,3,1,2.0,30,2,0,1,1,3,2,2,1,0,1,2,13,7,4,2020,1.0,0.0,0.0,0.0,1.0,0,0,1,1,1,1,0
33444,CHICAGO,IL,60609,67.0,0.0,-1.0,0.0,1,1,6,2004.0,1,3,1,2.0,30,2,0,1,1,3,2,2,1,0,1,2,13,7,4,2020,1.0,0.0,0.0,0.0,1.0,0,0,1,1,1,1,0
33445,CHICAGO,IL,60609,36.0,0.0,-1.0,0.0,1,7,125,2005.0,2,3,1,1.0,30,2,0,1,1,3,2,2,1,0,1,2,13,7,4,2020,1.0,0.0,0.0,0.0,1.0,0,0,1,0,1,1,0
33446,CHICAGO,IL,60609,36.0,0.0,-1.0,0.0,1,7,125,2005.0,2,3,1,1.0,30,2,0,1,1,3,2,2,1,0,1,2,13,7,4,2020,1.0,0.0,0.0,0.0,1.0,0,0,1,0,1,1,0
33447,CHICAGO,IL,60609,36.0,0.0,-1.0,0.0,1,1,6,2004.0,1,3,1,2.0,30,2,0,1,1,3,2,2,1,0,1,2,13,7,4,2020,1.0,0.0,0.0,0.0,1.0,0,0,1,0,1,1,0
33448,CHICAGO,IL,60609,36.0,0.0,-1.0,0.0,1,1,6,2004.0,1,3,1,2.0,30,2,0,1,1,3,2,2,1,0,1,2,13,7,4,2020,1.0,0.0,0.0,0.0,1.0,0,0,1,0,1,1,0
33449,MIDLOTHIAN,IL,60445,20.0,0.0,0.0,0.0,1,7,125,2005.0,2,3,1,1.0,30,2,0,1,1,3,2,2,1,0,1,2,13,7,4,2020,1.0,0.0,0.0,0.0,1.0,0,0,1,0,1,1,0
33450,MIDLOTHIAN,IL,60445,20.0,0.0,0.0,0.0,1,7,125,2005.0,2,3,1,1.0,30,2,0,1,1,3,2,2,1,0,1,2,13,7,4,2020,1.0,0.0,0.0,0.0,1.0,0,0,1,0,1,1,0
33451,MIDLOTHIAN,IL,60445,20.0,0.0,0.0,0.0,1,1,6,2004.0,1,3,1,2.0,30,2,0,1,1,3,2,2,1,0,1,2,13,7,4,2020,1.0,0.0,0.0,0.0,1.0,0,0,1,0,1,1,0
33452,MIDLOTHIAN,IL,60445,20.0,0.0,0.0,0.0,1,1,6,2004.0,1,3,1,2.0,30,2,0,1,1,3,2,2,1,0,1,2,13,7,4,2020,1.0,0.0,0.0,0.0,1.0,0,0,1,0,1,1,0
33453,MIDLOTHIAN,IL,60445,20.0,0.0,0.0,0.0,1,7,125,2005.0,2,3,1,1.0,30,2,0,1,1,3,2,2,1,0,1,2,13,7,4,2020,1.0,0.0,0.0,0.0,1.0,0,0,1,0,1,1,0
33454,MIDLOTHIAN,IL,60445,20.0,0.0,0.0,0.0,1,7,125,2005.0,2,3,1,1.0,30,2,0,1,1,3,2,2,1,0,1,2,13,7,4,2020,1.0,0.0,0.0,0.0,1.0,0,0,1,0,1,1,0
33455,MIDLOTHIAN,IL,60445,20.0,0.0,0.0,0.0,1,1,6,2004.0,1,3,1,2.0,30,2,0,1,1,3,2,2,1,0,1,2,13,7,4,2020,1.0,0.0,0.0,0.0,1.0,0,0,1,0,1,1,0
33456,MIDLOTHIAN,IL,60445,20.0,0.0,0.0,0.0,1,1,6,2004.0,1,3,1,2.0,30,2,0,1,1,3,2,2,1,0,1,2,13,7,4,2020,1.0,0.0,0.0,0.0,1.0,0,0,1,0,1,1,0
33465,CHICAGO,IL,60609,36.9,0.0,3.0,0.0,1,1,6,2006.0,1,1,1,1.0,30,1,1,1,1,1,1,1,1,0,2,3,8,2,5,2020,1.0,0.0,0.0,0.0,2.0,0,0,1,1,1,1,1
33466,CHICAGO,IL,60609,36.9,0.0,3.0,0.0,1,5,13,2020.0,1,4,1,5.0,30,1,1,1,1,1,1,1,1,0,2,3,8,2,5,2020,1.0,0.0,0.0,0.0,2.0,0,0,1,1,1,1,1
33467,CHICAGO,IL,60609,36.9,0.0,3.0,0.0,2,17,52,2007.0,-1,2,5,3.0,30,1,1,1,1,1,1,1,1,0,2,3,8,2,5,2020,1.0,0.0,0.0,0.0,2.0,0,0,1,1,1,1,1
33468,CHICAGO,IL,60609,25.0,0.0,0.0,0.0,1,1,6,2006.0,1,1,1,1.0,30,1,1,1,1,1,1,1,1,0,2,3,8,2,5,2020,1.0,0.0,0.0,0.0,2.0,0,0,1,0,1,1,1
33469,CHICAGO,IL,60609,25.0,0.0,0.0,0.0,1,5,13,2020.0,1,4,1,5.0,30,1,1,1,1,1,1,1,1,0,2,3,8,2,5,2020,1.0,0.0,0.0,0.0,2.0,0,0,1,0,1,1,1
33470,CHICAGO,IL,60609,25.0,0.0,0.0,0.0,2,17,52,2007.0,-1,2,5,3.0,30,1,1,1,1,1,1,1,1,0,2,3,8,2,5,2020,1.0,0.0,0.0,0.0,2.0,0,0,1,0,1,1,1
33637,CHICAGO,IL,60629,49.0,0.0,0.0,0.0,1,8,16,2020.0,1,2,2,8.0,30,2,1,1,1,2,4,1,1,0,4,2,17,3,5,2020,0.0,1.0,0.0,0.0,0.0,0,1,0,1,1,1,1
33779,CHICAGO,IL,60632,24.0,0.0,1.0,0.0,1,13,36,2007.0,1,3,7,-1.0,30,1,1,1,1,6,1,1,1,0,1,3,17,3,5,2020,1.0,0.0,0.0,0.0,0.0,0,0,1,0,1,1,1
33780,CHICAGO,IL,60632,24.0,0.0,1.0,0.0,1,4,5,2013.0,1,1,1,2.0,30,1,1,1,1,6,1,1,1,0,1,3,17,3,5,2020,1.0,0.0,0.0,0.0,0.0,0,0,1,0,1,1,1
33781,CHICAGO,IL,60632,24.0,0.0,1.0,0.0,1,4,1,2014.0,1,4,7,1.0,30,1,1,1,1,6,1,1,1,0,1,3,17,3,5,2020,1.0,0.0,0.0,0.0,0.0,0,0,1,0,1,1,1
33782,CHICAGO,IL,60629,16.0,0.0,1.0,0.0,1,13,36,2007.0,1,3,7,-1.0,30,1,1,1,1,6,1,1,1,0,1,3,17,3,5,2020,1.0,0.0,0.0,0.0,0.0,0,0,1,1,1,1,1
33783,CHICAGO,IL,60629,16.0,0.0,1.0,0.0,1,4,5,2013.0,1,1,1,2.0,30,1,1,1,1,6,1,1,1,0,1,3,17,3,5,2020,1.0,0.0,0.0,0.0,0.0,0,0,1,1,1,1,1
33784,CHICAGO,IL,60629,16.0,0.0,1.0,0.0,1,4,1,2014.0,1,4,7,1.0,30,1,1,1,1,6,1,1,1,0,1,3,17,3,5,2020,1.0,0.0,0.0,0.0,0.0,0,0,1,1,1,1,1
33820,CHICAGO,IL,60619,36.0,0.0,5.0,0.0,1,2,31,2003.0,4,5,1,2.0,30,1,1,1,1,4,0,1,1,0,1,4,12,2,5,2020,1.0,0.0,0.0,0.0,1.0,0,0,1,1,1,1,1
33821,CHICAGO,IL,60619,36.0,0.0,5.0,0.0,1,-1,2,2010.0,-1,5,1,1.0,30,1,1,1,1,4,0,1,1,0,1,4,12,2,5,2020,1.0,0.0,0.0,0.0,1.0,0,0,1,1,1,1,1
33822,CHICAGO,IL,60619,36.0,0.0,5.0,0.0,1,4,50,2012.0,1,5,1,6.0,30,1,1,1,1,4,0,1,1,0,1,4,12,2,5,2020,1.0,0.0,0.0,0.0,1.0,0,0,1,1,1,1,1
33824,CHICAGO,IL,60617,21.0,0.0,0.0,0.0,1,2,31,2003.0,4,5,1,2.0,30,1,1,1,1,4,0,1,1,0,1,4,12,2,5,2020,1.0,0.0,0.0,0.0,1.0,0,0,1,0,1,1,1
33825,CHICAGO,IL,60617,21.0,0.0,0.0,0.0,1,-1,2,2010.0,-1,5,1,1.0,30,1,1,1,1,4,0,1,1,0,1,4,12,2,5,2020,1.0,0.0,0.0,0.0,1.0,0,0,1,0,1,1,1
33826,CHICAGO,IL,60617,21.0,0.0,0.0,0.0,1,4,50,2012.0,1,5,1,6.0,30,1,1,1,1,4,0,1,1,0,1,4,12,2,5,2020,1.0,0.0,0.0,0.0,1.0,0,0,1,0,1,1,1
33828,CHICAGO,IL,60617,25.0,0.0,0.0,0.0,1,2,31,2003.0,4,5,1,2.0,30,1,1,1,1,4,0,1,1,0,1,4,12,2,5,2020,1.0,0.0,0.0,0.0,1.0,0,0,1,1,1,1,1
33829,CHICAGO,IL,60617,25.0,0.0,0.0,0.0,1,-1,2,2010.0,-1,5,1,1.0,30,1,1,1,1,4,0,1,1,0,1,4,12,2,5,2020,1.0,0.0,0.0,0.0,1.0,0,0,1,1,1,1,1
33830,CHICAGO,IL,60617,25.0,0.0,0.0,0.0,1,4,50,2012.0,1,5,1,6.0,30,1,1,1,1,4,0,1,1,0,1,4,12,2,5,2020,1.0,0.0,0.0,0.0,1.0,0,0,1,1,1,1,1
33893,CHICAGO,IL,60637,0.0,0.0,0.0,0.0,1,9,42,2002.0,1,3,1,10.0,30,2,0,1,1,12,4,1,1,0,1,2,16,2,5,2020,1.0,0.0,0.0,0.0,0.0,0,0,1,0,1,1,1
34046,UNK,XX,0,38.0,-1.0,-1.0,0.0,1,-1,1,2010.0,-1,3,1,-1.0,30,1,1,1,1,6,1,1,1,0,1,2,18,2,5,2020,1.0,0.0,0.0,0.0,3.0,0,0,1,1,1,1,1
34047,UNK,XX,0,38.0,-1.0,-1.0,0.0,1,17,122,2016.0,1,1,1,1.0,30,1,1,1,1,6,1,1,1,0,1,2,18,2,5,2020,1.0,0.0,0.0,0.0,3.0,0,0,1,1,1,1,1