index,CITY,STATE,ZIPCODE,AGE,EJECTION,DRIVER_ACTION,BAC_RESULT,UNIT_TYPE,MAKE,MODEL,VEHICLE_YEAR,VEHICLE_TYPE,TRAVEL_DIRECTION,MANEUVER,FIRST_CONTACT_POINT,POSTED_SPEED_LIMIT,TRAFFIC_CONTROL_DEVICE,DEVICE_CONDITION,WEATHER_CONDITION,LIGHTING_CONDITION,FIRST_CRASH_TYPE,TRAFFICWAY_TYPE,ALIGNMENT,ROADWAY_SURFACE_COND,ROAD_DEFECT,STREET_DIRECTION,NUM_UNITS,CRASH_HOUR,CRASH_DAY_OF_WEEK,CRASH_MONTH,CRASH_YEAR,FATAL_INBOTH,FATAL_CARPPL,FATAL_OTHPPL,FATAL_INAUTO,FATAL_DEGREE,DAMAGE_500_OR_LESS,DAMAGE_501_1500,DAMAGE_OVER_1500,SEX,INTERSECTION_RELATED,HIT_AND_RUN,REPORTYPE
47631,CHICAGO,IL,60620,70.0,0.0,0.0,0.0,1,3,3,2001.0,1,3,1,3.0,30,1,1,1,1,2,2,1,1,0,1,3,17,6,6,2020,0.0,1.0,0.0,0.0,0.0,0,1,0,1,1,1,0
47633,CHICAGO,IL,60620,73.0,0.0,0.0,0.0,1,3,3,2005.0,1,4,3,5.0,30,1,1,1,1,2,2,1,1,0,1,3,17,6,6,2020,0.0,1.0,0.0,0.0,0.0,0,1,0,0,1,1,0
47634,CHICAGO,IL,60620,73.0,0.0,0.0,0.0,1,3,3,2001.0,1,3,1,3.0,30,1,1,1,1,2,2,1,1,0,1,3,17,6,6,2020,0.0,1.0,0.0,0.0,0.0,0,1,0,0,1,1,0
47641,CHICAGO,IL,60628,33.0,0.0,0.0,0.0,1,40,331,1974.0,1,4,1,4.0,30,0,0,1,1,6,6,1,1,0,2,2,14,1,6,2020,1.0,0.0,0.0,0.0,0.0,0,1,0,1,1,0,1
47642,CHICAGO,IL,60628,33.0,0.0,0.0,0.0,1,13,72,2006.0,1,2,1,3.0,30,0,0,1,1,6,6,1,1,0,2,2,14,1,6,2020,1.0,0.0,0.0,0.0,0.0,0,1,0,1,1,0,1
47643,CHICAGO,IL,60628,26.0,0.0,4.0,0.0,1,40,331,1974.0,1,4,1,4.0,30,0,0,1,1,6,6,1,1,0,2,2,14,1,6,2020,1.0,0.0,0.0,0.0,0.0,0,1,0,1,1,0,1
47644,CHICAGO,IL,60628,26.0,0.0,4.0,0.0,1,13,72,2006.0,1,2,1,3.0,30,0,0,1,1,6,6,1,1,0,2,2,14,1,6,2020,1.0,0.0,0.0,0.0,0.0,0,1,0,1,1,0,1
47965,OAK_LAWN,IL,60453,39.0,0.0,0.0,0.0,1,4,371,2016.0,3,6,1,6.0,30,1,1,1,1,1,0,1,1,0,1,2,8,2,5,2020,1.0,0.0,0.0,0.0,0.0,0,0,1,1,1,1,1
48278,OAK_LAWN,IL,60453,36.9,0.0,3.0,0.0,1,6,1,2016.0,2,1,1,1.0,30,1,1,1,1,2,4,1,1,0,1,2,20,2,5,2020,1.0,0.0,0.0,0.0,2.0,0,0,1,1,1,1,1
48279,OAK_LAWN,IL,60453,36.9,0.0,3.0,0.0,1,2,68,2004.0,1,4,2,5.0,30,1,1,1,1,2,4,1,1,0,1,2,20,2,5,2020,1.0,0.0,0.0,0.0,2.0,0,0,1,1,1,1,1
48280,OSWEGO,IL,60543,56.0,0.0,0.0,0.0,1,6,1,2016.0,2,1,1,1.0,30,1,1,1,1,2,4,1,1,0,1,2,20,2,5,2020,1.0,0.0,0.0,0.0,2.0,0,0,1,0,1,1,1
48281,OSWEGO,IL,60543,56.0,0.0,0.0,0.0,1,2,68,2004.0,1,4,2,5.0,30,1,1,1,1,2,4,1,1,0,1,2,20,2,5,2020,1.0,0.0,0.0,0.0,2.0,0,0,1,0,1,1,1
48344,OAK_LAWN,IL,60453,38.0,0.0,3.0,0.0,1,1,27,2010.0,2,4,2,1.0,30,1,1,1,2,5,0,1,1,0,1,2,22,2,5,2020,1.0,0.0,0.0,0.0,3.0,0,0,1,0,1,1,1
48346,CHICAGO,IL,60608,29.0,-1.0,0.0,0.0,1,1,27,2010.0,2,4,2,1.0,30,1,1,1,2,5,0,1,1,0,1,2,22,2,5,2020,0.0,0.0,0.0,0.0,3.0,0,0,1,0,1,1,1
48375,CHICAGO,IL,60653,19.0,0.0,0.0,0.0,1,27,62,2003.0,1,3,1,1.0,30,1,1,1,2,1,1,1,1,0,4,2,22,2,5,2020,1.0,0.0,0.0,0.0,2.0,0,0,1,1,1,1,0
48376,CHICAGO,IL,60653,19.0,0.0,0.0,0.0,1,7,25,2007.0,1,4,1,6.0,30,1,1,1,2,1,1,1,1,0,4,2,22,2,5,2020,1.0,0.0,0.0,0.0,2.0,0,0,1,1,1,1,0
48377,CHICAGO,IL,60653,19.0,0.0,0.0,0.0,1,27,62,2003.0,1,3,1,1.0,30,1,1,1,2,1,1,1,1,0,4,2,22,2,5,2020,1.0,0.0,0.0,0.0,2.0,0,0,1,1,1,1,0
48378,CHICAGO,IL,60653,19.0,0.0,0.0,0.0,1,7,25,2007.0,1,4,1,6.0,30,1,1,1,2,1,1,1,1,0,4,2,22,2,5,2020,1.0,0.0,0.0,0.0,2.0,0,0,1,1,1,1,0
48379,OAK_LAWN,IL,60453,36.9,0.0,3.0,0.0,1,27,62,2003.0,1,3,1,1.0,30,1,1,1,2,1,1,1,1,0,4,2,22,2,5,2020,1.0,0.0,0.0,0.0,2.0,0,0,1,1,1,1,0
48380,OAK_LAWN,IL,60453,36.9,0.0,3.0,0.0,1,7,25,2007.0,1,4,1,6.0,30,1,1,1,2,1,1,1,1,0,4,2,22,2,5,2020,1.0,0.0,0.0,0.0,2.0,0,0,1,1,1,1,0
48381,OAK_LAWN,IL,60453,36.9,0.0,3.0,0.0,1,27,62,2003.0,1,3,1,1.0,30,1,1,1,2,1,1,1,1,0,4,2,22,2,5,2020,1.0,0.0,0.0,0.0,2.0,0,0,1,1,1,1,0
48382,OAK_LAWN,IL,60453,36.9,0.0,3.0,0.0,1,7,25,2007.0,1,4,1,6.0,30,1,1,1,2,1,1,1,1,0,4,2,22,2,5,2020,1.0,0.0,0.0,0.0,2.0,0,0,1,1,1,1,0
48383,CHICAGO,IL,60653,19.0,0.0,0.0,0.0,1,27,62,2003.0,1,3,1,1.0,30,1,1,1,2,1,1,1,1,0,4,2,22,2,5,2020,1.0,0.0,0.0,0.0,2.0,0,0,1,1,1,1,0
48384,CHICAGO,IL,60653,19.0,0.0,0.0,0.0,1,7,25,2007.0,1,4,1,6.0,30,1,1,1,2,1,1,1,1,0,4,2,22,2,5,2020,1.0,0.0,0.0,0.0,2.0,0,0,1,1,1,1,0
48385,CHICAGO,IL,60653,19.0,0.0,0.0,0.0,1,27,62,2003.0,1,3,1,1.0,30,1,1,1,2,1,1,1,1,0,4,2,22,2,5,2020,1.0,0.0,0.0,0.0,2.0,0,0,1,1,1,1,0
48386,CHICAGO,IL,60653,19.0,0.0,0.0,0.0,1,7,25,2007.0,1,4,1,6.0,30,1,1,1,2,1,1,1,1,0,4,2,22,2,5,2020,1.0,0.0,0.0,0.0,2.0,0,0,1,1,1,1,0
48387,OAK_LAWN,IL,60453,36.9,0.0,3.0,0.0,1,27,62,2003.0,1,3,1,1.0,30,1,1,1,2,1,1,1,1,0,4,2,22,2,5,2020,1.0,0.0,0.0,0.0,2.0,0,0,1,1,1,1,0
48388,OAK_LAWN,IL,60453,36.9,0.0,3.0,0.0,1,7,25,2007.0,1,4,1,6.0,30,1,1,1,2,1,1,1,1,0,4,2,22,2,5,2020,1.0,0.0,0.0,0.0,2.0,0,0,1,1,1,1,0
48389,OAK_LAWN,IL,60453,36.9,0.0,3.0,0.0,1,27,62,2003.0,1,3,1,1.0,30,1,1,1,2,1,1,1,1,0,4,2,22,2,5,2020,1.0,0.0,0.0,0.0,2.0,0,0,1,1,1,1,0
48390,OAK_LAWN,IL,60453,36.9,0.0,3.0,0.0,1,7,25,2007.0,1,4,1,6.0,30,1,1,1,2,1,1,1,1,0,4,2,22,2,5,2020,1.0,0.0,0.0,0.0,2.0,0,0,1,1,1,1,0
48616,CHICAGO,IL,60620,46.0,0.0,0.0,0.0,1,12,142,2001.0,1,4,2,6.0,35,1,1,1,1,2,4,1,1,0,1,2,10,7,6,2020,0.0,1.0,0.0,0.0,0.0,0,0,1,0,1,1,0
48640,CROWN_POINT,IN,46307,32.0,0.0,0.0,0.0,1,5,7,2000.0,1,3,1,3.0,30,2,1,1,2,1,1,1,1,0,2,2,22,7,6,2020,1.0,0.0,0.0,0.0,0.0,0,0,1,0,1,1,1
48702,UNKNOWN,XX,0,36.0,0.0,2.0,0.0,1,4,1,2019.0,2,3,1,-1.0,15,0,0,1,2,1,1,1,2,0,2,2,0,4,6,2020,1.0,0.0,0.0,0.0,1.0,0,0,1,1,1,1,1
48703,UNKNOWN,XX,0,36.0,0.0,2.0,0.0,1,3,3,2010.0,1,4,16,4.0,15,0,0,1,2,1,1,1,2,0,2,2,0,4,6,2020,1.0,0.0,0.0,0.0,1.0,0,0,1,1,1,1,1
48704,YPSILANTI,MI,48197,21.0,0.0,0.0,0.0,1,4,1,2019.0,2,3,1,-1.0,15,0,0,1,2,1,1,1,2,0,2,2,0,4,6,2020,1.0,0.0,0.0,0.0,1.0,0,0,1,1,1,1,1
48705,YPSILANTI,MI,48197,21.0,0.0,0.0,0.0,1,3,3,2010.0,1,4,16,4.0,15,0,0,1,2,1,1,1,2,0,2,2,0,4,6,2020,1.0,0.0,0.0,0.0,1.0,0,0,1,1,1,1,1
48715,UNKNOWN,XX,0,38.0,-1.0,3.0,0.0,1,2,19,2010.0,-1,3,1,3.0,25,1,1,1,1,5,0,1,1,0,1,2,13,2,5,2020,1.0,0.0,0.0,0.0,3.0,0,0,1,1,1,1,0
48717,UNKNOWN,XX,0,38.0,-1.0,3.0,0.0,1,2,19,2010.0,-1,3,1,3.0,25,1,1,1,1,5,0,1,1,0,1,2,13,2,5,2020,1.0,0.0,0.0,0.0,3.0,0,0,1,1,1,1,0
48723,UNKNOWN,XX,0,38.0,-1.0,3.0,0.0,1,2,19,2010.0,-1,3,1,3.0,25,1,1,1,1,5,0,1,1,0,1,2,13,2,5,2020,1.0,0.0,0.0,0.0,3.0,0,0,1,1,1,1,0
48725,UNKNOWN,XX,0,38.0,-1.0,3.0,0.0,1,2,19,2010.0,-1,3,1,3.0,25,1,1,1,1,5,0,1,1,0,1,2,13,2,5,2020,1.0,0.0,0.0,0.0,3.0,0,0,1,1,1,1,0
49123,CHICAGO,IL,60620,63.0,0.0,8.0,0.0,1,14,241,2005.0,3,3,8,11.0,30,1,1,3,1,4,3,1,1,0,1,2,15,3,5,2020,0.0,1.0,0.0,0.0,0.0,0,1,0,1,1,0,0
49124,CHICAGO,IL,60620,63.0,0.0,8.0,0.0,1,4,5,2016.0,1,3,1,9.0,30,1,1,3,1,4,3,1,1,0,1,2,15,3,5,2020,0.0,1.0,0.0,0.0,0.0,0,1,0,1,1,0,0
49125,CHICAGO,IL,60619,60.0,0.0,0.0,0.0,1,14,241,2005.0,3,3,8,11.0,30,1,1,3,1,4,3,1,1,0,1,2,15,3,5,2020,0.0,1.0,0.0,0.0,0.0,0,1,0,1,1,0,0
49126,CHICAGO,IL,60619,60.0,0.0,0.0,0.0,1,4,5,2016.0,1,3,1,9.0,30,1,1,3,1,4,3,1,1,0,1,2,15,3,5,2020,0.0,1.0,0.0,0.0,0.0,0,1,0,1,1,0,0
49294,CHICAGO,IL,60647,30.0,0.0,0.0,0.0,1,12,32,2016.0,1,2,3,7.0,30,1,1,1,1,3,0,1,1,0,2,2,15,3,5,2020,0.0,1.0,0.0,0.0,0.0,1,0,0,0,1,1,0
49482,CHICAGO,IL,60628,30.0,0.0,0.0,0.0,1,10,26,2016.0,1,1,1,2.0,30,1,1,1,2,3,0,1,1,0,1,2,20,3,5,2020,0.0,1.0,0.0,0.0,0.0,0,0,1,0,1,1,0
49609,CHICAGO,IL,60619,30.0,0.0,3.0,0.0,1,2,8,2010.0,1,2,1,1.0,30,1,1,1,1,1,8,1,1,0,1,2,8,1,5,2020,1.0,0.0,0.0,0.0,3.0,0,0,1,1,1,0,1
49610,CHICAGO,IL,60619,30.0,0.0,3.0,0.0,1,4,5,2018.0,1,3,1,5.0,30,1,1,1,1,1,8,1,1,0,1,2,8,1,5,2020,1.0,0.0,0.0,0.0,3.0,0,0,1,1,1,0,1
49611,CHICAGO,IL,60619,38.0,0.0,0.0,0.0,1,2,8,2010.0,1,2,1,1.0,30,1,1,1,1,1,8,1,1,0,1,2,8,1,5,2020,1.0,0.0,0.0,0.0,3.0,0,0,1,0,1,0,1
49612,CHICAGO,IL,60619,38.0,0.0,0.0,0.0,1,4,5,2018.0,1,3,1,5.0,30,1,1,1,1,1,8,1,1,0,1,2,8,1,5,2020,1.0,0.0,0.0,0.0,3.0,0,0,1,0,1,0,1
49947,CHICAGO,IL,60619,38.0,0.0,-1.0,0.0,1,5,1,2000.0,6,2,-1,-1.0,25,1,1,1,1,4,2,1,1,0,2,2,12,4,5,2020,1.0,0.0,0.0,0.0,3.0,0,1,0,0,1,1,1
49948,CHICAGO,IL,60653,59.0,-1.0,-1.0,0.0,1,-1,1,2010.0,1,2,-1,-1.0,25,1,1,1,1,4,2,1,1,0,2,2,12,4,5,2020,1.0,0.0,0.0,0.0,3.0,0,1,0,1,1,1,1
49949,CHICAGO,IL,60653,59.0,-1.0,-1.0,0.0,1,5,1,2000.0,6,2,-1,-1.0,25,1,1,1,1,4,2,1,1,0,2,2,12,4,5,2020,1.0,0.0,0.0,0.0,3.0,0,1,0,1,1,1,1
49981,CHICAGO,IL,60653,36.0,0.0,-1.0,0.0,1,4,11,2015.0,1,3,3,2.0,30,1,1,1,1,3,0,2,1,0,3,2,14,4,5,2020,1.0,0.0,0.0,0.0,1.0,0,0,1,1,1,1,1
49982,CHICAGO,IL,60618,24.0,0.0,0.0,0.0,1,-1,1,2010.0,1,3,-1,1.0,30,1,1,1,1,3,0,2,1,0,3,2,14,4,5,2020,1.0,0.0,0.0,0.0,1.0,0,0,1,0,1,1,1
49983,CHICAGO,IL,60618,24.0,0.0,0.0,0.0,1,4,11,2015.0,1,3,3,2.0,30,1,1,1,1,3,0,2,1,0,3,2,14,4,5,2020,1.0,0.0,0.0,0.0,1.0,0,0,1,0,1,1,1
50047,CHICAGO,IL,60638,38.0,1.0,0.0,0.0,1,21,300,2011.0,3,3,4,4.0,30,0,0,1,1,9,0,1,1,0,1,2,14,4,5,2020,0.0,0.0,0.0,1.0,2.0,0,0,1,0,1,1,1
50224,CHICAGO,IL,60641,32.0,0.0,0.0,0.0,1,7,10,2020.0,1,2,1,2.0,30,1,1,1,1,3,0,1,1,0,2,2,18,4,5,2020,0.0,1.0,0.0,0.0,0.0,0,1,0,1,1,1,0
50438,CHICAGO,IL,60641,36.9,0.0,3.0,0.0,1,1,20,2018.0,1,1,1,3.0,30,1,1,1,2,1,1,1,1,0,2,2,23,4,5,2020,1.0,0.0,0.0,0.0,2.0,0,0,1,0,1,1,1
50439,CHICAGO,IL,60624,33.0,0.0,0.0,0.0,1,13,1,2011.0,1,2,1,1.0,30,1,1,1,2,1,1,1,1,0,2,2,23,4,5,2020,1.0,0.0,0.0,0.0,2.0,0,0,1,1,1,1,1
50440,CHICAGO,IL,60624,33.0,0.0,0.0,0.0,1,1,20,2018.0,1,1,1,3.0,30,1,1,1,2,1,1,1,1,0,2,2,23,4,5,2020,1.0,0.0,0.0,0.0,2.0,0,0,1,1,1,1,1
50442,MESQUITE,TX,75149,30.0,0.0,0.0,0.0,1,2,8,2019.0,1,1,4,6.0,30,1,1,1,2,2,6,1,1,0,2,2,23,4,5,2020,0.0,1.0,0.0,0.0,0.0,0,1,0,1,1,1,1
50483,CHICAGO,IL,60634,60.0,0.0,0.0,0.0,1,3,28,2019.0,1,3,3,2.0,35,2,1,1,2,3,2,1,1,0,1,2,23,4,5,2020,0.0,1.0,0.0,0.0,0.0,0,0,1,1,0,1,1
50709,CHICAGO,IL,60644,41.0,0.0,0.0,0.0,1,1,77,2009.0,1,2,1,4.0,30,1,1,1,1,4,0,1,1,0,2,2,11,6,6,2020,0.0,1.0,0.0,0.0,0.0,0,0,1,1,1,1,0
50814,CHICAGO,IL,60619,66.0,0.0,0.0,0.0,1,10,67,2012.0,1,2,3,2.0,30,1,1,3,1,3,2,1,1,0,1,2,12,5,5,2020,0.0,1.0,0.0,0.0,0.0,0,1,0,1,1,1,0
50934,CHICAGO,IL,60619,25.0,0.0,-1.0,0.0,1,7,59,2010.0,1,2,-1,-1.0,20,2,1,1,1,8,1,1,1,0,2,3,15,5,5,2020,1.0,0.0,0.0,0.0,3.0,0,0,1,1,1,1,1
50935,CHICAGO,IL,60619,25.0,0.0,-1.0,0.0,2,13,1,2010.0,1,2,5,2.0,20,2,1,1,1,8,1,1,1,0,2,3,15,5,5,2020,1.0,0.0,0.0,0.0,3.0,0,0,1,1,1,1,1
50936,CHICAGO,IL,60619,25.0,0.0,-1.0,0.0,1,21,1,2010.0,1,2,1,7.0,20,2,1,1,1,8,1,1,1,0,2,3,15,5,5,2020,1.0,0.0,0.0,0.0,3.0,0,0,1,1,1,1,1
50995,PARK_FOREST,IL,60466,36.0,0.0,0.0,0.0,1,13,72,2006.0,-1,3,1,1.0,25,2,1,1,1,1,0,1,1,0,2,2,16,5,5,2020,1.0,0.0,0.0,0.0,0.0,0,0,1,1,1,1,1
50996,PARK_FOREST,IL,60466,36.0,0.0,0.0,0.0,1,24,317,2014.0,1,2,1,7.0,25,2,1,1,1,1,0,1,1,0,2,2,16,5,5,2020,1.0,0.0,0.0,0.0,0.0,0,0,1,1,1,1,1
51046,CHICAGO,IL,60651,38.0,-1.0,-1.0,0.0,1,23,95,2007.0,2,1,3,2.0,30,1,1,1,1,3,1,1,1,0,1,2,17,5,5,2020,1.0,0.0,0.0,0.0,3.0,0,0,1,1,1,1,1
51047,CHICAGO,IL,60651,38.0,-1.0,-1.0,0.0,1,1,1,2013.0,1,1,1,1.0,30,1,1,1,1,3,1,1,1,0,1,2,17,5,5,2020,1.0,0.0,0.0,0.0,3.0,0,0,1,1,1,1,1
51048,CHICAGO,IL,60632,44.0,0.0,0.0,0.0,1,23,95,2007.0,2,1,3,2.0,30,1,1,1,1,3,1,1,1,0,1,2,17,5,5,2020,1.0,0.0,0.0,0.0,3.0,0,0,1,0,1,1,1
51049,CHICAGO,IL,60632,44.0,0.0,0.0,0.0,1,1,1,2013.0,1,1,1,1.0,30,1,1,1,1,3,1,1,1,0,1,2,17,5,5,2020,1.0,0.0,0.0,0.0,3.0,0,0,1,0,1,1,1
51122,CHICAGO,IL,60632,36.9,0.0,3.0,0.0,1,-1,1,2011.0,4,4,1,1.0,30,1,1,1,1,1,1,1,1,0,2,2,17,5,5,2020,1.0,0.0,0.0,0.0,2.0,0,0,1,1,1,1,1
51123,CHICAGO,IL,60632,36.9,0.0,3.0,0.0,1,1,14,2013.0,1,3,1,9.0,30,1,1,1,1,1,1,1,1,0,2,2,17,5,5,2020,1.0,0.0,0.0,0.0,2.0,0,0,1,1,1,1,1
51124,CHICAGO,IL,60641,30.0,0.0,0.0,0.0,1,-1,1,2011.0,4,4,1,1.0,30,1,1,1,1,1,1,1,1,0,2,2,17,5,5,2020,1.0,0.0,0.0,0.0,2.0,0,0,1,0,1,1,1
51125,CHICAGO,IL,60641,30.0,0.0,0.0,0.0,1,1,14,2013.0,1,3,1,9.0,30,1,1,1,1,1,1,1,1,0,2,2,17,5,5,2020,1.0,0.0,0.0,0.0,2.0,0,0,1,0,1,1,1
51315,CHICAGO,IL,60618,57.0,0.0,0.0,0.0,1,3,12,2005.0,1,1,1,11.0,30,2,1,1,2,1,0,1,1,0,3,2,20,5,5,2020,0.0,1.0,0.0,0.0,0.0,0,0,1,1,1,1,0
51392,MERRIVILLE,IN,46410,23.0,0.0,0.0,0.0,1,10,67,2011.0,1,4,1,1.0,30,0,0,1,1,2,2,1,1,0,2,2,19,5,5,2020,1.0,0.0,0.0,0.0,1.0,0,0,1,0,1,1,0
51393,MERRIVILLE,IN,46410,23.0,0.0,0.0,0.0,1,3,1,2010.0,1,2,2,5.0,30,0,0,1,1,2,2,1,1,0,2,2,19,5,5,2020,1.0,0.0,0.0,0.0,1.0,0,0,1,0,1,1,0
51394,UNKNOWN,XX,0,36.0,0.0,2.0,0.0,1,10,67,2011.0,1,4,1,1.0,30,0,0,1,1,2,2,1,1,0,2,2,19,5,5,2020,1.0,0.0,0.0,0.0,1.0,0,0,1,1,1,1,0
51395,UNKNOWN,XX,0,36.0,0.0,2.0,0.0,1,3,1,2010.0,1,2,2,5.0,30,0,0,1,1,2,2,1,1,0,2,2,19,5,5,2020,1.0,0.0,0.0,0.0,1.0,0,0,1,1,1,1,0
51970,ZION,IL,60099,35.0,0.0,0.0,0.0,1,-1,1,2011.0,1,1,6,-1.0,30,3,1,1,1,9,5,3,1,-1,1,2,18,6,5,2020,0.0,0.0,0.0,1.0,2.0,0,0,1,1,1,1,1
52078,CHICAGO,IL,60644,40.0,-1.0,0.0,0.0,1,-1,1,2010.0,-1,4,1,4.0,30,0,0,1,3,5,2,1,1,0,2,2,21,6,5,2020,0.0,0.0,0.0,0.0,3.0,1,0,0,1,1,1,1
52241,ZION,IL,60099,35.0,0.0,0.0,0.0,1,-1,1,2011.0,1,1,6,-1.0,30,3,1,1,1,9,5,3,1,-1,1,2,18,6,5,2020,0.0,0.0,0.0,1.0,2.0,0,0,1,1,1,1,0
52661,UNKNOWN,XX,0,36.0,0.0,-1.0,0.0,1,4,1,2004.0,-1,3,-1,1.0,30,1,-1,-1,-1,3,6,1,-1,-1,1,2,19,7,5,2020,1.0,0.0,0.0,0.0,1.0,0,0,1,0,1,1,0
52662,UNKNOWN,XX,0,36.0,0.0,-1.0,0.0,1,14,101,2017.0,-1,3,9,2.0,30,1,-1,-1,-1,3,6,1,-1,-1,1,2,19,7,5,2020,1.0,0.0,0.0,0.0,1.0,0,0,1,0,1,1,0
52663,CHICAGO,IL,60652,27.0,0.0,-1.0,0.0,1,4,1,2004.0,-1,3,-1,1.0,30,1,-1,-1,-1,3,6,1,-1,-1,1,2,19,7,5,2020,1.0,0.0,0.0,0.0,1.0,0,0,1,1,1,1,0
52664,CHICAGO,IL,60652,27.0,0.0,-1.0,0.0,1,14,101,2017.0,-1,3,9,2.0,30,1,-1,-1,-1,3,6,1,-1,-1,1,2,19,7,5,2020,1.0,0.0,0.0,0.0,1.0,0,0,1,1,1,1,0
52671,UNKNOWN,XX,0,36.9,0.0,3.0,0.0,1,11,1,2011.0,-1,4,1,4.0,30,1,1,1,1,1,1,1,1,0,1,2,19,7,5,2020,1.0,0.0,0.0,0.0,2.0,0,0,1,0,1,1,1
52672,UNKNOWN,XX,0,36.9,0.0,3.0,0.0,1,14,60,2014.0,4,3,1,1.0,30,1,1,1,1,1,1,1,1,0,1,2,19,7,5,2020,1.0,0.0,0.0,0.0,2.0,0,0,1,0,1,1,1
52673,CHICAGO,IL,60619,60.0,0.0,0.0,0.0,1,11,1,2011.0,-1,4,1,4.0,30,1,1,1,1,1,1,1,1,0,1,2,19,7,5,2020,1.0,0.0,0.0,0.0,2.0,0,0,1,1,1,1,1
52674,CHICAGO,IL,60619,60.0,0.0,0.0,0.0,1,14,60,2014.0,4,3,1,1.0,30,1,1,1,1,1,1,1,1,0,1,2,19,7,5,2020,1.0,0.0,0.0,0.0,2.0,0,0,1,1,1,1,1
52761,EVANSTON,IL,60202,52.0,-1.0,-1.0,0.0,1,4,29,2011.0,1,6,4,4.0,30,0,0,1,4,5,0,1,1,0,3,2,23,7,5,2020,0.0,0.0,0.0,0.0,2.0,0,0,1,1,1,1,1
52811,UNKNOWN,XX,0,36.0,0.0,2.0,0.0,1,-1,1,2010.0,-1,2,1,9.0,30,1,1,1,2,9,1,1,1,0,2,2,22,7,5,2020,1.0,0.0,0.0,0.0,1.0,0,0,1,0,1,1,0
52813,CHICAGO,IL,60619,39.0,0.0,0.0,0.0,1,-1,1,2010.0,-1,2,1,9.0,30,1,1,1,2,9,1,1,1,0,2,2,22,7,5,2020,0.0,0.0,0.0,1.0,1.0,0,0,1,1,1,1,0
52969,CHICAGO,IL,60629,36.0,0.0,-1.0,0.0,1,2,180,2010.0,1,1,1,1.0,30,1,1,1,1,3,2,1,1,0,1,2,13,2,6,2020,1.0,0.0,0.0,0.0,1.0,0,1,0,1,1,1,0
52970,CHICAGO,IL,60629,36.0,0.0,-1.0,0.0,1,1,161,2000.0,3,1,3,2.0,30,1,1,1,1,3,2,1,1,0,1,2,13,2,6,2020,1.0,0.0,0.0,0.0,1.0,0,1,0,1,1,1,0
52971,CHICAGO_HEIGHTS,IL,60411,56.0,0.0,0.0,0.0,1,2,180,2010.0,1,1,1,1.0,30,1,1,1,1,3,2,1,1,0,1,2,13,2,6,2020,1.0,0.0,0.0,0.0,1.0,0,1,0,1,1,1,0
52972,CHICAGO_HEIGHTS,IL,60411,56.0,0.0,0.0,0.0,1,1,161,2000.0,3,1,3,2.0,30,1,1,1,1,3,2,1,1,0,1,2,13,2,6,2020,1.0,0.0,0.0,0.0,1.0,0,1,0,1,1,1,0
53090,CHICAGO,IL,60639,26.0,0.0,0.0,0.0,1,10,26,2013.0,1,1,1,1.0,30,2,1,1,2,1,1,1,1,0,1,2,0,1,5,2020,0.0,1.0,0.0,0.0,0.0,0,0,1,0,1,1,0
53106,CHICAGO,IL,60623,16.0,0.0,2.0,0.0,1,10,26,2006.0,1,3,14,11.0,30,1,1,1,1,5,2,1,1,0,3,2,12,1,5,2020,1.0,0.0,0.0,0.0,1.0,0,0,1,0,1,1,0
53108,CHICAGO,IL,60616,49.0,-1.0,12.0,0.0,1,10,26,2006.0,1,3,14,11.0,30,1,1,1,1,5,2,1,1,0,3,2,12,1,5,2020,0.0,0.0,0.0,0.0,1.0,0,0,1,1,1,1,0
53139,CHICAGO,IL,60647,27.0,0.0,0.0,0.0,1,5,13,2018.0,1,2,1,9.0,30,1,1,1,1,2,0,1,1,0,2,2,14,1,5,2020,0.0,1.0,0.0,0.0,0.0,0,0,1,0,1,1,0
53173,CHICAGO,IL,60647,36.0,-1.0,-1.0,0.0,1,1,54,2015.0,4,3,1,1.0,30,1,1,1,1,6,0,1,1,0,3,2,16,1,5,2020,1.0,0.0,0.0,0.0,1.0,0,0,1,1,1,1,0
53174,CHICAGO,IL,60639,24.0,0.0,0.0,0.0,1,13,36,2010.0,1,1,11,-1.0,30,1,1,1,1,6,0,1,1,0,3,2,16,1,5,2020,1.0,0.0,0.0,0.0,1.0,0,0,1,0,1,1,0
53175,CHICAGO,IL,60639,24.0,0.0,0.0,0.0,1,1,54,2015.0,4,3,1,1.0,30,1,1,1,1,6,0,1,1,0,3,2,16,1,5,2020,1.0,0.0,0.0,0.0,1.0,0,0,1,0,1,1,0
53183,CHICAGO,IL,60644,47.0,-1.0,0.0,0.0,1,-1,2,2011.0,-1,2,1,-1.0,30,1,1,1,1,5,1,1,1,0,2,2,16,1,5,2020,0.0,0.0,0.0,0.0,2.0,0,0,1,1,1,1,0
53185,CHICAGO,IL,60644,36.9,0.0,3.0,0.0,1,-1,2,2011.0,-1,2,1,-1.0,30,1,1,1,1,5,1,1,1,0,2,2,16,1,5,2020,1.0,0.0,0.0,0.0,2.0,0,0,1,1,1,1,0
53239,CHICAGO,IL,60644,36.0,-1.0,6.0,0.0,1,-1,1,2010.0,1,3,1,-1.0,30,2,1,1,1,1,2,1,1,0,2,2,17,1,5,2020,1.0,0.0,0.0,0.0,1.0,0,0,1,0,1,1,0