index,CITY,STATE,ZIPCODE,AGE,EJECTION,DRIVER_ACTION,BAC_RESULT,UNIT_TYPE,MAKE,MODEL,VEHICLE_YEAR,VEHICLE_TYPE,TRAVEL_DIRECTION,MANEUVER,FIRST_CONTACT_POINT,POSTED_SPEED_LIMIT,TRAFFIC_CONTROL_DEVICE,DEVICE_CONDITION,WEATHER_CONDITION,LIGHTING_CONDITION,FIRST_CRASH_TYPE,TRAFFICWAY_TYPE,ALIGNMENT,ROADWAY_SURFACE_COND,ROAD_DEFECT,STREET_DIRECTION,NUM_UNITS,CRASH_HOUR,CRASH_DAY_OF_WEEK,CRASH_MONTH,CRASH_YEAR,FATAL_INBOTH,FATAL_CARPPL,FATAL_OTHPPL,FATAL_INAUTO,FATAL_DEGREE,DAMAGE_500_OR_LESS,DAMAGE_501_1500,DAMAGE_OVER_1500,SEX,INTERSECTION_RELATED,HIT_AND_RUN,REPORTYPE
53240,CHICAGO,IL,60644,36.0,-1.0,6.0,0.0,1,3,366,2018.0,1,2,9,6.0,30,2,1,1,1,1,2,1,1,0,2,2,17,1,5,2020,1.0,0.0,0.0,0.0,1.0,0,0,1,0,1,1,0
53241,CHICAGO,IL,60637,68.0,0.0,0.0,0.0,1,-1,1,2010.0,1,3,1,-1.0,30,2,1,1,1,1,2,1,1,0,2,2,17,1,5,2020,1.0,0.0,0.0,0.0,1.0,0,0,1,1,1,1,0
53242,CHICAGO,IL,60637,68.0,0.0,0.0,0.0,1,3,366,2018.0,1,2,9,6.0,30,2,1,1,1,1,2,1,1,0,2,2,17,1,5,2020,1.0,0.0,0.0,0.0,1.0,0,0,1,1,1,1,0
53340,CHICAGO,IL,60637,38.0,-1.0,3.0,0.0,1,16,1,2002.0,1,1,1,1.0,30,1,1,1,4,2,1,1,1,-1,3,2,19,1,5,2020,1.0,0.0,0.0,0.0,3.0,0,0,1,1,1,1,1
53341,CHICAGO,IL,60637,38.0,-1.0,3.0,0.0,1,8,1,2018.0,1,4,4,12.0,30,1,1,1,4,2,1,1,1,-1,3,2,19,1,5,2020,1.0,0.0,0.0,0.0,3.0,0,0,1,1,1,1,1
53342,SPRINGFIELD,IL,62704,65.0,1.0,-1.0,-1.0,1,16,1,2002.0,1,1,1,1.0,30,1,1,1,4,2,1,1,1,-1,3,2,19,1,5,2020,1.0,0.0,0.0,0.0,3.0,0,0,1,1,1,1,1
53343,SPRINGFIELD,IL,62704,65.0,1.0,-1.0,-1.0,1,8,1,2018.0,1,4,4,12.0,30,1,1,1,4,2,1,1,1,-1,3,2,19,1,5,2020,1.0,0.0,0.0,0.0,3.0,0,0,1,1,1,1,1
53362,CALUMET_PARK,IL,60827,29.0,0.0,0.0,0.0,1,8,1,2012.0,1,2,1,1.0,30,1,1,1,1,1,1,1,1,0,1,2,20,1,5,2020,1.0,0.0,0.0,0.0,0.0,0,0,1,0,1,1,1
53363,CALUMET_PARK,IL,60827,29.0,0.0,0.0,0.0,1,2,24,2013.0,1,1,1,-1.0,30,1,1,1,1,1,1,1,1,0,1,2,20,1,5,2020,1.0,0.0,0.0,0.0,0.0,0,0,1,0,1,1,1
53547,OAK_LAWN,IL,60453,32.0,0.0,0.0,0.0,1,4,5,2018.0,1,4,3,2.0,30,2,1,1,1,3,0,1,1,0,2,2,18,1,5,2020,0.0,1.0,0.0,0.0,0.0,0,0,1,1,1,1,0
53556,MAYWOOD,IL,60153,24.0,0.0,0.0,0.0,1,18,91,2006.0,2,2,3,1.0,25,2,0,1,1,3,3,1,1,0,2,2,14,1,5,2020,0.0,1.0,0.0,0.0,0.0,0,1,0,0,1,1,0
53557,MAYWOOD,IL,60153,24.0,0.0,0.0,0.0,1,21,356,2014.0,1,2,3,2.0,25,2,0,1,1,3,3,1,1,0,2,2,14,1,5,2020,0.0,1.0,0.0,0.0,0.0,0,1,0,0,1,1,0
53608,OAK_LAWN,IL,60453,36.9,0.0,3.0,0.0,1,-1,2,2011.0,4,4,1,1.0,25,2,-1,-1,1,1,1,1,-1,-1,1,2,15,1,5,2020,1.0,0.0,0.0,0.0,2.0,0,0,1,0,1,1,0
53609,OAK_LAWN,IL,60453,36.9,0.0,3.0,0.0,1,1,4,2012.0,1,1,1,9.0,25,2,-1,-1,1,1,1,1,-1,-1,1,2,15,1,5,2020,1.0,0.0,0.0,0.0,2.0,0,0,1,0,1,1,0
53610,CHICAGO,IL,60617,76.0,0.0,0.0,0.0,1,-1,2,2011.0,4,4,1,1.0,25,2,-1,-1,1,1,1,1,-1,-1,1,2,15,1,5,2020,1.0,0.0,0.0,0.0,2.0,0,0,1,0,1,1,0
53611,CHICAGO,IL,60617,76.0,0.0,0.0,0.0,1,1,4,2012.0,1,1,1,9.0,25,2,-1,-1,1,1,1,1,-1,-1,1,2,15,1,5,2020,1.0,0.0,0.0,0.0,2.0,0,0,1,0,1,1,0
53702,STERLING,IL,61081,54.0,0.0,0.0,0.0,1,11,102,2004.0,1,2,1,6.0,30,2,1,1,1,4,0,1,1,0,2,2,17,1,5,2020,0.0,1.0,0.0,0.0,0.0,0,0,1,0,1,1,0
53707,CHICAGO,IL,60612,39.0,0.0,0.0,0.0,1,7,10,2017.0,2,1,1,3.0,30,1,1,1,1,2,1,1,1,0,1,2,17,1,5,2020,0.0,1.0,0.0,0.0,0.0,0,1,0,1,1,1,0
53923,CHICAGO,IL,60621,35.0,0.0,6.0,0.0,1,-1,2,2010.0,1,-1,-1,-1.0,30,0,0,1,1,6,3,1,1,0,2,2,15,1,5,2020,1.0,0.0,0.0,0.0,3.0,0,0,1,1,1,1,1
53924,CHICAGO,IL,60621,35.0,0.0,6.0,0.0,1,14,117,2004.0,1,-1,-1,-1.0,30,0,0,1,1,6,3,1,1,0,2,2,15,1,5,2020,1.0,0.0,0.0,0.0,3.0,0,0,1,1,1,1,1
53925,CHICAGO,IL,60649,26.0,-1.0,-1.0,0.0,1,-1,2,2010.0,1,-1,-1,-1.0,30,0,0,1,1,6,3,1,1,0,2,2,15,1,5,2020,1.0,0.0,0.0,0.0,3.0,0,0,1,0,1,1,1
53926,CHICAGO,IL,60649,26.0,-1.0,-1.0,0.0,1,14,117,2004.0,1,-1,-1,-1.0,30,0,0,1,1,6,3,1,1,0,2,2,15,1,5,2020,1.0,0.0,0.0,0.0,3.0,0,0,1,0,1,1,1
53973,CHICAGO,IL,60649,38.0,-1.0,3.0,0.0,1,1,76,2000.0,-1,2,1,3.0,30,1,1,1,1,1,0,1,1,0,1,2,15,1,5,2020,1.0,0.0,0.0,0.0,3.0,0,0,1,0,1,1,0
53974,CHICAGO,IL,60649,38.0,-1.0,3.0,0.0,1,10,149,2004.0,1,3,1,4.0,30,1,1,1,1,1,0,1,1,0,1,2,15,1,5,2020,1.0,0.0,0.0,0.0,3.0,0,0,1,0,1,1,0
53975,CHICAGO,IL,60636,64.0,3.0,0.0,0.0,1,1,76,2000.0,-1,2,1,3.0,30,1,1,1,1,1,0,1,1,0,1,2,15,1,5,2020,1.0,0.0,0.0,0.0,3.0,0,0,1,0,1,1,0
53976,CHICAGO,IL,60636,64.0,3.0,0.0,0.0,1,10,149,2004.0,1,3,1,4.0,30,1,1,1,1,1,0,1,1,0,1,2,15,1,5,2020,1.0,0.0,0.0,0.0,3.0,0,0,1,0,1,1,0
54154,DEKALB,IL,60115,25.0,0.0,3.0,0.0,1,1,27,2001.0,1,2,1,1.0,30,2,1,1,1,1,1,1,1,3,3,3,16,2,6,2020,1.0,0.0,0.0,0.0,3.0,0,0,1,0,1,1,1
54155,DEKALB,IL,60115,25.0,0.0,3.0,0.0,1,8,34,2019.0,1,1,1,3.0,30,2,1,1,1,1,1,1,1,3,3,3,16,2,6,2020,1.0,0.0,0.0,0.0,3.0,0,0,1,0,1,1,1
54156,DEKALB,IL,60115,25.0,0.0,3.0,0.0,1,-1,2,2011.0,11,4,3,1.0,30,2,1,1,1,1,1,1,1,3,3,3,16,2,6,2020,1.0,0.0,0.0,0.0,3.0,0,0,1,0,1,1,1
54157,CHICAGO,IL,60647,57.0,0.0,0.0,0.0,1,1,27,2001.0,1,2,1,1.0,30,2,1,1,1,1,1,1,1,3,3,3,16,2,6,2020,1.0,0.0,0.0,0.0,3.0,0,0,1,1,1,1,1
54158,CHICAGO,IL,60647,57.0,0.0,0.0,0.0,1,8,34,2019.0,1,1,1,3.0,30,2,1,1,1,1,1,1,1,3,3,3,16,2,6,2020,1.0,0.0,0.0,0.0,3.0,0,0,1,1,1,1,1
54159,CHICAGO,IL,60647,57.0,0.0,0.0,0.0,1,-1,2,2011.0,11,4,3,1.0,30,2,1,1,1,1,1,1,1,3,3,3,16,2,6,2020,1.0,0.0,0.0,0.0,3.0,0,0,1,1,1,1,1
54160,CHICAGO,IL,60647,52.0,1.0,0.0,0.0,1,1,27,2001.0,1,2,1,1.0,30,2,1,1,1,1,1,1,1,3,3,3,16,2,6,2020,1.0,0.0,0.0,0.0,3.0,0,0,1,1,1,1,1
54161,CHICAGO,IL,60647,52.0,1.0,0.0,0.0,1,8,34,2019.0,1,1,1,3.0,30,2,1,1,1,1,1,1,1,3,3,3,16,2,6,2020,1.0,0.0,0.0,0.0,3.0,0,0,1,1,1,1,1
54162,CHICAGO,IL,60647,52.0,1.0,0.0,0.0,1,-1,2,2011.0,11,4,3,1.0,30,2,1,1,1,1,1,1,1,3,3,3,16,2,6,2020,1.0,0.0,0.0,0.0,3.0,0,0,1,1,1,1,1
54213,CHICAGO,IL,60637,30.0,0.0,6.0,0.0,1,12,32,2013.0,1,2,1,4.0,30,0,0,1,1,1,11,1,1,0,2,2,19,2,6,2020,1.0,0.0,0.0,0.0,2.0,0,0,1,1,1,0,1
54214,CHICAGO,IL,60637,30.0,0.0,6.0,0.0,1,6,1,2013.0,1,1,1,3.0,30,0,0,1,1,1,11,1,1,0,2,2,19,2,6,2020,1.0,0.0,0.0,0.0,2.0,0,0,1,1,1,0,1
54215,CHICAGO,IL,60628,29.0,0.0,0.0,0.0,1,12,32,2013.0,1,2,1,4.0,30,0,0,1,1,1,11,1,1,0,2,2,19,2,6,2020,1.0,0.0,0.0,0.0,2.0,0,0,1,1,1,0,1
54216,CHICAGO,IL,60628,29.0,0.0,0.0,0.0,1,6,1,2013.0,1,1,1,3.0,30,0,0,1,1,1,11,1,1,0,2,2,19,2,6,2020,1.0,0.0,0.0,0.0,2.0,0,0,1,1,1,0,1
54226,EAST_CHICAGO,IN,46312,41.0,0.0,0.0,0.0,1,4,33,2019.0,1,4,1,7.0,30,0,0,1,2,3,0,1,1,-1,4,2,21,2,6,2020,0.0,1.0,0.0,0.0,0.0,0,0,1,0,1,1,0
54275,CHICAGO,IL,60621,36.9,0.0,-1.0,0.0,1,15,173,2020.0,1,1,1,1.0,30,0,0,1,4,1,0,1,1,0,2,2,23,2,6,2020,1.0,0.0,0.0,0.0,2.0,0,0,1,1,1,1,1
54276,CHICAGO,IL,60621,36.9,0.0,-1.0,0.0,1,2,8,2017.0,1,2,1,10.0,30,0,0,1,4,1,0,1,1,0,2,2,23,2,6,2020,1.0,0.0,0.0,0.0,2.0,0,0,1,1,1,1,1
54277,SKOKIE,IL,60076,51.0,0.0,0.0,0.0,1,15,173,2020.0,1,1,1,1.0,30,0,0,1,4,1,0,1,1,0,2,2,23,2,6,2020,1.0,0.0,0.0,0.0,2.0,0,0,1,1,1,1,1
54278,SKOKIE,IL,60076,51.0,0.0,0.0,0.0,1,2,8,2017.0,1,2,1,10.0,30,0,0,1,4,1,0,1,1,0,2,2,23,2,6,2020,1.0,0.0,0.0,0.0,2.0,0,0,1,1,1,1,1
54294,CHICAGO,IL,60621,36.0,0.0,-1.0,0.0,1,14,241,2012.0,7,3,1,1.0,30,1,1,1,2,1,5,1,1,0,1,2,3,2,6,2020,1.0,0.0,0.0,0.0,1.0,0,0,1,0,1,0,1
54295,CHICAGO,IL,60621,36.0,0.0,-1.0,0.0,1,4,33,2010.0,1,2,1,5.0,30,1,1,1,2,1,5,1,1,0,1,2,3,2,6,2020,1.0,0.0,0.0,0.0,1.0,0,0,1,0,1,0,1
54296,CICERO,IL,60804,44.0,0.0,0.0,0.0,1,14,241,2012.0,7,3,1,1.0,30,1,1,1,2,1,5,1,1,0,1,2,3,2,6,2020,1.0,0.0,0.0,0.0,1.0,0,0,1,0,1,0,1
54297,CICERO,IL,60804,44.0,0.0,0.0,0.0,1,4,33,2010.0,1,2,1,5.0,30,1,1,1,2,1,5,1,1,0,1,2,3,2,6,2020,1.0,0.0,0.0,0.0,1.0,0,0,1,0,1,0,1
54376,ST_PAUL,MN,55109,0.0,0.0,0.0,0.0,1,4,5,2014.0,1,4,1,2.0,30,0,0,-1,4,3,0,2,1,0,4,2,22,2,6,2020,0.0,1.0,0.0,0.0,0.0,0,1,0,1,1,1,0
54503,UNKNOWN,XX,0,36.0,0.0,14.0,0.0,1,1,4,2012.0,1,4,1,1.0,30,2,1,1,1,1,2,1,1,0,2,2,18,4,6,2020,1.0,0.0,0.0,0.0,1.0,0,0,1,0,1,1,0
54504,UNKNOWN,XX,0,36.0,0.0,14.0,0.0,1,6,85,2016.0,1,3,1,7.0,30,2,1,1,1,1,2,1,1,0,2,2,18,4,6,2020,1.0,0.0,0.0,0.0,1.0,0,0,1,0,1,1,0
54505,CHICAGO,IL,60620,23.0,0.0,0.0,0.0,1,1,4,2012.0,1,4,1,1.0,30,2,1,1,1,1,2,1,1,0,2,2,18,4,6,2020,1.0,0.0,0.0,0.0,1.0,0,0,1,1,1,1,0
54506,CHICAGO,IL,60620,23.0,0.0,0.0,0.0,1,6,85,2016.0,1,3,1,7.0,30,2,1,1,1,1,2,1,1,0,2,2,18,4,6,2020,1.0,0.0,0.0,0.0,1.0,0,0,1,1,1,1,0
54533,CHICAGO,IL,60622,35.0,0.0,1.0,0.0,1,7,10,2011.0,1,7,6,8.0,30,0,0,1,1,9,2,1,1,0,3,2,7,3,6,2020,0.0,0.0,0.0,1.0,2.0,1,0,0,1,1,1,1
54573,CHICAGO,IL,60622,39.0,0.0,0.0,0.0,1,9,42,2019.0,1,3,2,7.0,30,2,0,1,1,2,0,1,1,0,3,2,13,3,6,2020,0.0,1.0,0.0,0.0,0.0,1,0,0,0,1,1,1
54586,CHICAGO,IL,60630,44.0,0.0,0.0,0.0,1,5,23,2017.0,1,3,1,3.0,30,1,1,1,1,2,1,1,1,0,2,2,14,3,6,2020,1.0,0.0,0.0,0.0,2.0,0,0,1,0,1,1,1
54587,CHICAGO,IL,60630,44.0,0.0,0.0,0.0,1,15,83,2002.0,1,3,2,1.0,30,1,1,1,1,2,1,1,1,0,2,2,14,3,6,2020,1.0,0.0,0.0,0.0,2.0,0,0,1,0,1,1,1
54588,UNKNOWN,XX,0,36.9,0.0,6.0,0.0,1,5,23,2017.0,1,3,1,3.0,30,1,1,1,1,2,1,1,1,0,2,2,14,3,6,2020,1.0,0.0,0.0,0.0,2.0,0,0,1,1,1,1,1
54589,UNKNOWN,XX,0,36.9,0.0,6.0,0.0,1,15,83,2002.0,1,3,2,1.0,30,1,1,1,1,2,1,1,1,0,2,2,14,3,6,2020,1.0,0.0,0.0,0.0,2.0,0,0,1,1,1,1,1
54623,CHICAGO,IL,60632,36.9,0.0,5.0,0.0,1,5,7,1999.0,1,4,4,-1.0,30,1,1,1,1,2,1,1,1,0,1,2,15,3,6,2020,1.0,0.0,0.0,0.0,2.0,0,0,1,1,1,1,1
54624,CHICAGO,IL,60632,36.9,0.0,5.0,0.0,1,7,59,2020.0,1,3,4,4.0,30,1,1,1,1,2,1,1,1,0,1,2,15,3,6,2020,1.0,0.0,0.0,0.0,2.0,0,0,1,1,1,1,1
54625,CICERO,IL,60804,31.0,0.0,0.0,0.0,1,5,7,1999.0,1,4,4,-1.0,30,1,1,1,1,2,1,1,1,0,1,2,15,3,6,2020,1.0,0.0,0.0,0.0,2.0,0,0,1,0,1,1,1
54626,CICERO,IL,60804,31.0,0.0,0.0,0.0,1,7,59,2020.0,1,3,4,4.0,30,1,1,1,1,2,1,1,1,0,1,2,15,3,6,2020,1.0,0.0,0.0,0.0,2.0,0,0,1,0,1,1,1
54655,CHICAGO,IL,60620,79.0,0.0,0.0,0.0,1,1,14,2017.0,1,4,1,6.0,30,1,1,1,1,4,3,1,1,0,4,2,14,3,6,2020,0.0,1.0,0.0,0.0,0.0,0,0,1,0,1,1,0
54856,CHICAGO,IL,60615,37.0,0.0,0.0,0.0,1,1,6,2015.0,1,4,4,12.0,30,2,1,1,1,2,0,1,1,0,1,2,20,3,6,2020,0.0,1.0,0.0,0.0,0.0,0,1,0,1,1,1,0
55129,CHICAGO,IL,60652,24.0,0.0,0.0,0.0,3,5,164,2019.0,1,3,5,9.0,30,2,1,1,1,1,1,1,1,0,1,5,13,4,6,2020,1.0,0.0,0.0,0.0,0.0,0,0,1,0,1,1,1
55130,CHICAGO,IL,60652,24.0,0.0,0.0,0.0,3,8,34,2018.0,2,3,5,1.0,30,2,1,1,1,1,1,1,1,0,1,5,13,4,6,2020,1.0,0.0,0.0,0.0,0.0,0,0,1,0,1,1,1
55131,CHICAGO,IL,60652,24.0,0.0,0.0,0.0,3,41,190,2010.0,2,1,5,2.0,30,2,1,1,1,1,1,1,1,0,1,5,13,4,6,2020,1.0,0.0,0.0,0.0,0.0,0,0,1,0,1,1,1
55180,CHICAGO,IL,60612,34.0,0.0,9.0,0.0,1,20,1,2007.0,1,2,2,3.0,30,1,1,1,1,2,1,1,1,0,3,2,15,4,6,2020,1.0,0.0,0.0,0.0,0.0,0,0,1,1,1,1,1
55181,CHICAGO,IL,60612,34.0,0.0,9.0,0.0,1,2,9,2018.0,9,4,3,7.0,30,1,1,1,1,2,1,1,1,0,3,2,15,4,6,2020,1.0,0.0,0.0,0.0,0.0,0,0,1,1,1,1,1
55182,CHICAGO,IL,60612,40.0,0.0,11.0,0.0,1,20,1,2007.0,1,2,2,3.0,30,1,1,1,1,2,1,1,1,0,3,2,15,4,6,2020,1.0,0.0,0.0,0.0,0.0,0,0,1,1,1,1,1
55183,CHICAGO,IL,60612,40.0,0.0,11.0,0.0,1,2,9,2018.0,9,4,3,7.0,30,1,1,1,1,2,1,1,1,0,3,2,15,4,6,2020,1.0,0.0,0.0,0.0,0.0,0,0,1,1,1,1,1
55297,CHICAGO,IL,60644,49.0,0.0,0.0,1.0,1,5,7,2017.0,1,1,3,2.0,30,2,1,1,1,3,2,1,1,0,3,2,17,4,6,2020,0.0,1.0,0.0,0.0,0.0,1,0,0,1,1,1,1
55345,CHICAGO,IL,60636,17.0,0.0,0.0,0.0,1,1,6,2008.0,1,1,9,1.0,30,2,1,1,1,9,1,1,1,0,3,2,18,4,6,2020,1.0,0.0,0.0,0.0,1.0,0,0,1,1,1,0,1
55347,CHICAGO,IL,60636,34.0,1.0,2.0,0.0,1,1,6,2008.0,1,1,9,1.0,30,2,1,1,1,9,1,1,1,0,3,2,18,4,6,2020,0.0,0.0,0.0,1.0,1.0,0,0,1,0,1,0,1
55536,CHICAGO,IL,60619,27.0,0.0,0.0,0.0,1,7,10,2012.0,2,1,1,1.0,35,1,1,1,1,2,2,1,1,0,1,2,19,4,6,2020,0.0,1.0,0.0,0.0,0.0,0,0,1,0,1,1,0
55802,CHICAGO,IL,60625,28.0,0.0,0.0,0.0,1,2,24,2011.0,1,3,1,10.0,30,2,1,1,1,4,3,1,1,0,2,2,17,5,6,2020,0.0,1.0,0.0,0.0,0.0,0,0,1,0,1,1,1
55932,WESTCHESTER,IL,60154,36.9,0.0,2.0,0.0,1,-1,2,2000.0,1,4,1,1.0,30,1,1,1,1,5,1,1,1,0,1,2,19,5,6,2020,1.0,0.0,0.0,0.0,2.0,0,0,1,0,1,1,0
55934,CHICAGO,IL,60613,56.0,-1.0,0.0,0.0,1,-1,2,2000.0,1,4,1,1.0,30,1,1,1,1,5,1,1,1,0,1,2,19,5,6,2020,0.0,0.0,0.0,0.0,2.0,0,0,1,1,1,1,0
56279,WESTCHESTER,IL,60154,36.9,0.0,3.0,0.0,1,6,56,2020.0,4,4,1,5.0,30,1,1,1,1,1,1,1,1,0,1,2,11,6,6,2020,1.0,0.0,0.0,0.0,2.0,0,0,1,0,1,1,1
56280,WESTCHESTER,IL,60154,36.9,0.0,3.0,0.0,1,5,38,2004.0,3,1,1,1.0,30,1,1,1,1,1,1,1,1,0,1,2,11,6,6,2020,1.0,0.0,0.0,0.0,2.0,0,0,1,0,1,1,1
56281,HICKORY_HILLS,IL,60457,42.0,0.0,0.0,0.0,1,6,56,2020.0,4,4,1,5.0,30,1,1,1,1,1,1,1,1,0,1,2,11,6,6,2020,1.0,0.0,0.0,0.0,2.0,0,0,1,1,1,1,1
56282,HICKORY_HILLS,IL,60457,42.0,0.0,0.0,0.0,1,5,38,2004.0,3,1,1,1.0,30,1,1,1,1,1,1,1,1,0,1,2,11,6,6,2020,1.0,0.0,0.0,0.0,2.0,0,0,1,1,1,1,1
56404,WESTCHESTER,IL,60154,36.9,0.0,2.0,0.0,1,-1,365,2011.0,-1,5,2,1.0,30,1,1,1,1,5,2,1,1,0,3,2,15,6,6,2020,1.0,0.0,0.0,0.0,2.0,1,0,0,1,1,1,1
56406,CHICAGO,IL,60630,16.0,-1.0,0.0,0.0,1,-1,365,2011.0,-1,5,2,1.0,30,1,1,1,1,5,2,1,1,0,3,2,15,6,6,2020,0.0,0.0,0.0,0.0,2.0,1,0,0,1,1,1,1
56685,CHICAGO,IL,60623,32.0,0.0,0.0,0.0,1,30,193,2008.0,1,4,4,6.0,30,2,1,1,1,2,0,1,1,0,2,2,18,6,6,2020,0.0,1.0,0.0,0.0,0.0,0,0,1,1,1,1,1
56686,CHICAGO,IL,60623,32.0,0.0,0.0,0.0,1,4,5,2015.0,1,4,4,5.0,30,2,1,1,1,2,0,1,1,0,2,2,18,6,6,2020,0.0,1.0,0.0,0.0,0.0,0,0,1,1,1,1,1
56702,CHICAGO,IL,60608,55.0,1.0,10.0,0.0,1,10,149,2007.0,1,4,2,5.0,30,-1,-1,1,1,9,4,1,-1,-1,3,2,18,6,6,2020,0.0,0.0,0.0,1.0,2.0,0,0,1,1,1,0,1
56704,CHICAGO,IL,60651,43.0,0.0,-1.0,0.0,1,10,149,2007.0,1,4,2,5.0,30,-1,-1,1,1,9,4,1,-1,-1,3,2,18,6,6,2020,1.0,0.0,0.0,0.0,2.0,0,0,1,0,1,0,1
56785,WESTCHESTER,IL,60154,38.0,0.0,-1.0,0.0,1,-1,2,2010.0,1,3,-1,-1.0,30,0,0,1,2,5,0,1,1,0,1,2,23,6,6,2020,1.0,0.0,0.0,0.0,3.0,0,0,1,0,0,1,1
56787,FOND_DU_LAC,WI,54935,29.0,-1.0,-1.0,0.0,1,-1,2,2010.0,1,3,-1,-1.0,30,0,0,1,2,5,0,1,1,0,1,2,23,6,6,2020,0.0,0.0,0.0,0.0,3.0,0,0,1,1,0,1,1
57364,CHICAGO,IL,60649,74.0,0.0,0.0,0.0,1,19,124,2004.0,1,3,1,1.0,30,2,1,1,1,1,1,1,1,-1,1,2,14,7,6,2020,1.0,0.0,0.0,0.0,0.0,0,0,1,1,1,0,1
57365,CHICAGO,IL,60649,74.0,0.0,0.0,0.0,1,9,37,2011.0,1,4,1,11.0,30,2,1,1,1,1,1,1,1,-1,1,2,14,7,6,2020,1.0,0.0,0.0,0.0,0.0,0,0,1,1,1,0,1
57390,FOND_DU_LAC,WI,54935,36.9,0.0,2.0,0.0,1,-1,2,2011.0,3,3,2,1.0,30,6,1,1,1,5,1,1,1,0,1,2,15,7,6,2020,1.0,0.0,0.0,0.0,2.0,1,0,0,1,1,1,1
57392,BREWYN,IL,60402,55.0,-1.0,-1.0,0.0,1,-1,2,2011.0,3,3,2,1.0,30,6,1,1,1,5,1,1,1,0,1,2,15,7,6,2020,0.0,0.0,0.0,0.0,2.0,1,0,0,1,1,1,1
57401,CHICAGO,IL,60638,40.0,0.0,1.0,0.0,1,1,20,2014.0,1,4,7,3.0,30,0,0,1,1,4,8,1,1,0,2,2,16,7,6,2020,0.0,1.0,0.0,0.0,0.0,0,1,0,1,1,1,0
57462,CHICAGO,IL,60629,35.0,0.0,0.0,0.0,1,18,91,2020.0,1,4,1,3.0,35,1,1,1,1,2,0,1,1,0,1,2,17,7,6,2020,0.0,1.0,0.0,0.0,0.0,0,1,0,0,1,1,0
57533,CHICAGO,IL,60615,48.0,0.0,0.0,0.0,1,13,171,2001.0,1,1,1,2.0,30,1,1,1,1,3,0,1,1,0,1,2,18,7,6,2020,0.0,1.0,0.0,0.0,0.0,0,1,0,1,1,1,0
57624,FOND_DU_LAC,WI,54935,36.9,0.0,2.0,0.0,1,31,108,2011.0,6,1,1,1.0,30,0,0,1,4,2,1,1,1,0,1,2,21,7,6,2020,1.0,0.0,0.0,0.0,2.0,0,0,1,0,1,0,0
57625,CHICAGO,IL,60621,44.0,-1.0,-1.0,0.0,1,-1,2,2011.0,-1,2,4,-1.0,30,0,0,1,4,2,1,1,1,0,1,2,21,7,6,2020,1.0,0.0,0.0,0.0,2.0,0,0,1,1,1,0,0
57626,CHICAGO,IL,60621,44.0,-1.0,-1.0,0.0,1,31,108,2011.0,6,1,1,1.0,30,0,0,1,4,2,1,1,1,0,1,2,21,7,6,2020,1.0,0.0,0.0,0.0,2.0,0,0,1,1,1,0,0
57721,UNKNOWN,XX,0,38.0,0.0,1.0,0.0,1,15,1,2002.0,1,6,2,1.0,30,1,1,1,2,2,1,1,1,0,4,2,21,7,6,2020,1.0,0.0,0.0,0.0,3.0,0,0,1,0,1,1,0
57722,UNKNOWN,XX,0,38.0,0.0,1.0,0.0,1,15,1,2002.0,1,6,2,1.0,30,1,1,1,2,2,1,1,1,0,4,2,21,7,6,2020,1.0,0.0,0.0,0.0,3.0,0,0,1,0,1,1,0
57723,UNKNOWN,XX,0,38.0,0.0,1.0,0.0,1,2,24,2013.0,1,4,1,-1.0,30,1,1,1,2,2,1,1,1,0,4,2,21,7,6,2020,1.0,0.0,0.0,0.0,3.0,0,0,1,0,1,1,0
57724,UNKNOWN,XX,0,38.0,0.0,1.0,0.0,1,2,24,2013.0,1,4,1,-1.0,30,1,1,1,2,2,1,1,1,0,4,2,21,7,6,2020,1.0,0.0,0.0,0.0,3.0,0,0,1,0,1,1,0
57725,CHICAGO,IL,60619,20.0,0.0,1.0,0.0,1,15,1,2002.0,1,6,2,1.0,30,1,1,1,2,2,1,1,1,0,4,2,21,7,6,2020,1.0,0.0,0.0,0.0,3.0,0,0,1,1,1,1,0
57726,CHICAGO,IL,60619,20.0,0.0,1.0,0.0,1,15,1,2002.0,1,6,2,1.0,30,1,1,1,2,2,1,1,1,0,4,2,21,7,6,2020,1.0,0.0,0.0,0.0,3.0,0,0,1,1,1,1,0
57727,CHICAGO,IL,60619,20.0,0.0,1.0,0.0,1,2,24,2013.0,1,4,1,-1.0,30,1,1,1,2,2,1,1,1,0,4,2,21,7,6,2020,1.0,0.0,0.0,0.0,3.0,0,0,1,1,1,1,0
57728,CHICAGO,IL,60619,20.0,0.0,1.0,0.0,1,2,24,2013.0,1,4,1,-1.0,30,1,1,1,2,2,1,1,1,0,4,2,21,7,6,2020,1.0,0.0,0.0,0.0,3.0,0,0,1,1,1,1,0
57733,DOLTON,IL,60419,78.0,0.0,1.0,0.0,1,15,1,2002.0,1,6,2,1.0,30,1,1,1,2,2,1,1,1,0,4,2,21,7,6,2020,1.0,0.0,0.0,0.0,3.0,0,0,1,1,1,1,0
57734,DOLTON,IL,60419,78.0,0.0,1.0,0.0,1,15,1,2002.0,1,6,2,1.0,30,1,1,1,2,2,1,1,1,0,4,2,21,7,6,2020,1.0,0.0,0.0,0.0,3.0,0,0,1,1,1,1,0