index,CITY,STATE,ZIPCODE,AGE,EJECTION,DRIVER_ACTION,BAC_RESULT,UNIT_TYPE,MAKE,MODEL,VEHICLE_YEAR,VEHICLE_TYPE,TRAVEL_DIRECTION,MANEUVER,FIRST_CONTACT_POINT,POSTED_SPEED_LIMIT,TRAFFIC_CONTROL_DEVICE,DEVICE_CONDITION,WEATHER_CONDITION,LIGHTING_CONDITION,FIRST_CRASH_TYPE,TRAFFICWAY_TYPE,ALIGNMENT,ROADWAY_SURFACE_COND,ROAD_DEFECT,STREET_DIRECTION,NUM_UNITS,CRASH_HOUR,CRASH_DAY_OF_WEEK,CRASH_MONTH,CRASH_YEAR,FATAL_INBOTH,FATAL_CARPPL,FATAL_OTHPPL,FATAL_INAUTO,FATAL_DEGREE,DAMAGE_500_OR_LESS,DAMAGE_501_1500,DAMAGE_OVER_1500,SEX,INTERSECTION_RELATED,HIT_AND_RUN,REPORTYPE
64393,CHICAGO,IL,60629,71.0,0.0,0.0,0.0,1,-1,2,2015.0,1,2,4,6.0,30,1,1,1,1,2,2,1,1,0,2,2,17,7,6,2020,0.0,1.0,0.0,0.0,0.0,0,1,0,0,1,1,1
64394,CHICAGO,IL,60629,71.0,0.0,0.0,0.0,1,2,24,2006.0,1,2,1,12.0,30,1,1,1,1,2,2,1,1,0,2,2,17,7,6,2020,0.0,1.0,0.0,0.0,0.0,0,1,0,0,1,1,1
64448,CHICAGO,IL,60607,36.0,0.0,10.0,0.0,1,17,1,2010.0,1,3,11,-1.0,30,1,1,1,1,7,-1,1,1,0,1,2,18,7,6,2020,1.0,0.0,0.0,0.0,1.0,0,0,1,1,1,1,1
64449,CHICAGO,IL,60607,36.0,0.0,10.0,0.0,1,11,273,2014.0,1,1,1,3.0,30,1,1,1,1,7,-1,1,1,0,1,2,18,7,6,2020,1.0,0.0,0.0,0.0,1.0,0,0,1,1,1,1,1
64450,CHICAGO,IL,60607,28.0,0.0,0.0,0.0,1,17,1,2010.0,1,3,11,-1.0,30,1,1,1,1,7,-1,1,1,0,1,2,18,7,6,2020,1.0,0.0,0.0,0.0,1.0,0,0,1,0,1,1,1
64451,CHICAGO,IL,60607,28.0,0.0,0.0,0.0,1,11,273,2014.0,1,1,1,3.0,30,1,1,1,1,7,-1,1,1,0,1,2,18,7,6,2020,1.0,0.0,0.0,0.0,1.0,0,0,1,0,1,1,1
64522,CHICAGO,IL,60607,36.9,0.0,5.0,0.0,1,21,1,2011.0,2,5,2,10.0,30,1,1,1,1,2,9,1,1,0,3,2,17,7,6,2020,1.0,0.0,0.0,0.0,2.0,0,0,1,0,1,1,1
64523,CHICAGO,IL,60607,36.9,0.0,5.0,0.0,1,5,13,2012.0,1,7,1,11.0,30,1,1,1,1,2,9,1,1,0,3,2,17,7,6,2020,1.0,0.0,0.0,0.0,2.0,0,0,1,0,1,1,1
64524,HARRISON,NJ,7029,28.0,0.0,0.0,0.0,1,21,1,2011.0,2,5,2,10.0,30,1,1,1,1,2,9,1,1,0,3,2,17,7,6,2020,1.0,0.0,0.0,0.0,2.0,0,0,1,1,1,1,1
64525,HARRISON,NJ,7029,28.0,0.0,0.0,0.0,1,5,13,2012.0,1,7,1,11.0,30,1,1,1,1,2,9,1,1,0,3,2,17,7,6,2020,1.0,0.0,0.0,0.0,2.0,0,0,1,1,1,1,1
64600,CHICAGO,IL,60607,36.9,-1.0,-1.0,0.0,1,1,4,2011.0,1,4,1,-1.0,30,2,1,1,1,5,0,1,1,-1,2,2,15,7,6,2020,1.0,0.0,0.0,0.0,2.0,0,0,1,0,1,1,1
64602,CHICAGO,IL,60607,11.0,-1.0,0.0,0.0,1,1,4,2011.0,1,4,1,-1.0,30,2,1,1,1,5,0,1,1,-1,2,2,15,7,6,2020,0.0,0.0,0.0,0.0,2.0,0,0,1,1,1,1,1
64643,CHICAGO,IL,60607,36.9,0.0,4.0,0.0,1,1,1,2017.0,1,1,1,-1.0,30,1,-1,1,1,3,0,1,1,-1,1,2,16,7,6,2020,1.0,0.0,0.0,0.0,2.0,0,0,1,1,1,1,1
64644,CHICAGO,IL,60607,36.9,0.0,4.0,0.0,1,19,170,2011.0,1,1,1,2.0,30,1,-1,1,1,3,0,1,1,-1,1,2,16,7,6,2020,1.0,0.0,0.0,0.0,2.0,0,0,1,1,1,1,1
64645,CHICAGO,IL,60609,42.0,0.0,0.0,0.0,1,1,1,2017.0,1,1,1,-1.0,30,1,-1,1,1,3,0,1,1,-1,1,2,16,7,6,2020,1.0,0.0,0.0,0.0,2.0,0,0,1,1,1,1,1
64646,CHICAGO,IL,60609,42.0,0.0,0.0,0.0,1,19,170,2011.0,1,1,1,2.0,30,1,-1,1,1,3,0,1,1,-1,1,2,16,7,6,2020,1.0,0.0,0.0,0.0,2.0,0,0,1,1,1,1,1
64667,UNKNOWN,XX,0,36.9,-1.0,-1.0,0.0,1,-1,2,2011.0,-1,3,1,-1.0,30,1,1,1,3,2,1,1,1,0,1,2,20,7,6,2020,1.0,0.0,0.0,0.0,2.0,0,0,1,0,1,1,1
64668,UNKNOWN,XX,0,36.9,-1.0,-1.0,0.0,1,3,3,2009.0,1,5,2,4.0,30,1,1,1,3,2,1,1,1,0,1,2,20,7,6,2020,1.0,0.0,0.0,0.0,2.0,0,0,1,0,1,1,1
64669,CHICAGO,IL,60628,34.0,0.0,0.0,0.0,1,-1,2,2011.0,-1,3,1,-1.0,30,1,1,1,3,2,1,1,1,0,1,2,20,7,6,2020,1.0,0.0,0.0,0.0,2.0,0,0,1,0,1,1,1
64670,CHICAGO,IL,60628,34.0,0.0,0.0,0.0,1,3,3,2009.0,1,5,2,4.0,30,1,1,1,3,2,1,1,1,0,1,2,20,7,6,2020,1.0,0.0,0.0,0.0,2.0,0,0,1,0,1,1,1
64725,CHICAGO,IL,60644,22.0,0.0,0.0,0.0,1,6,157,2013.0,1,1,1,2.0,30,1,1,1,2,3,0,1,1,0,3,2,22,7,6,2020,0.0,1.0,0.0,0.0,0.0,1,0,0,0,0,1,1
64735,ORLAND_PARK,IL,60467,44.0,0.0,0.0,0.0,1,3,40,2014.0,1,4,9,1.0,30,1,1,1,1,2,8,1,1,0,4,2,16,7,6,2020,0.0,1.0,0.0,0.0,0.0,0,0,1,1,1,1,0
64914,CHICAGO,IL,60621,34.0,0.0,0.0,0.0,1,17,52,2004.0,1,2,1,1.0,30,1,1,1,2,1,0,1,1,0,2,2,2,1,6,2020,1.0,0.0,0.0,0.0,0.0,0,0,1,1,1,1,1
64915,CHICAGO,IL,60621,34.0,0.0,0.0,0.0,1,14,227,2001.0,3,1,1,12.0,30,1,1,1,2,1,0,1,1,0,2,2,2,1,6,2020,1.0,0.0,0.0,0.0,0.0,0,0,1,1,1,1,1
65014,UNK,XX,0,22.0,0.0,0.0,0.0,1,1,20,2011.0,1,8,1,1.0,30,1,1,1,1,1,1,1,1,0,2,2,6,1,6,2020,1.0,0.0,0.0,0.0,1.0,0,0,1,1,1,1,1
65015,UNK,XX,0,22.0,0.0,0.0,0.0,1,2,8,2017.0,1,1,1,6.0,30,1,1,1,1,1,1,1,1,0,2,2,6,1,6,2020,1.0,0.0,0.0,0.0,1.0,0,0,1,1,1,1,1
65016,UNK,XX,0,36.0,0.0,2.0,0.0,1,1,20,2011.0,1,8,1,1.0,30,1,1,1,1,1,1,1,1,0,2,2,6,1,6,2020,1.0,0.0,0.0,0.0,1.0,0,0,1,0,1,1,1
65017,UNK,XX,0,36.0,0.0,2.0,0.0,1,2,8,2017.0,1,1,1,6.0,30,1,1,1,1,1,1,1,1,0,2,2,6,1,6,2020,1.0,0.0,0.0,0.0,1.0,0,0,1,0,1,1,1
65029,UNK,XX,0,36.9,0.0,3.0,0.0,1,12,32,2016.0,1,1,1,11.0,30,2,1,1,1,1,1,1,1,0,1,2,7,1,6,2020,1.0,0.0,0.0,0.0,2.0,0,0,1,1,1,1,1
65030,UNK,XX,0,36.9,0.0,3.0,0.0,1,5,7,2018.0,1,4,1,4.0,30,2,1,1,1,1,1,1,1,0,1,2,7,1,6,2020,1.0,0.0,0.0,0.0,2.0,0,0,1,1,1,1,1
65031,CHICAGO,IL,60628,45.0,0.0,0.0,0.0,1,12,32,2016.0,1,1,1,11.0,30,2,1,1,1,1,1,1,1,0,1,2,7,1,6,2020,1.0,0.0,0.0,0.0,2.0,0,0,1,0,1,1,1
65032,CHICAGO,IL,60628,45.0,0.0,0.0,0.0,1,5,7,2018.0,1,4,1,4.0,30,2,1,1,1,1,1,1,1,0,1,2,7,1,6,2020,1.0,0.0,0.0,0.0,2.0,0,0,1,0,1,1,1
65042,UNK,XX,0,36.9,0.0,-1.0,0.0,1,6,22,2011.0,3,2,1,-1.0,35,1,1,1,1,1,1,1,1,0,2,2,7,1,6,2020,1.0,0.0,0.0,0.0,2.0,0,1,0,1,1,1,1
65043,UNK,XX,0,36.9,0.0,-1.0,0.0,1,8,15,2015.0,1,3,1,4.0,35,1,1,1,1,1,1,1,1,0,2,2,7,1,6,2020,1.0,0.0,0.0,0.0,2.0,0,1,0,1,1,1,1
65044,CHICAGO,IL,60626,32.0,0.0,0.0,0.0,1,6,22,2011.0,3,2,1,-1.0,35,1,1,1,1,1,1,1,1,0,2,2,7,1,6,2020,1.0,0.0,0.0,0.0,2.0,0,1,0,0,1,1,1
65045,CHICAGO,IL,60626,32.0,0.0,0.0,0.0,1,8,15,2015.0,1,3,1,4.0,35,1,1,1,1,1,1,1,1,0,2,2,7,1,6,2020,1.0,0.0,0.0,0.0,2.0,0,1,0,0,1,1,1
65098,CHICAGO,IL,60609,38.0,0.0,6.0,0.0,1,9,42,2012.0,2,2,1,0.0,30,2,1,1,1,5,2,1,1,0,2,2,7,7,6,2020,1.0,0.0,0.0,0.0,3.0,1,0,0,0,1,1,0
65100,CHICAGO,IL,60609,38.0,0.0,6.0,0.0,1,9,42,2012.0,2,2,1,0.0,30,2,1,1,1,5,2,1,1,0,2,2,7,7,6,2020,1.0,0.0,0.0,0.0,3.0,1,0,0,0,1,1,0
65102,CHICAGO,IL,60608,65.0,-1.0,0.0,0.0,1,9,42,2012.0,2,2,1,0.0,30,2,1,1,1,5,2,1,1,0,2,2,7,7,6,2020,0.0,0.0,0.0,0.0,3.0,1,0,0,1,1,1,0
65104,CHICAGO,IL,60608,65.0,-1.0,0.0,0.0,1,9,42,2012.0,2,2,1,0.0,30,2,1,1,1,5,2,1,1,0,2,2,7,7,6,2020,0.0,0.0,0.0,0.0,3.0,1,0,0,1,1,1,0
65106,CHICAGO,IL,60632,20.0,0.0,6.0,0.0,1,9,42,2012.0,2,2,1,0.0,30,2,1,1,1,5,2,1,1,0,2,2,7,7,6,2020,1.0,0.0,0.0,0.0,3.0,1,0,0,0,1,1,0
65108,CHICAGO,IL,60632,20.0,0.0,6.0,0.0,1,9,42,2012.0,2,2,1,0.0,30,2,1,1,1,5,2,1,1,0,2,2,7,7,6,2020,1.0,0.0,0.0,0.0,3.0,1,0,0,0,1,1,0
65110,CHICAGO,IL,60608,65.0,-1.0,0.0,0.0,1,9,42,2012.0,2,2,1,0.0,30,2,1,1,1,5,2,1,1,0,2,2,7,7,6,2020,0.0,0.0,0.0,0.0,3.0,1,0,0,1,1,1,0
65112,CHICAGO,IL,60608,65.0,-1.0,0.0,0.0,1,9,42,2012.0,2,2,1,0.0,30,2,1,1,1,5,2,1,1,0,2,2,7,7,6,2020,0.0,0.0,0.0,0.0,3.0,1,0,0,1,1,1,0
65120,LEMONT,IL,60439,59.0,0.0,0.0,0.0,1,2,80,2019.0,3,1,1,5.0,30,1,1,1,1,1,0,1,1,0,2,3,9,1,6,2020,1.0,0.0,0.0,0.0,0.0,0,1,0,1,1,0,1
65121,LEMONT,IL,60439,59.0,0.0,0.0,0.0,1,1,43,2004.0,1,4,3,1.0,30,1,1,1,1,1,0,1,1,0,2,3,9,1,6,2020,1.0,0.0,0.0,0.0,0.0,0,1,0,1,1,0,1
65185,MARKHAM,IL,60428,37.0,0.0,0.0,0.0,1,1,54,2019.0,7,1,1,2.0,30,1,1,-1,2,3,0,1,1,0,1,2,2,1,6,2020,0.0,1.0,0.0,0.0,0.0,0,0,1,0,1,1,1
65727,UNKNOWN,XX,0,36.0,0.0,4.0,0.0,1,24,96,2017.0,1,2,1,1.0,30,1,1,1,1,3,2,1,1,0,2,2,17,1,6,2020,1.0,0.0,0.0,0.0,1.0,0,0,1,1,1,1,0
65728,UNKNOWN,XX,0,36.0,0.0,4.0,0.0,1,8,15,2014.0,1,2,1,2.0,30,1,1,1,1,3,2,1,1,0,2,2,17,1,6,2020,1.0,0.0,0.0,0.0,1.0,0,0,1,1,1,1,0
65729,CHICAGO,IL,60654,72.0,0.0,1.0,0.0,1,24,96,2017.0,1,2,1,1.0,30,1,1,1,1,3,2,1,1,0,2,2,17,1,6,2020,1.0,0.0,0.0,0.0,1.0,0,0,1,1,1,1,0
65730,CHICAGO,IL,60654,72.0,0.0,1.0,0.0,1,8,15,2014.0,1,2,1,2.0,30,1,1,1,1,3,2,1,1,0,2,2,17,1,6,2020,1.0,0.0,0.0,0.0,1.0,0,0,1,1,1,1,0
65739,UNKNOWN,XX,0,36.9,0.0,3.0,0.0,1,10,67,2013.0,1,3,1,1.0,30,2,1,3,1,1,1,1,2,0,2,2,18,3,6,2020,1.0,0.0,0.0,0.0,2.0,0,0,1,0,1,1,1
65740,UNKNOWN,XX,0,36.9,0.0,3.0,0.0,1,8,15,2013.0,1,2,1,9.0,30,2,1,3,1,1,1,1,2,0,2,2,18,3,6,2020,1.0,0.0,0.0,0.0,2.0,0,0,1,0,1,1,1
65741,CHICAGO,IL,60623,56.0,0.0,0.0,0.0,1,10,67,2013.0,1,3,1,1.0,30,2,1,3,1,1,1,1,2,0,2,2,18,3,6,2020,1.0,0.0,0.0,0.0,2.0,0,0,1,0,1,1,1
65742,CHICAGO,IL,60623,56.0,0.0,0.0,0.0,1,8,15,2013.0,1,2,1,9.0,30,2,1,3,1,1,1,1,2,0,2,2,18,3,6,2020,1.0,0.0,0.0,0.0,2.0,0,0,1,0,1,1,1
65805,HANOVER_PARK,IL,60133,34.0,0.0,0.0,0.0,1,3,12,2013.0,1,1,7,3.0,30,2,1,1,1,1,2,1,1,0,1,3,19,1,6,2020,1.0,0.0,0.0,0.0,0.0,0,0,1,1,1,1,1
65806,HANOVER_PARK,IL,60133,34.0,0.0,0.0,0.0,1,10,30,2010.0,3,1,7,3.0,30,2,1,1,1,1,2,1,1,0,1,3,19,1,6,2020,1.0,0.0,0.0,0.0,0.0,0,0,1,1,1,1,1
65808,CHICAGO,IL,60632,39.0,0.0,0.0,0.0,1,3,12,2013.0,1,1,7,3.0,30,2,1,1,1,1,2,1,1,0,1,3,19,1,6,2020,1.0,0.0,0.0,0.0,0.0,0,0,1,1,1,1,1
65809,CHICAGO,IL,60632,39.0,0.0,0.0,0.0,1,10,30,2010.0,3,1,7,3.0,30,2,1,1,1,1,2,1,1,0,1,3,19,1,6,2020,1.0,0.0,0.0,0.0,0.0,0,0,1,1,1,1,1
65848,UNKNOWN,XX,0,36.9,0.0,3.0,0.0,1,29,207,2011.0,1,7,2,1.0,40,1,1,1,1,2,5,1,1,0,1,2,18,1,6,2020,1.0,0.0,0.0,0.0,2.0,0,0,1,0,1,1,0
65850,UNKNOWN,XX,0,36.9,0.0,3.0,0.0,1,18,106,2019.0,6,1,1,1.0,40,1,1,1,1,2,5,1,1,0,1,2,18,1,6,2020,1.0,0.0,0.0,0.0,2.0,0,0,1,0,1,1,0
65851,UNKNOWN,XX,0,36.9,0.0,3.0,0.0,1,18,106,2019.0,6,1,1,1.0,40,1,1,1,1,2,5,1,1,0,1,2,18,1,6,2020,1.0,0.0,0.0,0.0,2.0,0,0,1,0,1,1,0
65852,CHICAGO,IL,60605,28.0,0.0,0.0,0.0,1,29,207,2011.0,1,7,2,1.0,40,1,1,1,1,2,5,1,1,0,1,2,18,1,6,2020,1.0,0.0,0.0,0.0,2.0,0,0,1,1,1,1,0
65853,CHICAGO,IL,60605,28.0,0.0,0.0,0.0,1,29,1,2011.0,1,7,2,1.0,40,1,1,1,1,2,5,1,1,0,1,2,18,1,6,2020,1.0,0.0,0.0,0.0,2.0,0,0,1,1,1,1,0
65854,CHICAGO,IL,60605,28.0,0.0,0.0,0.0,1,18,106,2019.0,6,1,1,1.0,40,1,1,1,1,2,5,1,1,0,1,2,18,1,6,2020,1.0,0.0,0.0,0.0,2.0,0,0,1,1,1,1,0
65855,CHICAGO,IL,60605,28.0,0.0,0.0,0.0,1,18,106,2019.0,6,1,1,1.0,40,1,1,1,1,2,5,1,1,0,1,2,18,1,6,2020,1.0,0.0,0.0,0.0,2.0,0,0,1,1,1,1,0
65856,UNKNOWN,XX,0,36.9,0.0,3.0,0.0,1,29,207,2011.0,1,7,2,1.0,40,1,1,1,1,2,5,1,1,0,1,2,18,1,6,2020,1.0,0.0,0.0,0.0,2.0,0,0,1,0,1,1,0
65858,UNKNOWN,XX,0,36.9,0.0,3.0,0.0,1,18,106,2019.0,6,1,1,1.0,40,1,1,1,1,2,5,1,1,0,1,2,18,1,6,2020,1.0,0.0,0.0,0.0,2.0,0,0,1,0,1,1,0
65859,UNKNOWN,XX,0,36.9,0.0,3.0,0.0,1,18,106,2019.0,6,1,1,1.0,40,1,1,1,1,2,5,1,1,0,1,2,18,1,6,2020,1.0,0.0,0.0,0.0,2.0,0,0,1,0,1,1,0
65860,CHICAGO,IL,60605,28.0,0.0,0.0,0.0,1,29,207,2011.0,1,7,2,1.0,40,1,1,1,1,2,5,1,1,0,1,2,18,1,6,2020,1.0,0.0,0.0,0.0,2.0,0,0,1,1,1,1,0
65861,CHICAGO,IL,60605,28.0,0.0,0.0,0.0,1,29,1,2011.0,1,7,2,1.0,40,1,1,1,1,2,5,1,1,0,1,2,18,1,6,2020,1.0,0.0,0.0,0.0,2.0,0,0,1,1,1,1,0
65862,CHICAGO,IL,60605,28.0,0.0,0.0,0.0,1,18,106,2019.0,6,1,1,1.0,40,1,1,1,1,2,5,1,1,0,1,2,18,1,6,2020,1.0,0.0,0.0,0.0,2.0,0,0,1,1,1,1,0
65863,CHICAGO,IL,60605,28.0,0.0,0.0,0.0,1,18,106,2019.0,6,1,1,1.0,40,1,1,1,1,2,5,1,1,0,1,2,18,1,6,2020,1.0,0.0,0.0,0.0,2.0,0,0,1,1,1,1,0
65935,CHICAGO,IL,60628,47.0,0.0,0.0,0.0,1,16,279,2014.0,1,4,2,1.0,30,1,1,1,1,2,0,1,1,0,1,2,19,1,6,2020,1.0,0.0,0.0,0.0,0.0,0,0,1,1,1,1,1
66174,UNKNOWN,XX,0,36.9,0.0,3.0,0.0,1,4,29,2016.0,1,4,1,7.0,30,1,1,1,1,1,1,1,1,0,2,2,7,2,6,2020,1.0,0.0,0.0,0.0,2.0,0,0,1,1,1,1,1
66175,CHICAGO,IL,60643,55.0,0.0,0.0,0.0,1,6,21,2011.0,1,1,1,11.0,30,1,1,1,1,1,1,1,1,0,2,2,7,2,6,2020,1.0,0.0,0.0,0.0,2.0,0,0,1,0,1,1,1
66176,CHICAGO,IL,60643,55.0,0.0,0.0,0.0,1,4,29,2016.0,1,4,1,7.0,30,1,1,1,1,1,1,1,1,0,2,2,7,2,6,2020,1.0,0.0,0.0,0.0,2.0,0,0,1,0,1,1,1
66273,CHICAGO,IL,60637,0.0,0.0,0.0,0.0,1,1,14,2013.0,1,1,1,2.0,30,1,1,1,2,3,0,1,1,0,1,2,0,2,6,2020,0.0,1.0,0.0,0.0,0.0,0,0,1,0,1,1,0
66298,CHICAGO,IL,60612,40.0,-1.0,0.0,0.0,1,-1,1,2010.0,1,4,1,1.0,35,0,0,1,1,5,0,2,1,0,1,2,10,2,6,2020,0.0,0.0,0.0,0.0,3.0,1,0,0,1,1,1,1
66397,UNKNOWN,XX,0,36.9,0.0,1.0,0.0,1,6,41,2011.0,3,3,1,1.0,25,0,1,1,1,9,3,1,1,0,1,2,12,2,6,2020,1.0,0.0,0.0,0.0,2.0,0,1,0,1,1,1,1
66399,CHICAGO,IL,60612,30.0,0.0,1.0,0.0,1,6,41,2011.0,3,3,1,1.0,25,0,1,1,1,9,3,1,1,0,1,2,12,2,6,2020,0.0,0.0,0.0,1.0,2.0,0,1,0,1,1,1,1
66516,CHICAGO,IL,60647,23.0,0.0,0.0,0.0,1,7,217,2014.0,2,2,1,-1.0,30,2,1,1,1,7,4,1,1,0,3,2,14,2,6,2020,0.0,1.0,0.0,0.0,0.0,0,0,1,0,1,1,1
66517,CHICAGO,IL,60647,23.0,0.0,0.0,0.0,1,5,154,2014.0,2,4,1,9.0,30,2,1,1,1,7,4,1,1,0,3,2,14,2,6,2020,0.0,1.0,0.0,0.0,0.0,0,0,1,0,1,1,1
66672,BLUE_ISLAND,IL,60406,32.0,0.0,0.0,0.0,1,22,147,2016.0,1,3,1,8.0,35,2,1,1,1,3,0,1,1,0,1,3,15,2,6,2020,0.0,1.0,0.0,0.0,0.0,1,0,0,1,1,1,1
66926,ELMHURTS,IL,60126,55.0,0.0,0.0,0.0,1,25,128,2017.0,1,2,2,5.0,30,2,1,1,1,2,0,1,1,0,2,2,17,2,6,2020,1.0,0.0,0.0,0.0,0.0,0,0,1,1,1,1,1
66952,UNKNOWN,XX,0,36.9,-1.0,2.0,0.0,1,-1,93,2011.0,-1,4,1,1.0,25,4,1,-1,3,5,0,1,1,0,1,2,10,7,6,2020,1.0,0.0,0.0,0.0,2.0,0,0,1,0,1,0,0
66954,CHICAGO,IL,60647,18.0,-1.0,0.0,0.0,1,-1,93,2011.0,-1,4,1,1.0,25,4,1,-1,3,5,0,1,1,0,1,2,10,7,6,2020,0.0,0.0,0.0,0.0,2.0,0,0,1,0,1,0,0
67159,CHICAGO,IL,60615,51.0,0.0,0.0,0.0,1,7,47,2018.0,2,2,4,3.0,30,1,1,1,1,2,1,1,1,0,2,2,14,2,6,2020,0.0,1.0,0.0,0.0,0.0,0,0,1,0,1,1,0
67160,CHICAGO,IL,60615,51.0,0.0,0.0,0.0,1,4,5,2008.0,1,4,1,2.0,30,1,1,1,1,2,1,1,1,0,2,2,14,2,6,2020,0.0,1.0,0.0,0.0,0.0,0,0,1,0,1,1,0
67309,CHICAGO,IL,60652,59.0,0.0,0.0,0.0,1,3,12,2009.0,1,3,1,6.0,35,1,1,1,2,2,1,1,1,0,1,2,22,2,6,2020,0.0,1.0,0.0,0.0,0.0,0,0,1,0,1,1,0
67660,CHICAGO,IL,60620,21.0,0.0,0.0,0.0,1,4,1,2017.0,1,4,1,6.0,30,2,1,1,1,1,3,1,1,0,4,2,14,3,6,2020,0.0,1.0,0.0,0.0,0.0,0,0,1,0,1,1,0
67758,CHICAGO,IL,60638,52.0,0.0,0.0,0.0,1,1,54,2019.0,4,6,4,6.0,30,1,1,1,1,2,3,1,1,0,3,2,15,3,6,2020,0.0,1.0,0.0,0.0,0.0,1,0,0,1,1,0,0
68104,CHICAGO,IL,60618,29.0,0.0,0.0,0.0,1,2,31,1977.0,4,7,2,1.0,30,1,1,1,1,2,2,1,1,0,2,2,19,3,6,2020,0.0,1.0,0.0,0.0,0.0,0,0,1,1,1,1,1
68122,CHICAGO,IL,60618,36.9,0.0,-1.0,0.0,1,2,1,2015.0,-1,2,2,-1.0,30,1,1,1,3,5,2,1,1,0,2,2,21,3,6,2020,1.0,0.0,0.0,0.0,2.0,1,0,0,1,1,1,1
68124,CHICAGO,IL,60618,63.0,-1.0,0.0,0.0,1,2,1,2015.0,-1,2,2,-1.0,30,1,1,1,3,5,2,1,1,0,2,2,21,3,6,2020,0.0,0.0,0.0,0.0,2.0,1,0,0,1,1,1,1
68149,CHICAGO,IL,60609,21.0,0.0,0.0,0.0,1,22,107,2004.0,1,4,1,8.0,30,1,1,1,2,3,1,1,1,0,1,2,22,3,6,2020,0.0,1.0,0.0,0.0,0.0,0,0,1,1,1,1,0
68236,ELMHURST,IL,60126,62.0,0.0,0.0,0.0,1,7,47,2015.0,2,3,1,1.0,30,1,1,1,2,3,1,1,1,0,1,2,1,4,6,2020,0.0,1.0,0.0,0.0,0.0,0,0,1,1,1,1,0
68237,ELMHURST,IL,60126,62.0,0.0,0.0,0.0,1,1,118,2005.0,2,3,1,2.0,30,1,1,1,2,3,1,1,1,0,1,2,1,4,6,2020,0.0,1.0,0.0,0.0,0.0,0,0,1,1,1,1,0
68240,BLUE_ISLAND,IL,60406,40.0,0.0,2.0,0.0,1,3,3,2001.0,1,1,1,1.0,30,2,1,1,2,1,4,1,1,0,2,2,2,4,6,2020,1.0,0.0,0.0,0.0,1.0,0,0,1,1,1,1,1
68241,BLUE_ISLAND,IL,60406,40.0,0.0,2.0,0.0,1,34,362,2014.0,-1,4,1,9.0,30,2,1,1,2,1,4,1,1,0,2,2,2,4,6,2020,1.0,0.0,0.0,0.0,1.0,0,0,1,1,1,1,1
68242,CHICAGO,IL,60624,36.0,0.0,-1.0,0.0,1,3,3,2001.0,1,1,1,1.0,30,2,1,1,2,1,4,1,1,0,2,2,2,4,6,2020,1.0,0.0,0.0,0.0,1.0,0,0,1,1,1,1,1
68243,CHICAGO,IL,60624,36.0,0.0,-1.0,0.0,1,34,362,2014.0,-1,4,1,9.0,30,2,1,1,2,1,4,1,1,0,2,2,2,4,6,2020,1.0,0.0,0.0,0.0,1.0,0,0,1,1,1,1,1
68260,CHICAGO,IL,60624,36.9,-1.0,2.0,0.0,1,1,4,2009.0,-1,1,2,3.0,30,1,1,1,2,5,1,1,1,0,1,2,4,4,6,2020,1.0,0.0,0.0,0.0,2.0,0,0,1,0,1,1,0
68264,CHICAGO,IL,60624,21.0,-1.0,0.0,0.0,1,1,4,2009.0,-1,1,2,3.0,30,1,1,1,2,5,1,1,1,0,1,2,4,4,6,2020,0.0,0.0,0.0,0.0,2.0,0,0,1,1,1,1,0
68266,CHICAGO,IL,60624,21.0,-1.0,0.0,0.0,1,-1,2,2011.0,-1,1,2,-1.0,30,1,1,1,2,5,1,1,1,0,1,2,4,4,6,2020,0.0,0.0,0.0,0.0,2.0,0,0,1,1,1,1,0
68268,CHICAGO,IL,60624,36.9,-1.0,2.0,0.0,1,1,4,2009.0,-1,1,2,3.0,30,1,1,1,2,5,1,1,1,0,1,2,4,4,6,2020,1.0,0.0,0.0,0.0,2.0,0,0,1,0,1,1,0
68272,CHICAGO,IL,60624,21.0,-1.0,0.0,0.0,1,1,4,2009.0,-1,1,2,3.0,30,1,1,1,2,5,1,1,1,0,1,2,4,4,6,2020,0.0,0.0,0.0,0.0,2.0,0,0,1,1,1,1,0
68274,CHICAGO,IL,60624,21.0,-1.0,0.0,0.0,1,-1,2,2011.0,-1,1,2,-1.0,30,1,1,1,2,5,1,1,1,0,1,2,4,4,6,2020,0.0,0.0,0.0,0.0,2.0,0,0,1,1,1,1,0
68329,TINLEY_PARK,IL,60477,36.0,0.0,0.0,0.0,1,5,7,1996.0,4,3,1,1.0,30,2,1,1,1,2,0,1,1,0,1,2,7,4,6,2020,1.0,0.0,0.0,0.0,0.0,0,0,1,1,1,1,1
68330,TINLEY_PARK,IL,60477,36.0,0.0,0.0,0.0,1,2,1,2019.0,7,2,4,9.0,30,2,1,1,1,2,0,1,1,0,1,2,7,4,6,2020,1.0,0.0,0.0,0.0,0.0,0,0,1,1,1,1,1
68925,CHICAGO,IL,60620,16.0,1.0,0.0,0.0,1,2,1,2011.0,-1,8,2,3.0,30,0,0,1,1,9,1,1,1,0,3,2,18,4,6,2020,0.0,0.0,0.0,1.0,2.0,1,0,0,1,1,0,1
68934,CHICAGO,IL,60612,72.0,0.0,0.0,0.0,1,15,246,2014.0,1,2,1,6.0,30,1,-1,1,4,4,4,1,1,0,2,2,19,4,6,2020,0.0,1.0,0.0,0.0,0.0,0,1,0,0,1,1,1