index,CITY,STATE,ZIPCODE,AGE,EJECTION,DRIVER_ACTION,BAC_RESULT,UNIT_TYPE,MAKE,MODEL,VEHICLE_YEAR,VEHICLE_TYPE,TRAVEL_DIRECTION,MANEUVER,FIRST_CONTACT_POINT,POSTED_SPEED_LIMIT,TRAFFIC_CONTROL_DEVICE,DEVICE_CONDITION,WEATHER_CONDITION,LIGHTING_CONDITION,FIRST_CRASH_TYPE,TRAFFICWAY_TYPE,ALIGNMENT,ROADWAY_SURFACE_COND,ROAD_DEFECT,STREET_DIRECTION,NUM_UNITS,CRASH_HOUR,CRASH_DAY_OF_WEEK,CRASH_MONTH,CRASH_YEAR,FATAL_INBOTH,FATAL_CARPPL,FATAL_OTHPPL,FATAL_INAUTO,FATAL_DEGREE,DAMAGE_500_OR_LESS,DAMAGE_501_1500,DAMAGE_OVER_1500,SEX,INTERSECTION_RELATED,HIT_AND_RUN,REPORTYPE
68982,CHICAGO,IL,60612,36.9,0.0,10.0,0.0,1,7,25,2018.0,1,3,11,1.0,30,1,1,1,2,6,0,1,1,0,1,2,22,4,6,2020,1.0,0.0,0.0,0.0,2.0,0,0,1,0,1,1,1
68983,CHICAGO,IL,60612,36.9,0.0,10.0,0.0,1,9,70,2019.0,1,1,3,1.0,30,1,1,1,2,6,0,1,1,0,1,2,22,4,6,2020,1.0,0.0,0.0,0.0,2.0,0,0,1,0,1,1,1
68984,LANSING,IL,60438,37.0,0.0,0.0,0.0,1,7,25,2018.0,1,3,11,1.0,30,1,1,1,2,6,0,1,1,0,1,2,22,4,6,2020,1.0,0.0,0.0,0.0,2.0,0,0,1,0,1,1,1
68985,LANSING,IL,60438,37.0,0.0,0.0,0.0,1,9,70,2019.0,1,1,3,1.0,30,1,1,1,2,6,0,1,1,0,1,2,22,4,6,2020,1.0,0.0,0.0,0.0,2.0,0,0,1,0,1,1,1
69042,CHICAGO,IL,60612,36.9,0.0,2.0,0.0,1,7,48,2007.0,2,3,2,4.0,30,1,1,1,2,2,0,1,1,0,2,2,22,4,6,2020,1.0,0.0,0.0,0.0,2.0,0,0,1,0,1,1,1
69043,CHICAGO,IL,60612,36.9,0.0,2.0,0.0,1,17,176,2010.0,2,2,1,1.0,30,1,1,1,2,2,0,1,1,0,2,2,22,4,6,2020,1.0,0.0,0.0,0.0,2.0,0,0,1,0,1,1,1
69044,CHICAGO,IL,60644,37.0,0.0,0.0,0.0,1,7,48,2007.0,2,3,2,4.0,30,1,1,1,2,2,0,1,1,0,2,2,22,4,6,2020,1.0,0.0,0.0,0.0,2.0,0,0,1,0,1,1,1
69045,CHICAGO,IL,60644,37.0,0.0,0.0,0.0,1,17,176,2010.0,2,2,1,1.0,30,1,1,1,2,2,0,1,1,0,2,2,22,4,6,2020,1.0,0.0,0.0,0.0,2.0,0,0,1,0,1,1,1
69080,CHICAGO,IL,60644,36.9,0.0,-1.0,0.0,1,2,9,2011.0,1,3,2,1.0,30,1,-1,-1,-1,5,9,1,-1,-1,1,2,7,7,6,2020,1.0,0.0,0.0,0.0,2.0,0,0,1,1,1,1,1
69082,CHICAGO,IL,60609,19.0,-1.0,-1.0,0.0,1,2,9,2011.0,1,3,2,1.0,30,1,-1,-1,-1,5,9,1,-1,-1,1,2,7,7,6,2020,0.0,0.0,0.0,0.0,2.0,0,0,1,1,1,1,1
69188,BEASON,IL,62512,37.0,0.0,0.0,0.0,1,42,1,2019.0,8,2,4,10.0,30,2,1,1,1,2,0,1,1,0,1,2,7,5,6,2020,0.0,1.0,0.0,0.0,0.0,0,0,1,1,1,1,1
69229,GLENWOOD,IL,60425,43.0,0.0,0.0,0.0,1,1,14,2012.0,2,2,3,2.0,35,1,1,1,2,3,5,1,1,0,2,3,22,4,6,2020,0.0,1.0,0.0,0.0,0.0,0,1,0,0,0,1,0
69248,CHICAGO,IL,60621,36.9,0.0,2.0,0.0,1,11,35,2001.0,1,2,1,1.0,30,2,1,1,1,5,2,1,1,0,2,2,10,5,6,2020,1.0,0.0,0.0,0.0,2.0,0,0,1,0,1,1,1
69250,CHICAGO,IL,60639,50.0,-1.0,0.0,0.0,1,11,35,2001.0,1,2,1,1.0,30,2,1,1,1,5,2,1,1,0,2,2,10,5,6,2020,0.0,0.0,0.0,0.0,2.0,0,0,1,0,1,1,1
70191,CHICAGO,IL,60619,64.0,0.0,0.0,0.0,1,3,86,2011.0,1,3,1,1.0,25,1,1,1,1,1,1,1,1,0,1,2,6,6,6,2020,0.0,1.0,0.0,0.0,0.0,0,1,0,1,1,1,0
70198,CHICAGO,IL,60629,32.0,0.0,0.0,0.0,1,1,4,2017.0,1,3,1,3.0,30,2,1,1,1,1,1,1,1,0,1,2,6,6,6,2020,0.0,1.0,0.0,0.0,0.0,0,1,0,0,1,1,1
70270,CHICAGO,IL,60624,29.0,0.0,1.0,0.0,1,13,36,2004.0,1,3,1,3.0,30,1,1,1,2,2,0,1,1,0,1,2,21,5,6,2020,0.0,1.0,0.0,0.0,0.0,0,0,1,1,1,1,0
70378,CHICAGO,IL,60639,40.0,0.0,-1.0,0.0,1,-1,39,2010.0,2,2,4,1.0,35,1,1,1,1,2,0,1,1,0,3,2,10,6,6,2020,1.0,0.0,0.0,0.0,1.0,0,0,1,1,1,1,1
70379,CHICAGO,IL,60639,40.0,0.0,-1.0,0.0,1,2,248,2019.0,7,3,1,6.0,35,1,1,1,1,2,0,1,1,0,3,2,10,6,6,2020,1.0,0.0,0.0,0.0,1.0,0,0,1,1,1,1,1
70684,CHICAGO,IL,60628,68.0,0.0,0.0,0.0,1,1,4,2018.0,1,2,1,9.0,30,1,1,1,1,2,0,1,1,0,4,2,14,6,6,2020,0.0,1.0,0.0,0.0,0.0,0,0,1,0,1,1,0
70764,NORRIDGE,IL,60706,36.0,0.0,4.0,0.0,1,7,125,2010.0,1,4,1,1.0,30,1,1,1,1,3,0,1,1,0,2,2,15,6,6,2020,1.0,0.0,0.0,0.0,1.0,0,1,0,0,1,1,1
70765,NORRIDGE,IL,60706,36.0,0.0,4.0,0.0,1,6,56,2010.0,4,4,1,2.0,30,1,1,1,1,3,0,1,1,0,2,2,15,6,6,2020,1.0,0.0,0.0,0.0,1.0,0,1,0,0,1,1,1
70766,VALPARAISO,IN,46385,47.0,0.0,0.0,1.0,1,7,125,2010.0,1,4,1,1.0,30,1,1,1,1,3,0,1,1,0,2,2,15,6,6,2020,1.0,0.0,0.0,0.0,1.0,0,1,0,1,1,1,1
70767,VALPARAISO,IN,46385,47.0,0.0,0.0,1.0,1,6,56,2010.0,4,4,1,2.0,30,1,1,1,1,3,0,1,1,0,2,2,15,6,6,2020,1.0,0.0,0.0,0.0,1.0,0,1,0,1,1,1,1
70779,NORRIDGE,IL,60706,36.0,0.0,2.0,0.0,1,5,13,2003.0,1,8,1,5.0,30,1,1,1,1,1,1,1,1,0,2,3,15,6,6,2020,1.0,0.0,0.0,0.0,1.0,0,0,1,0,1,1,1
70780,NORRIDGE,IL,60706,36.0,0.0,2.0,0.0,1,1,4,2019.0,1,1,1,3.0,30,1,1,1,1,1,1,1,1,0,2,3,15,6,6,2020,1.0,0.0,0.0,0.0,1.0,0,0,1,0,1,1,1
70781,CHICAGO,IL,60612,58.0,0.0,0.0,0.0,1,-1,93,2010.0,4,1,1,1.0,30,1,1,1,1,1,1,1,1,0,2,3,15,6,6,2020,1.0,0.0,0.0,0.0,1.0,0,0,1,0,1,1,1
70782,CHICAGO,IL,60612,58.0,0.0,0.0,0.0,1,5,13,2003.0,1,8,1,5.0,30,1,1,1,1,1,1,1,1,0,2,3,15,6,6,2020,1.0,0.0,0.0,0.0,1.0,0,0,1,0,1,1,1
70783,CHICAGO,IL,60612,58.0,0.0,0.0,0.0,1,1,4,2019.0,1,1,1,3.0,30,1,1,1,1,1,1,1,1,0,2,3,15,6,6,2020,1.0,0.0,0.0,0.0,1.0,0,0,1,0,1,1,1
70784,CALUMET_CITY,IL,60409,52.0,0.0,0.0,0.0,1,-1,93,2010.0,4,1,1,1.0,30,1,1,1,1,1,1,1,1,0,2,3,15,6,6,2020,1.0,0.0,0.0,0.0,1.0,0,0,1,1,1,1,1
70785,CALUMET_CITY,IL,60409,52.0,0.0,0.0,0.0,1,5,13,2003.0,1,8,1,5.0,30,1,1,1,1,1,1,1,1,0,2,3,15,6,6,2020,1.0,0.0,0.0,0.0,1.0,0,0,1,1,1,1,1
70786,CALUMET_CITY,IL,60409,52.0,0.0,0.0,0.0,1,1,4,2019.0,1,1,1,3.0,30,1,1,1,1,1,1,1,1,0,2,3,15,6,6,2020,1.0,0.0,0.0,0.0,1.0,0,0,1,1,1,1,1
70794,CHICAGO,IL,60637,49.0,-1.0,0.0,0.0,1,1,6,2011.0,1,1,10,2.0,30,1,1,1,2,11,1,1,1,0,1,2,23,5,6,2020,0.0,1.0,0.0,0.0,0.0,0,1,0,1,1,1,0
70795,CHICAGO,IL,60637,49.0,-1.0,0.0,0.0,1,4,11,2018.0,1,3,1,1.0,30,1,1,1,2,11,1,1,1,0,1,2,23,5,6,2020,0.0,1.0,0.0,0.0,0.0,0,1,0,1,1,1,0
70864,FLOSSMOOR,IL,60422,0.0,0.0,0.0,0.0,1,8,1,2004.0,1,1,4,4.0,30,2,1,1,1,2,2,1,1,0,2,2,16,6,6,2020,0.0,1.0,0.0,0.0,0.0,0,0,1,1,1,1,0
70865,FLOSSMOOR,IL,60422,0.0,0.0,0.0,0.0,1,1,4,2019.0,1,4,3,3.0,30,2,1,1,1,2,2,1,1,0,2,2,16,6,6,2020,0.0,1.0,0.0,0.0,0.0,0,0,1,1,1,1,0
70991,CHICAGO,IL,60612,18.0,0.0,8.0,0.0,1,35,336,2013.0,1,1,6,4.0,30,1,1,1,1,4,2,1,1,0,1,2,17,6,6,2020,0.0,1.0,0.0,0.0,0.0,0,1,0,1,1,0,0
70992,CHICAGO,IL,60612,18.0,0.0,8.0,0.0,1,1,6,2018.0,1,1,3,9.0,30,1,1,1,1,4,2,1,1,0,1,2,17,6,6,2020,0.0,1.0,0.0,0.0,0.0,0,1,0,1,1,0,0
70993,CHICAGO,IL,60620,23.0,0.0,0.0,0.0,1,35,336,2013.0,1,1,6,4.0,30,1,1,1,1,4,2,1,1,0,1,2,17,6,6,2020,0.0,1.0,0.0,0.0,0.0,0,1,0,1,1,0,0
70994,CHICAGO,IL,60620,23.0,0.0,0.0,0.0,1,1,6,2018.0,1,1,3,9.0,30,1,1,1,1,4,2,1,1,0,1,2,17,6,6,2020,0.0,1.0,0.0,0.0,0.0,0,1,0,1,1,0,0
71218,CHICAGO,IL,60653,68.0,0.0,0.0,0.0,1,14,1,2002.0,3,2,1,4.0,30,2,1,1,4,1,1,1,1,0,1,2,19,6,6,2020,0.0,1.0,0.0,0.0,0.0,1,0,0,1,1,1,0
71328,UNKNOWN,XX,0,36.0,0.0,-1.0,0.0,1,8,15,2010.0,1,5,1,6.0,35,1,1,1,3,4,1,1,1,0,2,2,23,6,6,2020,1.0,0.0,0.0,0.0,1.0,0,0,1,1,1,1,1
71329,CHICAGO,IL,60609,25.0,0.0,-1.0,0.0,1,4,1,2010.0,1,1,6,-1.0,35,1,1,1,3,4,1,1,1,0,2,2,23,6,6,2020,1.0,0.0,0.0,0.0,1.0,0,0,1,0,1,1,1
71330,CHICAGO,IL,60609,25.0,0.0,-1.0,0.0,1,8,15,2010.0,1,5,1,6.0,35,1,1,1,3,4,1,1,1,0,2,2,23,6,6,2020,1.0,0.0,0.0,0.0,1.0,0,0,1,0,1,1,1
71339,HARVEY,IL,60426,64.0,-1.0,1.0,0.0,1,-1,2,2010.0,-1,-1,-1,-1.0,30,1,1,1,2,5,1,1,1,0,1,2,23,6,6,2020,0.0,0.0,0.0,0.0,3.0,0,0,1,1,1,1,1
71384,UNKNOWN,XX,0,36.9,0.0,8.0,0.0,1,12,32,2017.0,-1,3,1,1.0,35,1,1,1,2,9,1,1,1,0,2,2,0,7,6,2020,1.0,0.0,0.0,0.0,2.0,1,0,0,0,1,1,1
71386,CHICAGO,IL,60623,29.0,0.0,5.0,2.0,1,12,32,2017.0,-1,3,1,1.0,35,1,1,1,2,9,1,1,1,0,2,2,0,7,6,2020,0.0,0.0,0.0,1.0,2.0,1,0,0,1,1,1,1
71625,CHICAGO,IL,60634,27.0,0.0,0.0,0.0,1,20,134,2014.0,1,2,3,2.0,30,1,1,1,1,3,2,1,1,0,2,2,8,7,6,2020,0.0,1.0,0.0,0.0,0.0,0,0,1,1,1,1,1
71744,EVERGREEN_PK,IL,60805,41.0,0.0,0.0,0.0,1,1,6,2007.0,1,3,1,4.0,30,1,1,1,1,2,0,1,1,0,1,2,9,7,6,2020,1.0,0.0,0.0,0.0,0.0,0,0,1,1,1,1,1
72041,CHICAGO,IL,60629,30.0,0.0,0.0,0.0,1,3,64,2001.0,1,3,1,6.0,30,1,1,1,1,4,0,1,1,0,1,2,13,6,6,2020,0.0,1.0,0.0,0.0,0.0,0,1,0,1,1,1,0
72062,CHICAGO,IL,60610,30.0,0.0,1.0,0.0,1,1,20,2016.0,1,2,1,3.0,30,2,2,1,1,1,4,1,1,0,4,2,15,7,6,2020,1.0,0.0,0.0,0.0,0.0,0,0,1,0,1,1,1
72288,CHICAGO,IL,60639,27.0,0.0,0.0,0.0,1,10,26,2013.0,1,2,1,3.0,30,1,1,2,2,1,1,1,2,0,2,2,21,7,6,2020,1.0,0.0,0.0,0.0,0.0,0,0,1,0,1,1,1
72595,CHICAGO,IL,60636,63.0,0.0,0.0,0.0,1,16,112,2008.0,1,4,1,3.0,30,2,1,2,1,1,12,1,2,0,2,2,12,7,4,2020,0.0,1.0,0.0,0.0,0.0,0,1,0,1,1,1,0
72665,UNKNOWN,XX,0,36.0,-1.0,8.0,0.0,1,18,312,2008.0,1,2,-1,1.0,30,1,1,1,2,6,0,1,1,-1,1,2,21,7,5,2020,1.0,0.0,0.0,0.0,1.0,0,0,1,1,1,1,1
72666,UNKNOWN,XX,0,36.0,-1.0,8.0,0.0,1,3,109,2010.0,1,4,-1,1.0,30,1,1,1,2,6,0,1,1,-1,1,2,21,7,5,2020,1.0,0.0,0.0,0.0,1.0,0,0,1,1,1,1,1
72667,CHICAGO,IL,60628,35.0,0.0,-1.0,0.0,1,18,312,2008.0,1,2,-1,1.0,30,1,1,1,2,6,0,1,1,-1,1,2,21,7,5,2020,1.0,0.0,0.0,0.0,1.0,0,0,1,0,1,1,1
72668,CHICAGO,IL,60628,35.0,0.0,-1.0,0.0,1,3,109,2010.0,1,4,-1,1.0,30,1,1,1,2,6,0,1,1,-1,1,2,21,7,5,2020,1.0,0.0,0.0,0.0,1.0,0,0,1,0,1,1,1
72792,CHICAGO,IL,60617,52.0,0.0,0.0,0.0,1,1,252,2004.0,3,2,1,6.0,30,1,1,1,1,4,1,1,1,0,1,2,6,4,5,2020,0.0,1.0,0.0,0.0,0.0,0,1,0,1,1,1,0
73027,CHICAGO,IL,60619,65.0,0.0,1.0,0.0,1,2,19,2011.0,1,4,1,4.0,35,2,1,2,2,10,0,1,2,0,4,2,22,5,5,2020,1.0,0.0,0.0,0.0,0.0,0,0,1,1,1,0,1
73127,CHICAGO,IL,60618,37.0,0.0,0.0,0.0,1,3,57,2016.0,2,4,3,8.0,30,1,1,1,1,3,2,1,1,0,2,2,13,3,5,2020,1.0,0.0,0.0,0.0,0.0,0,0,1,1,1,1,1
73128,CHICAGO,IL,60618,37.0,0.0,0.0,0.0,1,6,44,2001.0,2,4,1,4.0,30,1,1,1,1,3,2,1,1,0,2,2,13,3,5,2020,1.0,0.0,0.0,0.0,0.0,0,0,1,1,1,1,1
73181,CHICAGO,IL,60618,36.9,0.0,-1.0,0.0,1,7,51,2016.0,1,3,1,1.0,30,1,1,1,2,1,2,1,1,-1,2,2,21,3,5,2020,1.0,0.0,0.0,0.0,2.0,0,0,1,0,1,1,1
73182,CHICAGO,IL,60618,36.9,0.0,-1.0,0.0,1,1,6,2013.0,1,4,1,11.0,30,1,1,1,2,1,2,1,1,-1,2,2,21,3,5,2020,1.0,0.0,0.0,0.0,2.0,0,0,1,0,1,1,1
73183,CHICAGO,IL,60616,25.0,0.0,-1.0,0.0,1,7,51,2016.0,1,3,1,1.0,30,1,1,1,2,1,2,1,1,-1,2,2,21,3,5,2020,1.0,0.0,0.0,0.0,2.0,0,0,1,1,1,1,1
73184,CHICAGO,IL,60616,25.0,0.0,-1.0,0.0,1,1,6,2013.0,1,4,1,11.0,30,1,1,1,2,1,2,1,1,-1,2,2,21,3,5,2020,1.0,0.0,0.0,0.0,2.0,0,0,1,1,1,1,1
73373,CHICAGO,IL,60637,36.0,0.0,2.0,0.0,1,15,1,2010.0,1,1,1,1.0,30,2,1,1,5,1,1,1,1,0,2,2,20,6,5,2020,1.0,0.0,0.0,0.0,1.0,0,0,1,1,1,1,1
73374,CHICAGO,IL,60637,36.0,0.0,2.0,0.0,1,23,61,2005.0,1,2,1,6.0,30,2,1,1,5,1,1,1,1,0,2,2,20,6,5,2020,1.0,0.0,0.0,0.0,1.0,0,0,1,1,1,1,1
73375,CHICAGO,IL,60637,26.0,0.0,0.0,0.0,1,15,1,2010.0,1,1,1,1.0,30,2,1,1,5,1,1,1,1,0,2,2,20,6,5,2020,1.0,0.0,0.0,0.0,1.0,0,0,1,0,1,1,1
73376,CHICAGO,IL,60637,26.0,0.0,0.0,0.0,1,23,61,2005.0,1,2,1,6.0,30,2,1,1,5,1,1,1,1,0,2,2,20,6,5,2020,1.0,0.0,0.0,0.0,1.0,0,0,1,0,1,1,1
73564,CHICAGO,IL,60636,25.0,0.0,0.0,0.0,1,27,62,2001.0,1,1,1,9.0,20,1,1,1,1,1,5,1,1,0,1,4,17,4,6,2020,1.0,0.0,0.0,0.0,0.0,0,0,1,0,1,1,1
73565,CHICAGO,IL,60636,25.0,0.0,0.0,0.0,1,8,34,2020.0,2,1,1,11.0,20,1,1,1,1,1,5,1,1,0,1,4,17,4,6,2020,1.0,0.0,0.0,0.0,0.0,0,0,1,0,1,1,1
73566,CHICAGO,IL,60636,25.0,0.0,0.0,0.0,1,36,192,2012.0,1,1,1,2.0,20,1,1,1,1,1,5,1,1,0,1,4,17,4,6,2020,1.0,0.0,0.0,0.0,0.0,0,0,1,0,1,1,1
73568,CHICAGO,IL,60653,72.0,0.0,0.0,0.0,1,27,62,2001.0,1,1,1,9.0,20,1,1,1,1,1,5,1,1,0,1,4,17,4,6,2020,1.0,0.0,0.0,0.0,0.0,0,0,1,0,1,1,1
73569,CHICAGO,IL,60653,72.0,0.0,0.0,0.0,1,8,34,2020.0,2,1,1,11.0,20,1,1,1,1,1,5,1,1,0,1,4,17,4,6,2020,1.0,0.0,0.0,0.0,0.0,0,0,1,0,1,1,1
73570,CHICAGO,IL,60653,72.0,0.0,0.0,0.0,1,36,192,2012.0,1,1,1,2.0,20,1,1,1,1,1,5,1,1,0,1,4,17,4,6,2020,1.0,0.0,0.0,0.0,0.0,0,0,1,0,1,1,1
73572,CHICAGO,IL,60641,31.0,0.0,0.0,0.0,1,27,62,2001.0,1,1,1,9.0,20,1,1,1,1,1,5,1,1,0,1,4,17,4,6,2020,1.0,0.0,0.0,0.0,0.0,0,0,1,0,1,1,1
73573,CHICAGO,IL,60641,31.0,0.0,0.0,0.0,1,8,34,2020.0,2,1,1,11.0,20,1,1,1,1,1,5,1,1,0,1,4,17,4,6,2020,1.0,0.0,0.0,0.0,0.0,0,0,1,0,1,1,1
73574,CHICAGO,IL,60641,31.0,0.0,0.0,0.0,1,36,192,2012.0,1,1,1,2.0,20,1,1,1,1,1,5,1,1,0,1,4,17,4,6,2020,1.0,0.0,0.0,0.0,0.0,0,0,1,0,1,1,1
73583,CHICAGO,IL,60641,36.9,-1.0,-1.0,0.0,1,-1,2,2011.0,-1,3,1,-1.0,30,1,0,-1,3,3,3,1,-1,2,1,2,2,4,6,2020,1.0,0.0,0.0,0.0,2.0,1,0,0,0,0,1,1
73584,CHICAGO,IL,60641,36.9,-1.0,-1.0,0.0,1,6,22,2010.0,3,3,1,-1.0,30,1,0,-1,3,3,3,1,-1,2,1,2,2,4,6,2020,1.0,0.0,0.0,0.0,2.0,1,0,0,0,0,1,1
73585,DOLTON,IL,60419,32.0,-1.0,-1.0,0.0,1,-1,2,2011.0,-1,3,1,-1.0,30,1,0,-1,3,3,3,1,-1,2,1,2,2,4,6,2020,1.0,0.0,0.0,0.0,2.0,1,0,0,0,0,1,1
73586,DOLTON,IL,60419,32.0,-1.0,-1.0,0.0,1,6,22,2010.0,3,3,1,-1.0,30,1,0,-1,3,3,3,1,-1,2,1,2,2,4,6,2020,1.0,0.0,0.0,0.0,2.0,1,0,0,0,0,1,1
73679,ALGONQUIN,IL,60102,50.0,0.0,0.0,0.0,1,6,1,2019.0,4,1,4,6.0,45,1,1,1,1,2,1,1,1,0,1,2,20,7,6,2020,1.0,0.0,0.0,0.0,0.0,0,0,1,1,1,1,1
73680,ALGONQUIN,IL,60102,50.0,0.0,0.0,0.0,1,5,7,2013.0,1,1,1,5.0,45,1,1,1,1,2,1,1,1,0,1,2,20,7,6,2020,1.0,0.0,0.0,0.0,0.0,0,0,1,1,1,1,1
73904,CHICAGO,IL,60617,29.0,0.0,0.0,0.0,1,7,48,2014.0,1,1,1,4.0,45,1,1,1,2,2,0,1,1,0,1,2,21,4,6,2020,0.0,1.0,0.0,0.0,0.0,0,1,0,1,1,1,0
73929,CHICAGO,IL,60652,44.0,0.0,4.0,0.0,1,1,255,2018.0,1,3,1,1.0,35,0,0,1,1,3,4,1,1,0,1,3,10,5,6,2020,1.0,0.0,0.0,0.0,2.0,0,0,1,1,1,0,1
73930,CHICAGO,IL,60652,44.0,0.0,4.0,0.0,1,7,25,2007.0,1,3,1,8.0,35,0,0,1,1,3,4,1,1,0,1,3,10,5,6,2020,1.0,0.0,0.0,0.0,2.0,0,0,1,1,1,0,1
73932,CHICAGO,IL,60620,57.0,0.0,0.0,0.0,1,1,255,2018.0,1,3,1,1.0,35,0,0,1,1,3,4,1,1,0,1,3,10,5,6,2020,1.0,0.0,0.0,0.0,2.0,0,0,1,1,1,0,1
73933,CHICAGO,IL,60620,57.0,0.0,0.0,0.0,1,7,25,2007.0,1,3,1,8.0,35,0,0,1,1,3,4,1,1,0,1,3,10,5,6,2020,1.0,0.0,0.0,0.0,2.0,0,0,1,1,1,0,1
73935,CHICAGO,IL,60620,36.9,0.0,3.0,0.0,1,1,255,2018.0,1,3,1,1.0,35,0,0,1,1,3,4,1,1,0,1,3,10,5,6,2020,0.0,0.0,0.0,1.0,2.0,0,0,1,1,1,0,1
73936,CHICAGO,IL,60620,36.9,0.0,3.0,0.0,1,7,25,2007.0,1,3,1,8.0,35,0,0,1,1,3,4,1,1,0,1,3,10,5,6,2020,0.0,0.0,0.0,1.0,2.0,0,0,1,1,1,0,1
73958,CHICAGO,IL,60620,79.0,0.0,0.0,0.0,1,4,11,2017.0,1,3,1,5.0,20,0,0,1,1,1,3,1,1,0,4,2,14,5,6,2020,1.0,0.0,0.0,0.0,2.0,0,0,1,0,1,1,1
73959,CHICAGO,IL,60620,79.0,0.0,0.0,0.0,1,-1,1,2011.0,-1,4,1,1.0,20,0,0,1,1,1,3,1,1,0,4,2,14,5,6,2020,1.0,0.0,0.0,0.0,2.0,0,0,1,0,1,1,1
73960,CHICAGO,XX,60620,36.9,0.0,-1.0,0.0,1,4,11,2017.0,1,3,1,5.0,20,0,0,1,1,1,3,1,1,0,4,2,14,5,6,2020,1.0,0.0,0.0,0.0,2.0,0,0,1,1,1,1,1
73961,CHICAGO,XX,60620,36.9,0.0,-1.0,0.0,1,-1,1,2011.0,-1,4,1,1.0,20,0,0,1,1,1,3,1,1,0,4,2,14,5,6,2020,1.0,0.0,0.0,0.0,2.0,0,0,1,1,1,1,1
73972,CHICAGO,IL,60619,36.0,-1.0,3.0,0.0,1,1,4,2011.0,1,2,1,1.0,30,2,1,1,1,1,1,1,1,0,1,2,16,5,6,2020,1.0,0.0,0.0,0.0,1.0,0,0,1,0,1,1,1
73973,CHICAGO,IL,60619,36.0,-1.0,3.0,0.0,1,2,1,2014.0,3,1,1,3.0,30,2,1,1,1,1,1,1,1,0,1,2,16,5,6,2020,1.0,0.0,0.0,0.0,1.0,0,0,1,0,1,1,1
73974,SOUTH_HOLLAND,IL,60473,57.0,0.0,0.0,0.0,1,1,4,2011.0,1,2,1,1.0,30,2,1,1,1,1,1,1,1,0,1,2,16,5,6,2020,1.0,0.0,0.0,0.0,1.0,0,0,1,1,1,1,1
73975,SOUTH_HOLLAND,IL,60473,57.0,0.0,0.0,0.0,1,2,1,2014.0,3,1,1,3.0,30,2,1,1,1,1,1,1,1,0,1,2,16,5,6,2020,1.0,0.0,0.0,0.0,1.0,0,0,1,1,1,1,1
74014,CHICAGO,IL,60612,37.0,0.0,2.0,0.0,1,4,5,2006.0,1,1,6,4.0,30,1,1,1,2,4,0,1,1,0,3,2,0,6,6,2020,0.0,1.0,0.0,0.0,0.0,0,0,1,0,1,0,1
74015,CHICAGO,IL,60612,37.0,0.0,2.0,0.0,1,9,17,2019.0,1,1,9,5.0,30,1,1,1,2,4,0,1,1,0,3,2,0,6,6,2020,0.0,1.0,0.0,0.0,0.0,0,0,1,0,1,0,1
74016,CHICAGO,IL,60640,32.0,0.0,0.0,0.0,1,4,5,2006.0,1,1,6,4.0,30,1,1,1,2,4,0,1,1,0,3,2,0,6,6,2020,0.0,1.0,0.0,0.0,0.0,0,0,1,0,1,0,1
74017,CHICAGO,IL,60640,32.0,0.0,0.0,0.0,1,9,17,2019.0,1,1,9,5.0,30,1,1,1,2,4,0,1,1,0,3,2,0,6,6,2020,0.0,1.0,0.0,0.0,0.0,0,0,1,0,1,0,1
74033,CHICAGO,IL,60640,53.0,0.0,0.0,0.0,1,3,40,2017.0,1,3,1,6.0,25,1,1,1,1,1,3,1,1,0,1,2,9,6,6,2020,0.0,1.0,0.0,0.0,0.0,1,0,0,1,1,1,0
74143,CHICAGO,IL,60630,46.0,0.0,0.0,0.0,1,16,199,2017.0,1,2,1,2.0,30,1,1,1,1,3,0,1,1,0,2,2,18,6,6,2020,0.0,1.0,0.0,0.0,0.0,0,1,0,0,1,1,0
74171,CHICAGO,IL,60630,38.0,0.0,6.0,0.0,1,17,52,2010.0,1,1,1,1.0,30,0,0,1,1,2,0,1,1,0,3,2,18,6,6,2020,1.0,0.0,0.0,0.0,3.0,0,0,1,1,0,1,0
74172,CHICAGO,IL,60630,38.0,0.0,6.0,0.0,1,4,29,2017.0,1,3,2,11.0,30,0,0,1,1,2,0,1,1,0,3,2,18,6,6,2020,1.0,0.0,0.0,0.0,3.0,0,0,1,1,0,1,0
74173,STORM_LAKE,IA,50588,24.0,0.0,0.0,0.0,1,17,52,2010.0,1,1,1,1.0,30,0,0,1,1,2,0,1,1,0,3,2,18,6,6,2020,1.0,0.0,0.0,0.0,3.0,0,0,1,0,0,1,0
74174,STORM_LAKE,IA,50588,24.0,0.0,0.0,0.0,1,4,29,2017.0,1,3,2,11.0,30,0,0,1,1,2,0,1,1,0,3,2,18,6,6,2020,1.0,0.0,0.0,0.0,3.0,0,0,1,0,0,1,0
74242,CHICAGO,IL,60629,34.0,0.0,0.0,0.0,1,1,6,2008.0,1,1,1,8.0,30,1,1,1,2,3,4,1,1,0,1,2,0,7,6,2020,0.0,1.0,0.0,0.0,0.0,0,1,0,1,1,1,1
74265,MADISON,WI,53704,20.0,0.0,3.0,0.0,1,16,78,2002.0,1,4,1,1.0,30,2,1,1,1,1,0,1,1,0,1,4,18,6,6,2020,1.0,0.0,0.0,0.0,1.0,0,0,1,0,0,0,1