index,CITY,STATE,ZIPCODE,AGE,EJECTION,DRIVER_ACTION,BAC_RESULT,UNIT_TYPE,MAKE,MODEL,VEHICLE_YEAR,VEHICLE_TYPE,TRAVEL_DIRECTION,MANEUVER,FIRST_CONTACT_POINT,POSTED_SPEED_LIMIT,TRAFFIC_CONTROL_DEVICE,DEVICE_CONDITION,WEATHER_CONDITION,LIGHTING_CONDITION,FIRST_CRASH_TYPE,TRAFFICWAY_TYPE,ALIGNMENT,ROADWAY_SURFACE_COND,ROAD_DEFECT,STREET_DIRECTION,NUM_UNITS,CRASH_HOUR,CRASH_DAY_OF_WEEK,CRASH_MONTH,CRASH_YEAR,FATAL_INBOTH,FATAL_CARPPL,FATAL_OTHPPL,FATAL_INAUTO,FATAL_DEGREE,DAMAGE_500_OR_LESS,DAMAGE_501_1500,DAMAGE_OVER_1500,SEX,INTERSECTION_RELATED,HIT_AND_RUN,REPORTYPE
74266,MADISON,WI,53704,20.0,0.0,3.0,0.0,1,9,17,2019.0,1,2,3,9.0,30,2,1,1,1,1,0,1,1,0,1,4,18,6,6,2020,1.0,0.0,0.0,0.0,1.0,0,0,1,0,0,0,1
74267,MADISON,WI,53704,20.0,0.0,3.0,0.0,1,3,12,2009.0,1,4,1,11.0,30,2,1,1,1,1,0,1,1,0,1,4,18,6,6,2020,1.0,0.0,0.0,0.0,1.0,0,0,1,0,0,0,1
74268,MADISON,WI,53704,20.0,0.0,3.0,0.0,1,2,8,2019.0,1,1,1,10.0,30,2,1,1,1,1,0,1,1,0,1,4,18,6,6,2020,1.0,0.0,0.0,0.0,1.0,0,0,1,0,0,0,1
74269,CHICAGO,IL,60617,44.0,0.0,0.0,0.0,1,16,78,2002.0,1,4,1,1.0,30,2,1,1,1,1,0,1,1,0,1,4,18,6,6,2020,1.0,0.0,0.0,0.0,1.0,0,0,1,1,0,0,1
74270,CHICAGO,IL,60617,44.0,0.0,0.0,0.0,1,9,17,2019.0,1,2,3,9.0,30,2,1,1,1,1,0,1,1,0,1,4,18,6,6,2020,1.0,0.0,0.0,0.0,1.0,0,0,1,1,0,0,1
74271,CHICAGO,IL,60617,44.0,0.0,0.0,0.0,1,3,12,2009.0,1,4,1,11.0,30,2,1,1,1,1,0,1,1,0,1,4,18,6,6,2020,1.0,0.0,0.0,0.0,1.0,0,0,1,1,0,0,1
74272,CHICAGO,IL,60617,44.0,0.0,0.0,0.0,1,2,8,2019.0,1,1,1,10.0,30,2,1,1,1,1,0,1,1,0,1,4,18,6,6,2020,1.0,0.0,0.0,0.0,1.0,0,0,1,1,0,0,1
74273,CHICAGO,IL,60617,36.0,0.0,4.0,0.0,1,16,78,2002.0,1,4,1,1.0,30,2,1,1,1,1,0,1,1,0,1,4,18,6,6,2020,1.0,0.0,0.0,0.0,1.0,0,0,1,1,0,0,1
74274,CHICAGO,IL,60617,36.0,0.0,4.0,0.0,1,9,17,2019.0,1,2,3,9.0,30,2,1,1,1,1,0,1,1,0,1,4,18,6,6,2020,1.0,0.0,0.0,0.0,1.0,0,0,1,1,0,0,1
74275,CHICAGO,IL,60617,36.0,0.0,4.0,0.0,1,3,12,2009.0,1,4,1,11.0,30,2,1,1,1,1,0,1,1,0,1,4,18,6,6,2020,1.0,0.0,0.0,0.0,1.0,0,0,1,1,0,0,1
74276,CHICAGO,IL,60617,36.0,0.0,4.0,0.0,1,2,8,2019.0,1,1,1,10.0,30,2,1,1,1,1,0,1,1,0,1,4,18,6,6,2020,1.0,0.0,0.0,0.0,1.0,0,0,1,1,0,0,1
74277,CHICAGO,IL,60620,29.0,0.0,0.0,0.0,1,16,78,2002.0,1,4,1,1.0,30,2,1,1,1,1,0,1,1,0,1,4,18,6,6,2020,1.0,0.0,0.0,0.0,1.0,0,0,1,0,0,0,1
74278,CHICAGO,IL,60620,29.0,0.0,0.0,0.0,1,9,17,2019.0,1,2,3,9.0,30,2,1,1,1,1,0,1,1,0,1,4,18,6,6,2020,1.0,0.0,0.0,0.0,1.0,0,0,1,0,0,0,1
74279,CHICAGO,IL,60620,29.0,0.0,0.0,0.0,1,3,12,2009.0,1,4,1,11.0,30,2,1,1,1,1,0,1,1,0,1,4,18,6,6,2020,1.0,0.0,0.0,0.0,1.0,0,0,1,0,0,0,1
74280,CHICAGO,IL,60620,29.0,0.0,0.0,0.0,1,2,8,2019.0,1,1,1,10.0,30,2,1,1,1,1,0,1,1,0,1,4,18,6,6,2020,1.0,0.0,0.0,0.0,1.0,0,0,1,0,0,0,1
74310,CHICAGO,IL,60620,38.0,0.0,-1.0,0.0,1,3,302,2000.0,-1,3,1,1.0,30,1,1,1,2,1,0,1,1,0,1,2,1,7,6,2020,1.0,0.0,0.0,0.0,3.0,0,0,1,0,1,1,1
74311,CHICAGO,IL,60620,38.0,0.0,-1.0,0.0,1,4,5,2017.0,1,2,1,3.0,30,1,1,1,2,1,0,1,1,0,1,2,1,7,6,2020,1.0,0.0,0.0,0.0,3.0,0,0,1,0,1,1,1
74312,CHICAGO,IL,60628,21.0,0.0,-1.0,0.0,1,3,302,2000.0,-1,3,1,1.0,30,1,1,1,2,1,0,1,1,0,1,2,1,7,6,2020,1.0,0.0,0.0,0.0,3.0,0,0,1,0,1,1,1
74313,CHICAGO,IL,60628,21.0,0.0,-1.0,0.0,1,4,5,2017.0,1,2,1,3.0,30,1,1,1,2,1,0,1,1,0,1,2,1,7,6,2020,1.0,0.0,0.0,0.0,3.0,0,0,1,0,1,1,1
74410,CHICAGO,IL,60637,23.0,0.0,0.0,0.0,1,4,5,2016.0,1,1,1,3.0,30,1,1,1,1,2,4,1,1,0,1,2,13,7,6,2020,0.0,1.0,0.0,0.0,0.0,0,0,1,1,1,1,0
74555,CHICAGO,IL,60608,42.0,0.0,0.0,0.0,1,1,1,2017.0,1,3,2,4.0,30,1,1,1,1,2,1,2,1,-1,1,2,15,7,6,2020,1.0,0.0,0.0,0.0,0.0,0,0,1,0,1,1,1
74689,CHICAGO,IL,60608,38.0,0.0,6.0,0.0,1,14,184,2002.0,4,3,1,1.0,30,1,1,1,1,3,1,1,1,0,1,2,16,7,6,2020,1.0,0.0,0.0,0.0,3.0,0,0,1,1,1,1,1
74690,CHICAGO,IL,60608,38.0,0.0,6.0,0.0,1,24,156,2016.0,1,3,1,2.0,30,1,1,1,1,3,1,1,1,0,1,2,16,7,6,2020,1.0,0.0,0.0,0.0,3.0,0,0,1,1,1,1,1
74691,MADIISON,WI,53714,27.0,0.0,0.0,0.0,1,14,184,2002.0,4,3,1,1.0,30,1,1,1,1,3,1,1,1,0,1,2,16,7,6,2020,1.0,0.0,0.0,0.0,3.0,0,0,1,0,1,1,1
74692,MADIISON,WI,53714,27.0,0.0,0.0,0.0,1,24,156,2016.0,1,3,1,2.0,30,1,1,1,1,3,1,1,1,0,1,2,16,7,6,2020,1.0,0.0,0.0,0.0,3.0,0,0,1,0,1,1,1
74936,CHICAGO,IL,60650,21.0,1.0,0.0,0.0,1,15,1,2011.0,1,1,-1,1.0,30,-1,0,2,3,9,2,1,2,0,1,2,21,7,6,2020,0.0,0.0,0.0,1.0,2.0,0,0,1,1,1,1,1
74967,CHICAGO,IL,60650,24.0,0.0,0.0,0.0,1,36,234,2006.0,1,3,1,2.0,30,1,1,2,2,3,0,1,2,0,3,2,22,7,6,2020,0.0,1.0,0.0,0.0,0.0,0,1,0,0,1,1,0
75003,MOUNT_MORRIS,IL,61054,31.0,0.0,0.0,0.0,1,5,7,2009.0,1,2,1,1.0,30,0,0,2,3,1,5,1,2,0,2,2,23,7,6,2020,1.0,0.0,0.0,0.0,0.0,0,0,1,1,1,1,1
75042,CHICAGO,IL,60623,24.0,0.0,0.0,0.0,1,6,41,2018.0,1,4,1,3.0,30,2,2,2,2,1,3,1,2,0,2,2,23,7,6,2020,0.0,1.0,0.0,0.0,0.0,0,0,1,1,1,1,1
75118,UNKNOWN,XX,0,36.9,0.0,2.0,0.0,1,-1,2,2011.0,1,5,2,4.0,30,0,0,2,2,2,4,1,2,0,1,2,0,1,6,2020,1.0,0.0,0.0,0.0,2.0,0,1,0,0,1,1,1
75119,UNKNOWN,XX,0,36.9,0.0,2.0,0.0,1,31,1,1999.0,6,7,1,1.0,30,0,0,2,2,2,4,1,2,0,1,2,0,1,6,2020,1.0,0.0,0.0,0.0,2.0,0,1,0,0,1,1,1
75120,CHICAGO,IL,60638,34.0,1.0,0.0,0.0,1,-1,2,2011.0,1,5,2,4.0,30,0,0,2,2,2,4,1,2,0,1,2,0,1,6,2020,1.0,0.0,0.0,0.0,2.0,0,1,0,1,1,1,1
75121,CHICAGO,IL,60638,34.0,1.0,0.0,0.0,1,31,1,1999.0,6,7,1,1.0,30,0,0,2,2,2,4,1,2,0,1,2,0,1,6,2020,1.0,0.0,0.0,0.0,2.0,0,1,0,1,1,1,1
75187,DOLTON,IL,60419,25.0,0.0,0.0,0.0,1,17,1,2007.0,1,1,1,9.0,45,0,0,2,2,4,0,1,2,0,3,2,1,1,6,2020,0.0,1.0,0.0,0.0,0.0,0,1,0,1,0,1,0
75189,UNKNOWN,XX,0,36.9,0.0,-1.0,0.0,1,3,28,2019.0,2,3,1,7.0,30,1,1,5,3,1,0,1,2,0,1,2,1,1,6,2020,1.0,0.0,0.0,0.0,2.0,0,0,1,0,1,1,1
75190,CHICAGO,IL,60625,41.0,0.0,0.0,0.0,1,4,5,2011.0,1,4,1,1.0,30,1,1,5,3,1,0,1,2,0,1,2,1,1,6,2020,1.0,0.0,0.0,0.0,2.0,0,0,1,1,1,1,1
75191,CHICAGO,IL,60625,41.0,0.0,0.0,0.0,1,3,28,2019.0,2,3,1,7.0,30,1,1,5,3,1,0,1,2,0,1,2,1,1,6,2020,1.0,0.0,0.0,0.0,2.0,0,0,1,1,1,1,1
75329,CHICAGO,IL,60632,23.0,0.0,0.0,0.0,1,7,10,2016.0,1,1,3,1.0,30,1,0,2,3,6,2,1,2,0,1,2,0,1,6,2020,0.0,1.0,0.0,0.0,0.0,1,0,0,1,1,1,0
75374,CHICAGO,IL,60632,49.0,0.0,0.0,0.0,1,7,87,2004.0,2,6,3,3.0,30,1,1,1,1,1,1,1,1,0,1,2,8,1,6,2020,0.0,1.0,0.0,0.0,0.0,0,0,1,1,1,1,1
75413,UNKNOWN,XX,0,36.9,0.0,2.0,0.0,1,-1,1,2011.0,3,3,1,1.0,35,2,1,1,1,5,0,2,1,0,1,2,10,1,6,2020,1.0,0.0,0.0,0.0,2.0,1,0,0,0,1,1,1
75415,CHICAGO,IL,60617,40.0,-1.0,0.0,2.0,1,-1,1,2011.0,3,3,1,1.0,35,2,1,1,1,5,0,2,1,0,1,2,10,1,6,2020,0.0,0.0,0.0,0.0,2.0,1,0,0,1,1,1,1
75558,UNKNOWN,XX,0,36.0,-1.0,2.0,0.0,1,-1,88,2010.0,1,1,1,1.0,30,2,1,1,1,9,2,1,1,0,2,2,13,1,6,2020,1.0,0.0,0.0,0.0,1.0,0,1,0,1,1,1,1
75560,CHICAGO,IL,60609,56.0,-1.0,-1.0,0.0,1,-1,88,2010.0,1,1,1,1.0,30,2,1,1,1,9,2,1,1,0,2,2,13,1,6,2020,0.0,0.0,0.0,1.0,1.0,0,1,0,1,1,1,1
75858,CHICAGO,IL,60106,38.0,0.0,7.0,0.0,1,-1,1,2010.0,6,1,6,-1.0,30,0,0,1,1,4,0,1,2,0,1,2,16,1,6,2020,1.0,0.0,0.0,0.0,3.0,0,0,1,0,1,1,0
75859,CHICAGO,IL,60106,38.0,0.0,7.0,0.0,1,24,1,2007.0,1,1,1,5.0,30,0,0,1,1,4,0,1,2,0,1,2,16,1,6,2020,1.0,0.0,0.0,0.0,3.0,0,0,1,0,1,1,0
75860,CHICAGO,IL,60649,40.0,0.0,-1.0,0.0,1,-1,1,2010.0,6,1,6,-1.0,30,0,0,1,1,4,0,1,2,0,1,2,16,1,6,2020,1.0,0.0,0.0,0.0,3.0,0,0,1,1,1,1,0
75861,CHICAGO,IL,60649,40.0,0.0,-1.0,0.0,1,24,1,2007.0,1,1,1,5.0,30,0,0,1,1,4,0,1,2,0,1,2,16,1,6,2020,1.0,0.0,0.0,0.0,3.0,0,0,1,1,1,1,0
75951,CHICAGO,IL,60636,27.0,0.0,0.0,0.0,1,7,25,2018.0,1,1,1,5.0,35,1,1,1,1,1,5,1,1,0,2,2,17,1,6,2020,1.0,0.0,0.0,0.0,0.0,0,0,1,1,1,0,1
76235,CHICAGO,IL,60624,36.9,0.0,-1.0,0.0,1,6,21,2018.0,1,4,1,1.0,30,1,1,1,3,6,0,1,1,0,4,2,22,1,6,2020,1.0,0.0,0.0,0.0,2.0,0,0,1,1,1,1,1
76236,CHICAGO,IL,60624,36.9,0.0,-1.0,0.0,1,4,11,2018.0,1,2,1,1.0,30,1,1,1,3,6,0,1,1,0,4,2,22,1,6,2020,1.0,0.0,0.0,0.0,2.0,0,0,1,1,1,1,1
76237,SOUTH_HOLLAND,IL,60473,56.0,0.0,0.0,0.0,1,6,21,2018.0,1,4,1,1.0,30,1,1,1,3,6,0,1,1,0,4,2,22,1,6,2020,1.0,0.0,0.0,0.0,2.0,0,0,1,1,1,1,1
76238,SOUTH_HOLLAND,IL,60473,56.0,0.0,0.0,0.0,1,4,11,2018.0,1,2,1,1.0,30,1,1,1,3,6,0,1,1,0,4,2,22,1,6,2020,1.0,0.0,0.0,0.0,2.0,0,0,1,1,1,1,1
76250,CHICAGO,IL,60643,26.0,0.0,0.0,0.0,1,4,100,2017.0,1,2,1,6.0,35,2,1,1,2,1,1,1,1,0,4,2,21,1,6,2020,0.0,1.0,0.0,0.0,0.0,0,0,1,0,1,1,0
76296,WESTMONT,IL,60559,41.0,0.0,0.0,0.0,1,6,69,2008.0,1,1,1,1.0,30,1,1,1,2,1,-1,1,1,0,4,2,23,1,6,2020,1.0,0.0,0.0,0.0,0.0,0,0,1,1,1,1,1
76297,WESTMONT,IL,60559,41.0,0.0,0.0,0.0,1,1,4,2018.0,1,2,1,6.0,30,1,1,1,2,1,-1,1,1,0,4,2,23,1,6,2020,1.0,0.0,0.0,0.0,0.0,0,0,1,1,1,1,1
76322,CHICAGO,IL,60643,38.0,0.0,3.0,0.0,1,21,211,2016.0,1,4,1,3.0,30,1,1,1,2,1,4,1,1,0,1,2,0,2,6,2020,1.0,0.0,0.0,0.0,3.0,0,0,1,1,1,1,1
76323,CHICAGO,IL,60643,38.0,0.0,3.0,0.0,1,4,33,2015.0,1,3,1,4.0,30,1,1,1,2,1,4,1,1,0,1,2,0,2,6,2020,1.0,0.0,0.0,0.0,3.0,0,0,1,1,1,1,1
76324,CHICAGO,IL,60624,27.0,0.0,0.0,0.0,1,21,211,2016.0,1,4,1,3.0,30,1,1,1,2,1,4,1,1,0,1,2,0,2,6,2020,1.0,0.0,0.0,0.0,3.0,0,0,1,1,1,1,1
76325,CHICAGO,IL,60624,27.0,0.0,0.0,0.0,1,4,33,2015.0,1,3,1,4.0,30,1,1,1,2,1,4,1,1,0,1,2,0,2,6,2020,1.0,0.0,0.0,0.0,3.0,0,0,1,1,1,1,1
76476,CHICAGO,IL,60624,24.0,0.0,0.0,0.0,1,7,59,2017.0,1,4,1,5.0,30,2,1,1,1,1,0,1,1,0,2,2,6,2,6,2020,0.0,1.0,0.0,0.0,0.0,0,1,0,0,1,1,0
76543,CHICAGO,IL,60624,36.0,0.0,-1.0,0.0,1,5,23,2019.0,9,1,1,6.0,30,1,1,1,2,1,0,1,1,0,2,2,3,2,6,2020,1.0,0.0,0.0,0.0,1.0,0,0,1,0,1,1,0
76544,CHICAGO,IL,60624,36.0,0.0,-1.0,0.0,1,1,4,2005.0,1,2,1,1.0,30,1,1,1,2,1,0,1,1,0,2,2,3,2,6,2020,1.0,0.0,0.0,0.0,1.0,0,0,1,0,1,1,0
76545,CHICAGO,IL,60644,29.0,0.0,1.0,0.0,1,5,23,2019.0,9,1,1,6.0,30,1,1,1,2,1,0,1,1,0,2,2,3,2,6,2020,1.0,0.0,0.0,0.0,1.0,0,0,1,0,1,1,0
76546,CHICAGO,IL,60644,29.0,0.0,1.0,0.0,1,1,4,2005.0,1,2,1,1.0,30,1,1,1,2,1,0,1,1,0,2,2,3,2,6,2020,1.0,0.0,0.0,0.0,1.0,0,0,1,0,1,1,0
76569,CHICAGO,IL,60624,28.0,0.0,10.0,0.0,1,20,94,2005.0,2,2,1,3.0,30,1,1,1,1,4,3,1,1,0,2,2,6,2,6,2020,1.0,0.0,0.0,0.0,1.0,0,0,1,1,1,1,1
76570,CHICAGO,IL,60624,28.0,0.0,10.0,0.0,1,-1,2,2010.0,-1,-1,-1,1.0,30,1,1,1,1,4,3,1,1,0,2,2,6,2,6,2020,1.0,0.0,0.0,0.0,1.0,0,0,1,1,1,1,1
76571,CHICAGO,IL,60624,36.0,0.0,-1.0,0.0,1,20,94,2005.0,2,2,1,3.0,30,1,1,1,1,4,3,1,1,0,2,2,6,2,6,2020,1.0,0.0,0.0,0.0,1.0,0,0,1,0,1,1,1
76572,CHICAGO,IL,60624,36.0,0.0,-1.0,0.0,1,-1,2,2010.0,-1,-1,-1,1.0,30,1,1,1,1,4,3,1,1,0,2,2,6,2,6,2020,1.0,0.0,0.0,0.0,1.0,0,0,1,0,1,1,1
76757,CHICAGO,IL,60629,17.0,0.0,0.0,0.0,1,2,8,2006.0,1,2,1,1.0,30,1,1,1,1,1,0,1,1,0,2,2,12,2,6,2020,1.0,0.0,0.0,0.0,0.0,0,0,1,0,1,1,1
76958,CHICAGO,IL,60644,42.0,0.0,0.0,0.0,1,2,82,2001.0,2,4,1,6.0,35,1,1,1,1,4,2,1,1,0,1,2,14,7,6,2020,0.0,1.0,0.0,0.0,0.0,0,0,1,1,1,1,0
76959,CHICAGO,IL,60644,42.0,0.0,0.0,0.0,1,2,180,2007.0,1,4,1,5.0,35,1,1,1,1,4,2,1,1,0,1,2,14,7,6,2020,0.0,1.0,0.0,0.0,0.0,0,0,1,1,1,1,0
77187,CHICAGO,IL,60615,38.0,0.0,1.0,0.0,1,3,3,2012.0,1,3,1,9.0,30,1,1,1,1,2,1,1,1,0,1,2,16,2,6,2020,1.0,0.0,0.0,0.0,3.0,0,0,1,1,1,1,1
77188,CHICAGO,IL,60632,21.0,0.0,0.0,0.0,1,-1,2,2010.0,2,1,2,3.0,30,1,1,1,1,2,1,1,1,0,1,2,16,2,6,2020,1.0,0.0,0.0,0.0,3.0,0,0,1,0,1,1,1
77189,CHICAGO,IL,60632,21.0,0.0,0.0,0.0,1,3,3,2012.0,1,3,1,9.0,30,1,1,1,1,2,1,1,1,0,1,2,16,2,6,2020,1.0,0.0,0.0,0.0,3.0,0,0,1,0,1,1,1
77268,CHICAGO,IL,60647,47.0,0.0,0.0,0.0,1,5,23,2017.0,2,3,3,2.0,30,2,1,2,1,3,0,1,2,0,3,2,16,2,6,2020,0.0,1.0,0.0,0.0,0.0,0,0,1,0,1,1,0
77290,HICKRY_HILL,IL,60457,36.0,0.0,0.0,0.0,1,17,52,2018.0,1,2,1,1.0,30,0,0,1,1,1,0,1,1,0,1,2,16,2,6,2020,0.0,1.0,0.0,0.0,0.0,0,0,1,0,1,1,0
77614,CHICAGO,IL,60628,68.0,-1.0,12.0,0.0,1,4,18,2011.0,1,1,1,-1.0,30,0,0,2,2,5,0,1,2,-1,3,2,20,2,6,2020,0.0,0.0,0.0,0.0,2.0,1,0,0,0,1,1,1
77638,CHICAGO,IL,60628,36.9,-1.0,-1.0,0.0,1,-1,2,2011.0,1,4,1,-1.0,30,2,-1,2,3,5,0,1,2,-1,1,2,21,2,6,2020,1.0,0.0,0.0,0.0,2.0,0,0,1,1,1,1,1
77640,CHICAGO,IL,60628,51.0,-1.0,-1.0,0.0,1,-1,2,2011.0,1,4,1,-1.0,30,2,-1,2,3,5,0,1,2,-1,1,2,21,2,6,2020,0.0,0.0,0.0,0.0,2.0,0,0,1,0,1,1,1
77894,CHICAGO,IL,60639,51.0,0.0,0.0,0.0,1,37,1,2019.0,7,2,1,-1.0,20,3,1,1,1,7,0,1,1,0,2,2,10,3,6,2020,0.0,1.0,0.0,0.0,0.0,0,0,1,0,0,1,0
77922,CHICAGO,IL,60641,44.0,0.0,1.0,0.0,1,6,56,2017.0,1,3,1,5.0,30,1,1,1,1,1,0,1,1,0,1,2,10,3,6,2020,0.0,1.0,0.0,0.0,0.0,0,0,1,1,1,1,0
78310,OAK_LAWN,IL,60453,39.0,0.0,0.0,0.0,1,3,3,2002.0,1,2,3,10.0,30,1,1,1,1,3,0,2,1,0,2,2,16,2,6,2020,0.0,1.0,0.0,0.0,0.0,0,0,1,1,1,1,0
78648,CHICAGO,IL,60620,36.0,0.0,3.0,0.0,1,3,109,2017.0,1,2,1,1.0,30,1,1,1,2,1,4,1,1,0,1,2,19,3,6,2020,1.0,0.0,0.0,0.0,1.0,0,0,1,1,1,1,0
78649,CHICAGO,IL,60620,36.0,0.0,3.0,0.0,1,18,105,2008.0,1,3,1,6.0,30,1,1,1,2,1,4,1,1,0,1,2,19,3,6,2020,1.0,0.0,0.0,0.0,1.0,0,0,1,1,1,1,0
78650,CHICAGO,IL,60620,36.0,0.0,3.0,0.0,1,3,109,2017.0,1,2,1,1.0,30,1,1,1,2,1,4,1,1,0,1,2,19,3,6,2020,1.0,0.0,0.0,0.0,1.0,0,0,1,1,1,1,0
78651,CHICAGO,IL,60620,36.0,0.0,3.0,0.0,1,18,105,2008.0,1,3,1,6.0,30,1,1,1,2,1,4,1,1,0,1,2,19,3,6,2020,1.0,0.0,0.0,0.0,1.0,0,0,1,1,1,1,0
78652,CHICAGO,IL,60637,32.0,0.0,0.0,0.0,1,3,109,2017.0,1,2,1,1.0,30,1,1,1,2,1,4,1,1,0,1,2,19,3,6,2020,1.0,0.0,0.0,0.0,1.0,0,0,1,0,1,1,0
78653,CHICAGO,IL,60637,32.0,0.0,0.0,0.0,1,18,105,2008.0,1,3,1,6.0,30,1,1,1,2,1,4,1,1,0,1,2,19,3,6,2020,1.0,0.0,0.0,0.0,1.0,0,0,1,0,1,1,0
78654,CHICAGO,IL,60637,32.0,0.0,0.0,0.0,1,3,109,2017.0,1,2,1,1.0,30,1,1,1,2,1,4,1,1,0,1,2,19,3,6,2020,1.0,0.0,0.0,0.0,1.0,0,0,1,0,1,1,0
78655,CHICAGO,IL,60637,32.0,0.0,0.0,0.0,1,18,105,2008.0,1,3,1,6.0,30,1,1,1,2,1,4,1,1,0,1,2,19,3,6,2020,1.0,0.0,0.0,0.0,1.0,0,0,1,0,1,1,0
78656,CHICAGO,IL,60649,23.0,0.0,3.0,0.0,1,3,109,2017.0,1,2,1,1.0,30,1,1,1,2,1,4,1,1,0,1,2,19,3,6,2020,1.0,0.0,0.0,0.0,1.0,0,0,1,1,1,1,0
78657,CHICAGO,IL,60649,23.0,0.0,3.0,0.0,1,18,105,2008.0,1,3,1,6.0,30,1,1,1,2,1,4,1,1,0,1,2,19,3,6,2020,1.0,0.0,0.0,0.0,1.0,0,0,1,1,1,1,0
78658,CHICAGO,IL,60649,23.0,0.0,3.0,0.0,1,3,109,2017.0,1,2,1,1.0,30,1,1,1,2,1,4,1,1,0,1,2,19,3,6,2020,1.0,0.0,0.0,0.0,1.0,0,0,1,1,1,1,0
78659,CHICAGO,IL,60649,23.0,0.0,3.0,0.0,1,18,105,2008.0,1,3,1,6.0,30,1,1,1,2,1,4,1,1,0,1,2,19,3,6,2020,1.0,0.0,0.0,0.0,1.0,0,0,1,1,1,1,0
78660,CHICAGO,IL,60637,32.0,0.0,0.0,0.0,1,3,109,2017.0,1,2,1,1.0,30,1,1,1,2,1,4,1,1,0,1,2,19,3,6,2020,1.0,0.0,0.0,0.0,1.0,0,0,1,0,1,1,0
78661,CHICAGO,IL,60637,32.0,0.0,0.0,0.0,1,18,105,2008.0,1,3,1,6.0,30,1,1,1,2,1,4,1,1,0,1,2,19,3,6,2020,1.0,0.0,0.0,0.0,1.0,0,0,1,0,1,1,0
78662,CHICAGO,IL,60637,32.0,0.0,0.0,0.0,1,3,109,2017.0,1,2,1,1.0,30,1,1,1,2,1,4,1,1,0,1,2,19,3,6,2020,1.0,0.0,0.0,0.0,1.0,0,0,1,0,1,1,0
78663,CHICAGO,IL,60637,32.0,0.0,0.0,0.0,1,18,105,2008.0,1,3,1,6.0,30,1,1,1,2,1,4,1,1,0,1,2,19,3,6,2020,1.0,0.0,0.0,0.0,1.0,0,0,1,0,1,1,0
78907,CHICAGO,IL,60639,32.0,0.0,0.0,0.0,1,5,38,2003.0,1,2,1,1.0,30,0,0,1,2,1,0,1,1,0,2,4,1,4,6,2020,1.0,0.0,0.0,0.0,0.0,0,0,1,1,1,1,1
78936,CHICAGO,IL,60644,36.9,0.0,5.0,0.0,1,28,45,2008.0,5,2,1,1.0,30,1,1,1,5,2,7,1,1,0,2,2,5,4,6,2020,1.0,0.0,0.0,0.0,2.0,0,0,1,0,1,1,1
78937,CHICAGO,IL,60644,61.0,0.0,0.0,0.0,1,-1,2,2011.0,-1,4,2,-1.0,30,1,1,1,5,2,7,1,1,0,2,2,5,4,6,2020,1.0,0.0,0.0,0.0,2.0,0,0,1,1,1,1,1
78938,CHICAGO,IL,60644,61.0,0.0,0.0,0.0,1,28,45,2008.0,5,2,1,1.0,30,1,1,1,5,2,7,1,1,0,2,2,5,4,6,2020,1.0,0.0,0.0,0.0,2.0,0,0,1,1,1,1,1
79123,PARK_RIDGE,IL,60068,54.0,0.0,0.0,0.0,1,23,61,2012.0,1,4,1,10.0,35,1,1,1,1,3,2,1,1,0,2,2,6,4,6,2020,1.0,0.0,0.0,0.0,0.0,0,0,1,1,1,1,1
79154,CHICAGO,IL,60644,36.9,0.0,2.0,0.0,1,1,49,2011.0,3,4,2,1.0,30,1,1,1,1,5,4,1,1,0,3,2,11,4,6,2020,1.0,0.0,0.0,0.0,2.0,0,0,1,0,1,1,1
79156,CHICAGO,IL,60610,59.0,-1.0,2.0,0.0,1,1,49,2011.0,3,4,2,1.0,30,1,1,1,1,5,4,1,1,0,3,2,11,4,6,2020,0.0,0.0,0.0,0.0,2.0,0,0,1,1,1,1,1
79241,CHICAGO,IL,60611,90.0,0.0,0.0,0.0,1,2,382,2003.0,1,1,1,4.0,35,1,1,2,1,4,0,1,2,0,2,2,13,4,6,2020,0.0,1.0,0.0,0.0,0.0,0,0,1,1,1,1,0
79280,CHICAGO,IL,60609,36.0,0.0,3.0,0.0,1,9,1,2010.0,2,2,1,1.0,30,1,1,1,2,1,4,1,1,0,1,2,2,2,6,2020,1.0,0.0,0.0,0.0,1.0,0,0,1,0,1,1,0
79281,CHICAGO,IL,60609,36.0,0.0,3.0,0.0,1,1,6,2017.0,1,3,1,6.0,30,1,1,1,2,1,4,1,1,0,1,2,2,2,6,2020,1.0,0.0,0.0,0.0,1.0,0,0,1,0,1,1,0
79282,CHICAGO,IL,60620,41.0,0.0,0.0,0.0,1,9,1,2010.0,2,2,1,1.0,30,1,1,1,2,1,4,1,1,0,1,2,2,2,6,2020,1.0,0.0,0.0,0.0,1.0,0,0,1,0,1,1,0
79283,CHICAGO,IL,60620,41.0,0.0,0.0,0.0,1,1,6,2017.0,1,3,1,6.0,30,1,1,1,2,1,4,1,1,0,1,2,2,2,6,2020,1.0,0.0,0.0,0.0,1.0,0,0,1,0,1,1,0
79647,CHICAGO,IL,60634,36.9,0.0,2.0,0.0,1,22,107,2004.0,1,6,2,1.0,30,0,0,1,1,2,1,1,-1,-1,2,2,17,4,6,2020,1.0,0.0,0.0,0.0,2.0,0,0,1,1,1,1,0