index,CITY,STATE,ZIPCODE,AGE,EJECTION,DRIVER_ACTION,BAC_RESULT,UNIT_TYPE,MAKE,MODEL,VEHICLE_YEAR,VEHICLE_TYPE,TRAVEL_DIRECTION,MANEUVER,FIRST_CONTACT_POINT,POSTED_SPEED_LIMIT,TRAFFIC_CONTROL_DEVICE,DEVICE_CONDITION,WEATHER_CONDITION,LIGHTING_CONDITION,FIRST_CRASH_TYPE,TRAFFICWAY_TYPE,ALIGNMENT,ROADWAY_SURFACE_COND,ROAD_DEFECT,STREET_DIRECTION,NUM_UNITS,CRASH_HOUR,CRASH_DAY_OF_WEEK,CRASH_MONTH,CRASH_YEAR,FATAL_INBOTH,FATAL_CARPPL,FATAL_OTHPPL,FATAL_INAUTO,FATAL_DEGREE,DAMAGE_500_OR_LESS,DAMAGE_501_1500,DAMAGE_OVER_1500,SEX,INTERSECTION_RELATED,HIT_AND_RUN,REPORTYPE
79648,CHICAGO,IL,60634,36.9,0.0,2.0,0.0,1,2,24,2010.0,1,4,1,1.0,30,0,0,1,1,2,1,1,-1,-1,2,2,17,4,6,2020,1.0,0.0,0.0,0.0,2.0,0,0,1,1,1,1,0
79649,CHICAGO,IL,60643,63.0,0.0,0.0,0.0,1,22,107,2004.0,1,6,2,1.0,30,0,0,1,1,2,1,1,-1,-1,2,2,17,4,6,2020,1.0,0.0,0.0,0.0,2.0,0,0,1,0,1,1,0
79650,CHICAGO,IL,60643,63.0,0.0,0.0,0.0,1,2,24,2010.0,1,4,1,1.0,30,0,0,1,1,2,1,1,-1,-1,2,2,17,4,6,2020,1.0,0.0,0.0,0.0,2.0,0,0,1,0,1,1,0
79675,CHICAGO,IL,60643,36.9,0.0,6.0,0.0,1,13,1,2011.0,1,4,1,1.0,30,1,1,1,1,7,2,1,1,0,1,2,17,4,6,2020,1.0,0.0,0.0,0.0,2.0,0,0,1,1,1,1,1
79676,CHICAGO,IL,60643,36.9,0.0,6.0,0.0,1,9,70,2015.0,1,2,7,6.0,30,1,1,1,1,7,2,1,1,0,1,2,17,4,6,2020,1.0,0.0,0.0,0.0,2.0,0,0,1,1,1,1,1
79677,CHICAGO,IL,60652,27.0,0.0,0.0,0.0,1,13,1,2011.0,1,4,1,1.0,30,1,1,1,1,7,2,1,1,0,1,2,17,4,6,2020,1.0,0.0,0.0,0.0,2.0,0,0,1,0,1,1,1
79678,CHICAGO,IL,60652,27.0,0.0,0.0,0.0,1,9,70,2015.0,1,2,7,6.0,30,1,1,1,1,7,2,1,1,0,1,2,17,4,6,2020,1.0,0.0,0.0,0.0,2.0,0,0,1,0,1,1,1
79736,DOLTON,IL,60419,22.0,0.0,0.0,0.0,1,2,8,2015.0,1,4,1,3.0,30,1,1,1,1,2,0,1,1,0,2,2,18,4,6,2020,1.0,0.0,0.0,0.0,0.0,0,0,1,1,1,1,1
79762,CHICAGO,IL,60660,40.0,0.0,0.0,0.0,1,3,57,2006.0,2,3,1,2.0,30,1,1,1,1,3,1,1,1,0,3,2,15,4,6,2020,0.0,1.0,0.0,0.0,0.0,0,0,1,1,1,1,0
79814,CHICAGO,IL,60622,39.0,0.0,0.0,0.0,1,4,130,2017.0,1,4,1,2.0,30,1,1,1,1,3,0,1,1,0,2,3,17,4,6,2020,1.0,0.0,0.0,0.0,0.0,0,0,1,0,1,1,1
79838,CHICAGO,IL,60637,19.0,0.0,-1.0,0.0,1,3,3,2015.0,1,3,4,3.0,30,-1,-1,1,1,2,1,1,1,-1,1,3,18,4,6,2020,1.0,0.0,0.0,0.0,3.0,0,0,1,1,1,0,1
79839,CHICAGO,IL,60637,19.0,0.0,-1.0,0.0,1,1,4,2014.0,1,1,1,3.0,30,-1,-1,1,1,2,1,1,1,-1,1,3,18,4,6,2020,1.0,0.0,0.0,0.0,3.0,0,0,1,1,1,0,1
79840,CHICAGO,IL,60637,19.0,0.0,-1.0,0.0,1,10,30,2004.0,1,4,1,4.0,30,-1,-1,1,1,2,1,1,1,-1,1,3,18,4,6,2020,1.0,0.0,0.0,0.0,3.0,0,0,1,1,1,0,1
79841,DOLTON,IL,60419,62.0,0.0,0.0,0.0,1,3,3,2015.0,1,3,4,3.0,30,-1,-1,1,1,2,1,1,1,-1,1,3,18,4,6,2020,1.0,0.0,0.0,0.0,3.0,0,0,1,1,1,0,1
79842,DOLTON,IL,60419,62.0,0.0,0.0,0.0,1,1,4,2014.0,1,1,1,3.0,30,-1,-1,1,1,2,1,1,1,-1,1,3,18,4,6,2020,1.0,0.0,0.0,0.0,3.0,0,0,1,1,1,0,1
79843,DOLTON,IL,60419,62.0,0.0,0.0,0.0,1,10,30,2004.0,1,4,1,4.0,30,-1,-1,1,1,2,1,1,1,-1,1,3,18,4,6,2020,1.0,0.0,0.0,0.0,3.0,0,0,1,1,1,0,1
79844,CHICAGO,IL,60643,52.0,0.0,0.0,0.0,1,3,3,2015.0,1,3,4,3.0,30,-1,-1,1,1,2,1,1,1,-1,1,3,18,4,6,2020,1.0,0.0,0.0,0.0,3.0,0,0,1,1,1,0,1
79845,CHICAGO,IL,60643,52.0,0.0,0.0,0.0,1,1,4,2014.0,1,1,1,3.0,30,-1,-1,1,1,2,1,1,1,-1,1,3,18,4,6,2020,1.0,0.0,0.0,0.0,3.0,0,0,1,1,1,0,1
79846,CHICAGO,IL,60643,52.0,0.0,0.0,0.0,1,10,30,2004.0,1,4,1,4.0,30,-1,-1,1,1,2,1,1,1,-1,1,3,18,4,6,2020,1.0,0.0,0.0,0.0,3.0,0,0,1,1,1,0,1
79871,CHICAGO,IL,60643,38.0,0.0,3.0,0.0,1,-1,1,2010.0,-1,4,1,1.0,30,2,1,1,1,1,2,1,1,0,1,2,18,4,6,2020,1.0,0.0,0.0,0.0,3.0,0,0,1,1,1,1,1
79872,CHICAGO,IL,60643,38.0,0.0,3.0,0.0,1,12,32,2014.0,1,1,1,6.0,30,2,1,1,1,1,2,1,1,0,1,2,18,4,6,2020,1.0,0.0,0.0,0.0,3.0,0,0,1,1,1,1,1
79873,CHICAGO,IL,60617,27.0,0.0,0.0,0.0,1,-1,1,2010.0,-1,4,1,1.0,30,2,1,1,1,1,2,1,1,0,1,2,18,4,6,2020,1.0,0.0,0.0,0.0,3.0,0,0,1,1,1,1,1
79874,CHICAGO,IL,60617,27.0,0.0,0.0,0.0,1,12,32,2014.0,1,1,1,6.0,30,2,1,1,1,1,2,1,1,0,1,2,18,4,6,2020,1.0,0.0,0.0,0.0,3.0,0,0,1,1,1,1,1
79942,CHICAGO,IL,60626,82.0,0.0,0.0,0.0,1,3,86,2001.0,1,2,2,2.0,30,1,1,1,2,2,1,1,1,0,2,2,21,4,6,2020,0.0,1.0,0.0,0.0,0.0,0,0,1,1,1,1,1
79972,CHICAGO,IL,60620,51.0,0.0,0.0,0.0,1,1,6,2018.0,1,2,1,2.0,30,2,0,1,1,3,0,1,1,0,1,2,17,4,6,2020,0.0,1.0,0.0,0.0,0.0,0,0,1,1,1,1,0
79986,CHICAGO,IL,60620,36.9,0.0,3.0,0.0,1,5,154,2009.0,2,2,1,5.0,30,1,1,1,2,1,0,1,1,0,1,2,22,4,6,2020,1.0,0.0,0.0,0.0,2.0,0,0,1,1,1,1,1
79987,CHICAGO,IL,60620,36.9,0.0,3.0,0.0,1,6,69,1998.0,1,3,1,1.0,30,1,1,1,2,1,0,1,1,0,1,2,22,4,6,2020,1.0,0.0,0.0,0.0,2.0,0,0,1,1,1,1,1
79988,CHICAGO,IL,60620,24.0,0.0,1.0,0.0,1,5,154,2009.0,2,2,1,5.0,30,1,1,1,2,1,0,1,1,0,1,2,22,4,6,2020,1.0,0.0,0.0,0.0,2.0,0,0,1,0,1,1,1
79989,CHICAGO,IL,60620,24.0,0.0,1.0,0.0,1,6,69,1998.0,1,3,1,1.0,30,1,1,1,2,1,0,1,1,0,1,2,22,4,6,2020,1.0,0.0,0.0,0.0,2.0,0,0,1,0,1,1,1
80009,CHICAGO,IL,60620,36.0,0.0,2.0,0.0,1,1,6,2011.0,-1,4,2,3.0,30,2,1,1,2,2,4,1,1,0,1,2,23,4,6,2020,1.0,0.0,0.0,0.0,1.0,0,0,1,0,1,1,1
80010,CHICAGO,IL,60620,36.0,0.0,2.0,0.0,1,22,107,2006.0,1,1,1,4.0,30,2,1,1,2,2,4,1,1,0,1,2,23,4,6,2020,1.0,0.0,0.0,0.0,1.0,0,0,1,0,1,1,1
80011,CICERO,IL,60804,25.0,0.0,0.0,0.0,1,1,6,2011.0,-1,4,2,3.0,30,2,1,1,2,2,4,1,1,0,1,2,23,4,6,2020,1.0,0.0,0.0,0.0,1.0,0,0,1,1,1,1,1
80012,CICERO,IL,60804,25.0,0.0,0.0,0.0,1,22,107,2006.0,1,1,1,4.0,30,2,1,1,2,2,4,1,1,0,1,2,23,4,6,2020,1.0,0.0,0.0,0.0,1.0,0,0,1,1,1,1,1
80218,GARY,IN,46403,41.0,0.0,1.0,0.0,1,2,19,2013.0,2,4,1,5.0,25,2,0,1,1,1,2,1,1,0,3,2,7,5,6,2020,1.0,0.0,0.0,0.0,3.0,0,0,1,0,1,1,1
80219,GARY,IN,46403,41.0,0.0,1.0,0.0,1,12,142,2000.0,1,1,1,1.0,25,2,0,1,1,1,2,1,1,0,3,2,7,5,6,2020,1.0,0.0,0.0,0.0,3.0,0,0,1,0,1,1,1
80220,CHICAGO,IL,60647,26.0,0.0,1.0,0.0,1,2,19,2013.0,2,4,1,5.0,25,2,0,1,1,1,2,1,1,0,3,2,7,5,6,2020,1.0,0.0,0.0,0.0,3.0,0,0,1,0,1,1,1
80221,CHICAGO,IL,60647,26.0,0.0,1.0,0.0,1,12,142,2000.0,1,1,1,1.0,25,2,0,1,1,1,2,1,1,0,3,2,7,5,6,2020,1.0,0.0,0.0,0.0,3.0,0,0,1,0,1,1,1
80306,CHICAGO,IL,60647,36.0,0.0,3.0,0.0,1,4,5,2014.0,1,3,1,1.0,25,2,1,1,1,1,1,1,1,0,1,2,10,5,6,2020,1.0,0.0,0.0,0.0,1.0,0,0,1,1,1,1,1
80307,CHICAGO,IL,60647,36.0,0.0,3.0,0.0,1,21,189,2020.0,1,2,1,9.0,25,2,1,1,1,1,1,1,1,0,1,2,10,5,6,2020,1.0,0.0,0.0,0.0,1.0,0,0,1,1,1,1,1
80308,BLUE_ISLAND,IL,60406,76.0,0.0,-1.0,0.0,1,4,5,2014.0,1,3,1,1.0,25,2,1,1,1,1,1,1,1,0,1,2,10,5,6,2020,1.0,0.0,0.0,0.0,1.0,0,0,1,1,1,1,1
80309,BLUE_ISLAND,IL,60406,76.0,0.0,-1.0,0.0,1,21,189,2020.0,1,2,1,9.0,25,2,1,1,1,1,1,1,1,0,1,2,10,5,6,2020,1.0,0.0,0.0,0.0,1.0,0,0,1,1,1,1,1
80342,CHICAGO,IL,60647,36.9,0.0,2.0,0.0,1,2,8,2017.0,1,4,1,1.0,35,2,1,1,1,1,0,1,1,0,1,2,13,2,6,2020,1.0,0.0,0.0,0.0,2.0,0,1,0,1,1,1,1
80343,CHICAGO,IL,60647,36.9,0.0,2.0,0.0,1,1,195,2008.0,3,3,1,11.0,35,2,1,1,1,1,0,1,1,0,1,2,13,2,6,2020,1.0,0.0,0.0,0.0,2.0,0,1,0,1,1,1,1
80344,CHICAGO,IL,60628,60.0,0.0,0.0,0.0,1,2,8,2017.0,1,4,1,1.0,35,2,1,1,1,1,0,1,1,0,1,2,13,2,6,2020,1.0,0.0,0.0,0.0,2.0,0,1,0,1,1,1,1
80345,CHICAGO,IL,60628,60.0,0.0,0.0,0.0,1,1,195,2008.0,3,3,1,11.0,35,2,1,1,1,1,0,1,1,0,1,2,13,2,6,2020,1.0,0.0,0.0,0.0,2.0,0,1,0,1,1,1,1
80390,DALTON,IL,60419,37.0,0.0,0.0,0.0,1,8,1,2003.0,1,1,1,1.0,30,1,1,1,1,3,5,1,1,0,1,2,12,5,6,2020,0.0,1.0,0.0,0.0,0.0,0,1,0,0,1,1,0
80391,DALTON,IL,60419,37.0,0.0,0.0,0.0,1,2,71,2011.0,2,1,3,2.0,30,1,1,1,1,3,5,1,1,0,1,2,12,5,6,2020,0.0,1.0,0.0,0.0,0.0,0,1,0,0,1,1,0
80547,CHICAGO,IL,60652,36.9,0.0,-1.0,0.0,1,1,4,2011.0,1,3,-1,-1.0,30,2,2,1,1,9,1,1,1,0,1,2,14,5,6,2020,1.0,0.0,0.0,0.0,2.0,0,0,1,0,1,1,1
80549,CHICAGO,IL,60652,63.0,0.0,-1.0,0.0,1,1,4,2011.0,1,3,-1,-1.0,30,2,2,1,1,9,1,1,1,0,1,2,14,5,6,2020,0.0,0.0,0.0,1.0,2.0,0,0,1,1,1,1,1
80565,CHICAGO,IL,60629,0.0,0.0,0.0,1.0,1,2,19,2010.0,1,2,1,3.0,30,1,1,1,1,2,2,1,1,0,2,2,14,5,6,2020,0.0,1.0,0.0,0.0,0.0,0,0,1,1,1,1,1
80914,NORTH_LIBERTY,IA,52317,35.0,0.0,0.0,0.0,1,6,56,1997.0,4,5,1,1.0,30,1,1,1,1,3,0,1,1,0,1,2,17,5,6,2020,0.0,1.0,0.0,0.0,0.0,0,1,0,0,0,1,1
80915,NORTH_LIBERTY,IA,52317,35.0,0.0,0.0,0.0,1,2,8,2019.0,1,5,3,2.0,30,1,1,1,1,3,0,1,1,0,1,2,17,5,6,2020,0.0,1.0,0.0,0.0,0.0,0,1,0,0,0,1,1
81023,CHICAGO,IL,60653,36.9,0.0,4.0,0.0,1,33,1,2016.0,2,4,1,1.0,30,0,0,1,1,3,0,1,1,0,2,2,18,5,6,2020,1.0,0.0,0.0,0.0,2.0,0,0,1,1,1,1,0
81024,CHICAGO,IL,60653,36.9,0.0,4.0,0.0,1,9,17,2017.0,1,4,3,2.0,30,0,0,1,1,3,0,1,1,0,2,2,18,5,6,2020,1.0,0.0,0.0,0.0,2.0,0,0,1,1,1,1,0
81025,CHICAGO,IL,60610,36.9,0.0,0.0,0.0,1,33,1,2016.0,2,4,1,1.0,30,0,0,1,1,3,0,1,1,0,2,2,18,5,6,2020,1.0,0.0,0.0,0.0,2.0,0,0,1,0,1,1,0
81026,CHICAGO,IL,60610,36.9,0.0,0.0,0.0,1,9,17,2017.0,1,4,3,2.0,30,0,0,1,1,3,0,1,1,0,2,2,18,5,6,2020,1.0,0.0,0.0,0.0,2.0,0,0,1,0,1,1,0
81038,CHICAGO,IL,60610,38.0,0.0,-1.0,0.0,1,1,6,2010.0,-1,-1,-1,4.0,30,0,0,1,1,6,2,1,1,0,1,2,17,5,6,2020,1.0,0.0,0.0,0.0,3.0,0,0,1,1,1,1,1
81039,CHICAGO,IL,60610,38.0,0.0,-1.0,0.0,1,4,5,2016.0,1,3,1,1.0,30,0,0,1,1,6,2,1,1,0,1,2,17,5,6,2020,1.0,0.0,0.0,0.0,3.0,0,0,1,1,1,1,1
81040,RIVERDALE,IL,60827,43.0,0.0,0.0,0.0,1,1,6,2010.0,-1,-1,-1,4.0,30,0,0,1,1,6,2,1,1,0,1,2,17,5,6,2020,1.0,0.0,0.0,0.0,3.0,0,0,1,0,1,1,1
81041,RIVERDALE,IL,60827,43.0,0.0,0.0,0.0,1,4,5,2016.0,1,3,1,1.0,30,0,0,1,1,6,2,1,1,0,1,2,17,5,6,2020,1.0,0.0,0.0,0.0,3.0,0,0,1,0,1,1,1
81123,CHICAGO,IL,60610,36.0,0.0,2.0,0.0,1,4,18,2010.0,1,1,1,9.0,30,2,0,1,1,1,1,1,1,0,2,2,18,5,6,2020,1.0,0.0,0.0,0.0,1.0,0,0,1,0,1,1,1
81124,CHICAGO,IL,60610,36.0,0.0,2.0,0.0,1,32,79,2009.0,6,2,1,1.0,30,2,0,1,1,1,1,1,1,0,2,2,18,5,6,2020,1.0,0.0,0.0,0.0,1.0,0,0,1,0,1,1,1
81125,BELLWOOD,IL,60104,58.0,2.0,0.0,0.0,1,4,18,2010.0,1,1,1,9.0,30,2,0,1,1,1,1,1,1,0,2,2,18,5,6,2020,1.0,0.0,0.0,0.0,1.0,0,0,1,1,1,1,1
81126,BELLWOOD,IL,60104,58.0,2.0,0.0,0.0,1,32,79,2009.0,6,2,1,1.0,30,2,0,1,1,1,1,1,1,0,2,2,18,5,6,2020,1.0,0.0,0.0,0.0,1.0,0,0,1,1,1,1,1
81286,CHICAGO,IL,60610,60.0,0.0,0.0,0.0,1,21,189,2017.0,2,2,3,8.0,30,1,1,1,1,3,1,1,1,0,2,2,16,5,6,2020,0.0,1.0,0.0,0.0,0.0,0,0,1,1,1,1,0
81346,CHICAGO,IL,60610,38.0,0.0,3.0,0.0,1,1,43,2003.0,1,4,1,10.0,20,2,1,1,2,1,1,1,1,0,4,2,2,6,6,2020,1.0,0.0,0.0,0.0,3.0,0,1,0,0,1,1,1
81347,CHICAGO,IL,60621,16.0,0.0,-1.0,0.0,1,-1,2,2010.0,1,3,1,1.0,20,2,1,1,2,1,1,1,1,0,4,2,2,6,6,2020,1.0,0.0,0.0,0.0,3.0,0,1,0,1,1,1,1
81348,CHICAGO,IL,60621,16.0,0.0,-1.0,0.0,1,1,43,2003.0,1,4,1,10.0,20,2,1,1,2,1,1,1,1,0,4,2,2,6,6,2020,1.0,0.0,0.0,0.0,3.0,0,1,0,1,1,1,1
81657,UNK,IL,0,38.0,0.0,-1.0,0.0,1,2,350,2011.0,-1,1,-1,1.0,30,1,1,2,1,1,1,1,2,-1,2,2,7,6,6,2020,1.0,0.0,0.0,0.0,3.0,0,0,1,0,1,1,1
81658,UNK,IL,0,38.0,0.0,-1.0,0.0,1,-1,1,2016.0,5,4,-1,9.0,30,1,1,2,1,1,1,1,2,-1,2,2,7,6,6,2020,1.0,0.0,0.0,0.0,3.0,0,0,1,0,1,1,1
81659,CHICAGO,IL,60644,39.0,-1.0,-1.0,0.0,1,2,350,2011.0,-1,1,-1,1.0,30,1,1,2,1,1,1,1,2,-1,2,2,7,6,6,2020,1.0,0.0,0.0,0.0,3.0,0,0,1,1,1,1,1
81660,CHICAGO,IL,60644,39.0,-1.0,-1.0,0.0,1,-1,1,2016.0,5,4,-1,9.0,30,1,1,2,1,1,1,1,2,-1,2,2,7,6,6,2020,1.0,0.0,0.0,0.0,3.0,0,0,1,1,1,1,1
81744,UNK,IL,0,38.0,0.0,-1.0,0.0,1,1,6,2010.0,-1,1,-1,6.0,30,2,1,2,1,1,1,1,2,0,1,2,11,6,6,2020,1.0,0.0,0.0,0.0,3.0,0,0,1,0,1,1,1
81745,UNK,IL,0,38.0,0.0,-1.0,0.0,1,4,138,2015.0,1,4,3,1.0,30,2,1,2,1,1,1,1,2,0,1,2,11,6,6,2020,1.0,0.0,0.0,0.0,3.0,0,0,1,0,1,1,1
81746,OAK_LAWN,IL,60453,49.0,0.0,1.0,0.0,1,1,6,2010.0,-1,1,-1,6.0,30,2,1,2,1,1,1,1,2,0,1,2,11,6,6,2020,1.0,0.0,0.0,0.0,3.0,0,0,1,0,1,1,1
81747,OAK_LAWN,IL,60453,49.0,0.0,1.0,0.0,1,4,138,2015.0,1,4,3,1.0,30,2,1,2,1,1,1,1,2,0,1,2,11,6,6,2020,1.0,0.0,0.0,0.0,3.0,0,0,1,0,1,1,1
81892,RIVERDALE,IL,60827,18.0,0.0,2.0,0.0,1,2,8,2010.0,1,1,1,3.0,30,1,1,1,1,2,1,1,1,0,1,2,11,6,6,2020,1.0,0.0,0.0,0.0,0.0,0,0,1,0,1,1,1
81893,RIVERDALE,IL,60827,18.0,0.0,2.0,0.0,1,1,6,2008.0,1,3,2,4.0,30,1,1,1,1,2,1,1,1,0,1,2,11,6,6,2020,1.0,0.0,0.0,0.0,0.0,0,0,1,0,1,1,1
81948,CHICAGO,IL,60628,36.9,-1.0,3.0,0.0,1,-1,1,2011.0,-1,4,1,1.0,30,2,0,1,1,1,0,1,2,0,4,2,14,6,6,2020,1.0,0.0,0.0,0.0,2.0,0,0,1,1,1,1,1
81949,CHICAGO,IL,60628,36.9,-1.0,3.0,0.0,1,4,18,2011.0,1,1,1,4.0,30,2,0,1,1,1,0,1,2,0,4,2,14,6,6,2020,1.0,0.0,0.0,0.0,2.0,0,0,1,1,1,1,1
81950,KATY,TX,77493,32.0,0.0,0.0,0.0,1,-1,1,2011.0,-1,4,1,1.0,30,2,0,1,1,1,0,1,2,0,4,2,14,6,6,2020,1.0,0.0,0.0,0.0,2.0,0,0,1,1,1,1,1
81951,KATY,TX,77493,32.0,0.0,0.0,0.0,1,4,18,2011.0,1,1,1,4.0,30,2,0,1,1,1,0,1,2,0,4,2,14,6,6,2020,1.0,0.0,0.0,0.0,2.0,0,0,1,1,1,1,1
82000,CHICAGO,IL,60617,31.0,0.0,0.0,0.0,1,6,22,2019.0,3,2,1,2.0,30,1,1,1,1,3,2,1,2,0,4,2,13,6,6,2020,0.0,1.0,0.0,0.0,0.0,0,0,1,0,1,1,1
82080,CHICAGO,IL,60620,23.0,0.0,0.0,0.0,1,17,229,2010.0,2,4,1,1.0,30,1,1,1,2,3,2,1,1,0,1,2,23,5,6,2020,0.0,1.0,0.0,0.0,0.0,0,1,0,0,1,1,0
82081,CHICAGO,IL,60620,23.0,0.0,0.0,0.0,1,1,6,2018.0,1,4,3,2.0,30,1,1,1,2,3,2,1,1,0,1,2,23,5,6,2020,0.0,1.0,0.0,0.0,0.0,0,1,0,0,1,1,0
82093,CHICAGO,IL,60659,39.0,0.0,0.0,0.0,1,18,106,2008.0,1,3,1,5.0,30,1,1,2,1,2,6,1,2,0,3,2,15,6,6,2020,0.0,1.0,0.0,0.0,0.0,0,0,1,0,1,1,1
82297,CHICAGO,IL,60618,39.0,0.0,0.0,0.0,1,4,5,2016.0,1,4,3,2.0,30,1,1,2,1,3,0,1,2,0,2,2,16,6,6,2020,0.0,1.0,0.0,0.0,0.0,0,0,1,1,1,1,0
82382,KATY,TX,77493,36.9,-1.0,-1.0,0.0,1,-1,1,2011.0,-1,-1,-1,-1.0,30,-1,-1,-1,1,5,0,1,2,0,2,2,16,6,6,2020,1.0,0.0,0.0,0.0,2.0,0,0,1,0,1,1,1
82384,CHICAGO,IL,60634,76.0,-1.0,-1.0,0.0,1,-1,1,2011.0,-1,-1,-1,-1.0,30,-1,-1,-1,1,5,0,1,2,0,2,2,16,6,6,2020,0.0,0.0,0.0,0.0,2.0,0,0,1,1,1,1,1
82459,UNKNOWN,TX,0,36.9,0.0,4.0,0.0,1,-1,2,2011.0,1,1,1,-1.0,45,0,0,1,1,3,2,1,1,0,1,2,17,6,6,2020,1.0,0.0,0.0,0.0,2.0,0,1,0,1,1,1,1
82460,UNKNOWN,TX,0,36.9,0.0,4.0,0.0,1,8,15,2018.0,1,1,1,2.0,45,0,0,1,1,3,2,1,1,0,1,2,17,6,6,2020,1.0,0.0,0.0,0.0,2.0,0,1,0,1,1,1,1
82461,CICERO,IL,60804,45.0,0.0,0.0,0.0,1,-1,2,2011.0,1,1,1,-1.0,45,0,0,1,1,3,2,1,1,0,1,2,17,6,6,2020,1.0,0.0,0.0,0.0,2.0,0,1,0,1,1,1,1
82462,CICERO,IL,60804,45.0,0.0,0.0,0.0,1,8,15,2018.0,1,1,1,2.0,45,0,0,1,1,3,2,1,1,0,1,2,17,6,6,2020,1.0,0.0,0.0,0.0,2.0,0,1,0,1,1,1,1
82627,CHICAGO,IL,60639,20.0,0.0,-1.0,0.0,1,4,11,2018.0,1,2,1,4.0,30,2,2,2,2,1,0,1,2,0,2,2,20,6,6,2020,0.0,1.0,0.0,0.0,0.0,0,0,1,1,1,1,1
82750,OAK_PARK,IL,60302,34.0,0.0,8.0,0.0,1,5,13,2013.0,1,3,4,5.0,30,1,1,2,3,2,1,1,2,0,1,4,21,6,6,2020,0.0,1.0,0.0,0.0,0.0,0,0,1,1,1,0,1
82751,OAK_PARK,IL,60302,34.0,0.0,8.0,0.0,1,6,22,2017.0,1,4,1,12.0,30,1,1,2,3,2,1,1,2,0,1,4,21,6,6,2020,0.0,1.0,0.0,0.0,0.0,0,0,1,1,1,0,1
82752,OAK_PARK,IL,60302,34.0,0.0,8.0,0.0,1,2,9,2004.0,1,2,2,1.0,30,1,1,2,3,2,1,1,2,0,1,4,21,6,6,2020,0.0,1.0,0.0,0.0,0.0,0,0,1,1,1,0,1
82753,OAK_PARK,IL,60302,34.0,0.0,8.0,0.0,1,7,10,2019.0,1,2,-1,5.0,30,1,1,2,3,2,1,1,2,0,1,4,21,6,6,2020,0.0,1.0,0.0,0.0,0.0,0,0,1,1,1,0,1
82754,CHICAGO,IL,60620,42.0,0.0,0.0,0.0,1,5,13,2013.0,1,3,4,5.0,30,1,1,2,3,2,1,1,2,0,1,4,21,6,6,2020,0.0,1.0,0.0,0.0,0.0,0,0,1,1,1,0,1
82755,CHICAGO,IL,60620,42.0,0.0,0.0,0.0,1,6,22,2017.0,1,4,1,12.0,30,1,1,2,3,2,1,1,2,0,1,4,21,6,6,2020,0.0,1.0,0.0,0.0,0.0,0,0,1,1,1,0,1
82756,CHICAGO,IL,60620,42.0,0.0,0.0,0.0,1,2,9,2004.0,1,2,2,1.0,30,1,1,2,3,2,1,1,2,0,1,4,21,6,6,2020,0.0,1.0,0.0,0.0,0.0,0,0,1,1,1,0,1
82758,CHICAGO,IL,60615,27.0,0.0,0.0,0.0,1,5,13,2013.0,1,3,4,5.0,30,1,1,2,3,2,1,1,2,0,1,4,21,6,6,2020,0.0,1.0,0.0,0.0,0.0,0,0,1,0,1,0,1
82759,CHICAGO,IL,60615,27.0,0.0,0.0,0.0,1,6,22,2017.0,1,4,1,12.0,30,1,1,2,3,2,1,1,2,0,1,4,21,6,6,2020,0.0,1.0,0.0,0.0,0.0,0,0,1,0,1,0,1
82760,CHICAGO,IL,60615,27.0,0.0,0.0,0.0,1,2,9,2004.0,1,2,2,1.0,30,1,1,2,3,2,1,1,2,0,1,4,21,6,6,2020,0.0,1.0,0.0,0.0,0.0,0,0,1,0,1,0,1
82761,CHICAGO,IL,60615,27.0,0.0,0.0,0.0,1,7,10,2019.0,1,2,-1,5.0,30,1,1,2,3,2,1,1,2,0,1,4,21,6,6,2020,0.0,1.0,0.0,0.0,0.0,0,0,1,0,1,0,1
82823,CHICAGO,IL,60651,31.0,0.0,0.0,0.0,1,4,1,2010.0,1,1,1,9.0,30,2,1,1,2,1,1,1,2,0,1,2,0,7,6,2020,0.0,1.0,0.0,0.0,0.0,0,0,1,0,1,1,1
82920,BELLWOOD,IL,60104,30.0,0.0,0.0,0.0,1,22,66,2016.0,2,3,1,3.0,30,1,1,1,2,1,1,1,1,0,3,2,4,7,6,2020,1.0,0.0,0.0,0.0,0.0,0,0,1,0,1,1,1
82955,CHICAGO,IL,60651,36.9,0.0,4.0,0.0,1,13,166,2004.0,1,3,3,1.0,30,1,1,1,1,3,1,1,1,0,3,2,13,6,6,2020,1.0,0.0,0.0,0.0,2.0,0,0,1,1,0,1,1
82956,CHICAGO,IL,60651,36.9,0.0,4.0,0.0,1,2,49,2015.0,3,3,3,2.0,30,1,1,1,1,3,1,1,1,0,3,2,13,6,6,2020,1.0,0.0,0.0,0.0,2.0,0,0,1,1,0,1,1
82957,CHICAGO,IL,60634,61.0,0.0,0.0,0.0,1,13,166,2004.0,1,3,3,1.0,30,1,1,1,1,3,1,1,1,0,3,2,13,6,6,2020,1.0,0.0,0.0,0.0,2.0,0,0,1,1,0,1,1
82958,CHICAGO,IL,60634,61.0,0.0,0.0,0.0,1,2,49,2015.0,3,3,3,2.0,30,1,1,1,1,3,1,1,1,0,3,2,13,6,6,2020,1.0,0.0,0.0,0.0,2.0,0,0,1,1,0,1,1