index,CITY,STATE,ZIPCODE,AGE,EJECTION,DRIVER_ACTION,BAC_RESULT,UNIT_TYPE,MAKE,MODEL,VEHICLE_YEAR,VEHICLE_TYPE,TRAVEL_DIRECTION,MANEUVER,FIRST_CONTACT_POINT,POSTED_SPEED_LIMIT,TRAFFIC_CONTROL_DEVICE,DEVICE_CONDITION,WEATHER_CONDITION,LIGHTING_CONDITION,FIRST_CRASH_TYPE,TRAFFICWAY_TYPE,ALIGNMENT,ROADWAY_SURFACE_COND,ROAD_DEFECT,STREET_DIRECTION,NUM_UNITS,CRASH_HOUR,CRASH_DAY_OF_WEEK,CRASH_MONTH,CRASH_YEAR,FATAL_INBOTH,FATAL_CARPPL,FATAL_OTHPPL,FATAL_INAUTO,FATAL_DEGREE,DAMAGE_500_OR_LESS,DAMAGE_501_1500,DAMAGE_OVER_1500,SEX,INTERSECTION_RELATED,HIT_AND_RUN,REPORTYPE
93648,CHICAGO,IL,60644,31.0,0.0,0.0,0.0,1,20,1,2015.0,1,3,1,9.0,30,1,1,1,5,2,1,1,1,0,1,3,20,2,7,2020,1.0,0.0,0.0,0.0,1.0,0,0,1,1,1,1,1
93734,UNKNOWN,XX,0,36.0,0.0,5.0,0.0,1,8,15,2012.0,1,4,4,-1.0,35,2,1,1,1,2,3,1,1,0,1,2,12,4,7,2020,1.0,0.0,0.0,0.0,1.0,0,0,1,0,1,1,0
93735,UNKNOWN,XX,0,36.0,0.0,5.0,0.0,1,5,23,2011.0,2,4,1,3.0,35,2,1,1,1,2,3,1,1,0,1,2,12,4,7,2020,1.0,0.0,0.0,0.0,1.0,0,0,1,0,1,1,0
93736,CHICAGO,IL,60636,26.0,0.0,0.0,0.0,1,8,15,2012.0,1,4,4,-1.0,35,2,1,1,1,2,3,1,1,0,1,2,12,4,7,2020,1.0,0.0,0.0,0.0,1.0,0,0,1,0,1,1,0
93737,CHICAGO,IL,60636,26.0,0.0,0.0,0.0,1,5,23,2011.0,2,4,1,3.0,35,2,1,1,1,2,3,1,1,0,1,2,12,4,7,2020,1.0,0.0,0.0,0.0,1.0,0,0,1,0,1,1,0
93997,UNKNOWN,XX,0,38.0,0.0,-1.0,0.0,1,7,217,2017.0,1,4,1,1.0,30,2,0,2,2,1,1,1,2,0,1,2,0,1,7,2020,1.0,0.0,0.0,0.0,3.0,0,0,1,0,1,1,1
93998,UNKNOWN,XX,0,38.0,0.0,-1.0,0.0,1,1,1,1999.0,1,3,1,9.0,30,2,0,2,2,1,1,1,2,0,1,2,0,1,7,2020,1.0,0.0,0.0,0.0,3.0,0,0,1,0,1,1,1
93999,CHICAGO,IL,60643,38.0,0.0,-1.0,0.0,1,7,217,2017.0,1,4,1,1.0,30,2,0,2,2,1,1,1,2,0,1,2,0,1,7,2020,1.0,0.0,0.0,0.0,3.0,0,0,1,1,1,1,1
94000,CHICAGO,IL,60643,38.0,0.0,-1.0,0.0,1,1,1,1999.0,1,3,1,9.0,30,2,0,2,2,1,1,1,2,0,1,2,0,1,7,2020,1.0,0.0,0.0,0.0,3.0,0,0,1,1,1,1,1
94047,CHICAGO,IL,60639,36.0,0.0,0.0,0.0,1,11,1,2004.0,1,2,1,1.0,30,1,1,1,1,3,0,1,1,0,2,2,9,1,7,2020,0.0,1.0,0.0,0.0,0.0,0,1,0,1,1,0,0
94048,CHICAGO,IL,60639,36.0,0.0,0.0,0.0,1,2,31,2008.0,4,2,1,8.0,30,1,1,1,1,3,0,1,1,0,2,2,9,1,7,2020,0.0,1.0,0.0,0.0,0.0,0,1,0,1,1,0,0
94746,CHICAGO,IL,60624,36.9,0.0,4.0,0.0,1,33,198,2015.0,1,2,1,1.0,30,1,1,1,1,3,0,1,1,0,2,2,12,5,7,2020,1.0,0.0,0.0,0.0,2.0,0,1,0,1,1,1,0
94747,CHICAGO,IL,60624,36.9,0.0,4.0,0.0,1,2,8,2013.0,1,2,1,2.0,30,1,1,1,1,3,0,1,1,0,2,2,12,5,7,2020,1.0,0.0,0.0,0.0,2.0,0,1,0,1,1,1,0
94748,CHICAGO,IL,60643,38.0,0.0,0.0,0.0,1,33,198,2015.0,1,2,1,1.0,30,1,1,1,1,3,0,1,1,0,2,2,12,5,7,2020,1.0,0.0,0.0,0.0,2.0,0,1,0,0,1,1,0
94749,CHICAGO,IL,60643,38.0,0.0,0.0,0.0,1,2,8,2013.0,1,2,1,2.0,30,1,1,1,1,3,0,1,1,0,2,2,12,5,7,2020,1.0,0.0,0.0,0.0,2.0,0,1,0,0,1,1,0
95228,CHICAGO,IL,60643,22.0,0.0,0.0,0.0,1,4,50,2012.0,1,2,3,2.0,35,1,1,1,1,3,1,1,1,0,2,2,12,5,7,2020,0.0,1.0,0.0,0.0,0.0,1,0,0,0,1,1,1
95432,CHICAGO,IL,60643,36.0,0.0,7.0,0.0,1,8,16,2017.0,1,3,2,5.0,35,0,0,1,1,2,0,1,1,0,1,2,15,5,7,2020,1.0,0.0,0.0,0.0,1.0,0,0,1,1,1,1,1
95433,CHCAGO,IL,60626,40.0,0.0,0.0,0.0,1,1,129,2010.0,1,3,6,1.0,35,0,0,1,1,2,0,1,1,0,1,2,15,5,7,2020,1.0,0.0,0.0,0.0,1.0,0,0,1,1,1,1,1
95434,CHCAGO,IL,60626,40.0,0.0,0.0,0.0,1,8,16,2017.0,1,3,2,5.0,35,0,0,1,1,2,0,1,1,0,1,2,15,5,7,2020,1.0,0.0,0.0,0.0,1.0,0,0,1,1,1,1,1
95514,CHICAGO,IL,60655,54.0,0.0,0.0,0.0,1,2,248,2006.0,3,1,1,1.0,30,1,1,1,1,11,0,1,1,0,1,2,15,5,7,2020,0.0,1.0,0.0,0.0,0.0,0,1,0,1,1,1,0
95726,CHICAGO,IL,60653,21.0,0.0,0.0,0.0,1,4,33,2017.0,1,3,9,1.0,30,2,1,1,1,1,2,1,1,0,1,2,18,5,7,2020,0.0,1.0,0.0,0.0,0.0,0,0,1,0,1,1,0
95968,CHICAGO,IL,60652,60.0,0.0,1.0,0.0,1,5,23,2015.0,2,2,2,4.0,35,1,1,1,1,2,2,1,1,0,2,2,18,5,7,2020,0.0,1.0,0.0,0.0,0.0,0,0,1,1,1,0,1
95977,UNKNOWN,XX,0,36.0,-1.0,-1.0,0.0,1,-1,1,2010.0,-1,6,-1,-1.0,30,1,1,1,2,2,3,1,1,0,4,2,19,5,7,2020,1.0,0.0,0.0,0.0,1.0,1,0,0,0,1,1,1
95978,UNKNOWN,XX,0,36.0,-1.0,-1.0,0.0,1,16,112,2014.0,1,6,2,7.0,30,1,1,1,2,2,3,1,1,0,4,2,19,5,7,2020,1.0,0.0,0.0,0.0,1.0,1,0,0,0,1,1,1
95979,PALOS_HEIGHTS,IL,60463,41.0,0.0,-1.0,0.0,1,-1,1,2010.0,-1,6,-1,-1.0,30,1,1,1,2,2,3,1,1,0,4,2,19,5,7,2020,1.0,0.0,0.0,0.0,1.0,1,0,0,1,1,1,1
95980,PALOS_HEIGHTS,IL,60463,41.0,0.0,-1.0,0.0,1,16,112,2014.0,1,6,2,7.0,30,1,1,1,2,2,3,1,1,0,4,2,19,5,7,2020,1.0,0.0,0.0,0.0,1.0,1,0,0,1,1,1,1
96059,UNKNOWN,XX,0,36.9,0.0,3.0,0.0,1,20,145,2006.0,1,2,1,1.0,30,1,1,1,2,1,1,1,1,0,3,3,22,5,7,2020,1.0,0.0,0.0,0.0,2.0,0,0,1,1,1,1,1
96060,UNKNOWN,XX,0,36.9,0.0,3.0,0.0,1,31,1,2016.0,6,3,1,1.0,30,1,1,1,2,1,1,1,1,0,3,3,22,5,7,2020,1.0,0.0,0.0,0.0,2.0,0,0,1,1,1,1,1
96061,UNKNOWN,XX,0,36.9,0.0,3.0,0.0,1,3,3,2017.0,1,1,1,3.0,30,1,1,1,2,1,1,1,1,0,3,3,22,5,7,2020,1.0,0.0,0.0,0.0,2.0,0,0,1,1,1,1,1
96062,CHICAGO,IL,60618,25.0,0.0,0.0,0.0,1,20,145,2006.0,1,2,1,1.0,30,1,1,1,2,1,1,1,1,0,3,3,22,5,7,2020,1.0,0.0,0.0,0.0,2.0,0,0,1,1,1,1,1
96063,CHICAGO,IL,60618,25.0,0.0,0.0,0.0,1,31,1,2016.0,6,3,1,1.0,30,1,1,1,2,1,1,1,1,0,3,3,22,5,7,2020,1.0,0.0,0.0,0.0,2.0,0,0,1,1,1,1,1
96064,CHICAGO,IL,60618,25.0,0.0,0.0,0.0,1,3,3,2017.0,1,1,1,3.0,30,1,1,1,2,1,1,1,1,0,3,3,22,5,7,2020,1.0,0.0,0.0,0.0,2.0,0,0,1,1,1,1,1
96065,TINLEY_PARK,IL,60477,37.0,0.0,0.0,0.0,1,20,145,2006.0,1,2,1,1.0,30,1,1,1,2,1,1,1,1,0,3,3,22,5,7,2020,1.0,0.0,0.0,0.0,2.0,0,0,1,0,1,1,1
96066,TINLEY_PARK,IL,60477,37.0,0.0,0.0,0.0,1,31,1,2016.0,6,3,1,1.0,30,1,1,1,2,1,1,1,1,0,3,3,22,5,7,2020,1.0,0.0,0.0,0.0,2.0,0,0,1,0,1,1,1
96067,TINLEY_PARK,IL,60477,37.0,0.0,0.0,0.0,1,3,3,2017.0,1,1,1,3.0,30,1,1,1,2,1,1,1,1,0,3,3,22,5,7,2020,1.0,0.0,0.0,0.0,2.0,0,0,1,0,1,1,1
96083,CHICAGO,IL,60644,32.0,0.0,8.0,0.0,1,20,94,2005.0,1,1,1,3.0,30,2,1,1,2,4,1,1,1,0,1,2,23,5,7,2020,1.0,0.0,0.0,0.0,0.0,0,0,1,1,1,1,1
96084,CHICAGO,IL,60644,32.0,0.0,8.0,0.0,1,1,20,2016.0,1,1,1,8.0,30,2,1,1,2,4,1,1,1,0,1,2,23,5,7,2020,1.0,0.0,0.0,0.0,0.0,0,0,1,1,1,1,1
96085,CHICAGO,IL,60624,37.0,0.0,0.0,0.0,1,20,94,2005.0,1,1,1,3.0,30,2,1,1,2,4,1,1,1,0,1,2,23,5,7,2020,1.0,0.0,0.0,0.0,0.0,0,0,1,0,1,1,1
96086,CHICAGO,IL,60624,37.0,0.0,0.0,0.0,1,1,20,2016.0,1,1,1,8.0,30,2,1,1,2,4,1,1,1,0,1,2,23,5,7,2020,1.0,0.0,0.0,0.0,0.0,0,0,1,0,1,1,1
96378,CHICAGO,IL,60624,37.0,0.0,3.0,0.0,1,6,63,2008.0,1,2,1,1.0,30,1,1,1,2,1,0,1,1,0,1,3,1,6,7,2020,1.0,0.0,0.0,0.0,3.0,0,0,1,1,1,0,1
96379,CHICAGO,IL,60624,37.0,0.0,3.0,0.0,1,6,22,2007.0,3,1,1,3.0,30,1,1,1,2,1,0,1,1,0,1,3,1,6,7,2020,1.0,0.0,0.0,0.0,3.0,0,0,1,1,1,0,1
96380,CHICAGO,IL,60624,37.0,0.0,3.0,0.0,1,14,1,1996.0,1,4,3,12.0,30,1,1,1,2,1,0,1,1,0,1,3,1,6,7,2020,1.0,0.0,0.0,0.0,3.0,0,0,1,1,1,0,1
96384,CHICAGO,IL,60619,48.0,0.0,0.0,0.0,1,6,63,2008.0,1,2,1,1.0,30,1,1,1,2,1,0,1,1,0,1,3,1,6,7,2020,1.0,0.0,0.0,0.0,3.0,0,0,1,1,1,0,1
96385,CHICAGO,IL,60619,48.0,0.0,0.0,0.0,1,6,22,2007.0,3,1,1,3.0,30,1,1,1,2,1,0,1,1,0,1,3,1,6,7,2020,1.0,0.0,0.0,0.0,3.0,0,0,1,1,1,0,1
96386,CHICAGO,IL,60619,48.0,0.0,0.0,0.0,1,14,1,1996.0,1,4,3,12.0,30,1,1,1,2,1,0,1,1,0,1,3,1,6,7,2020,1.0,0.0,0.0,0.0,3.0,0,0,1,1,1,0,1
96387,CALUMET_PK,IL,60827,59.0,0.0,0.0,0.0,1,6,63,2008.0,1,2,1,1.0,30,1,1,1,2,1,0,1,1,0,1,3,1,6,7,2020,1.0,0.0,0.0,0.0,3.0,0,0,1,1,1,0,1
96388,CALUMET_PK,IL,60827,59.0,0.0,0.0,0.0,1,6,22,2007.0,3,1,1,3.0,30,1,1,1,2,1,0,1,1,0,1,3,1,6,7,2020,1.0,0.0,0.0,0.0,3.0,0,0,1,1,1,0,1
96389,CALUMET_PK,IL,60827,59.0,0.0,0.0,0.0,1,14,1,1996.0,1,4,3,12.0,30,1,1,1,2,1,0,1,1,0,1,3,1,6,7,2020,1.0,0.0,0.0,0.0,3.0,0,0,1,1,1,0,1
96437,CHICAGO,IL,60651,22.0,0.0,0.0,0.0,1,10,1,1999.0,1,2,1,5.0,30,2,1,1,2,1,1,1,1,0,3,3,0,7,7,2020,1.0,0.0,0.0,0.0,0.0,0,0,1,1,1,1,1
96438,CHICAGO,IL,60651,22.0,0.0,0.0,0.0,2,16,1,2015.0,1,3,5,2.0,30,2,1,1,2,1,1,1,1,0,3,3,0,7,7,2020,1.0,0.0,0.0,0.0,0.0,0,0,1,1,1,1,1
96488,CHICAGO,IL,60651,38.0,0.0,3.0,0.0,1,2,9,2007.0,2,1,1,-1.0,30,1,1,1,1,1,5,1,1,0,3,2,6,7,7,2020,1.0,0.0,0.0,0.0,3.0,0,0,1,1,1,1,1
96489,CHICAGO,IL,60651,38.0,0.0,3.0,0.0,1,5,7,2008.0,1,4,1,9.0,30,1,1,1,1,1,5,1,1,0,3,2,6,7,7,2020,1.0,0.0,0.0,0.0,3.0,0,0,1,1,1,1,1
96490,CHICAGO,IL,60639,72.0,0.0,0.0,0.0,1,2,9,2007.0,2,1,1,-1.0,30,1,1,1,1,1,5,1,1,0,3,2,6,7,7,2020,1.0,0.0,0.0,0.0,3.0,0,0,1,1,1,1,1
96491,CHICAGO,IL,60639,72.0,0.0,0.0,0.0,1,5,7,2008.0,1,4,1,9.0,30,1,1,1,1,1,5,1,1,0,3,2,6,7,7,2020,1.0,0.0,0.0,0.0,3.0,0,0,1,1,1,1,1
96517,CHICAGO,IL,60634,49.0,0.0,0.0,0.0,1,14,117,2004.0,2,2,1,1.0,30,1,1,1,1,1,1,1,1,0,1,2,7,7,7,2020,1.0,0.0,0.0,0.0,0.0,0,0,1,1,1,1,1
96518,CHICAGO,IL,60634,49.0,0.0,0.0,0.0,1,3,148,2014.0,4,1,1,5.0,30,1,1,1,1,1,1,1,1,0,1,2,7,7,7,2020,1.0,0.0,0.0,0.0,0.0,0,0,1,1,1,1,1
96521,BERWYN,IL,60402,46.0,0.0,1.0,0.0,1,7,10,2006.0,2,1,1,-1.0,30,1,1,1,1,3,2,1,1,-1,1,2,9,7,7,2020,1.0,0.0,0.0,0.0,3.0,0,0,1,1,1,1,1
96522,BERWYN,IL,60402,46.0,0.0,1.0,0.0,1,1,54,2019.0,4,1,1,-1.0,30,1,1,1,1,3,2,1,1,-1,1,2,9,7,7,2020,1.0,0.0,0.0,0.0,3.0,0,0,1,1,1,1,1
96523,CHICAGO,IL,60634,38.0,0.0,4.0,0.0,1,7,10,2006.0,2,1,1,-1.0,30,1,1,1,1,3,2,1,1,-1,1,2,9,7,7,2020,1.0,0.0,0.0,0.0,3.0,0,0,1,0,1,1,1
96524,CHICAGO,IL,60634,38.0,0.0,4.0,0.0,1,1,54,2019.0,4,1,1,-1.0,30,1,1,1,1,3,2,1,1,-1,1,2,9,7,7,2020,1.0,0.0,0.0,0.0,3.0,0,0,1,0,1,1,1
96622,BROOKFIELD,IL,60513,43.0,0.0,0.0,0.0,1,5,7,2010.0,1,4,1,1.0,30,1,3,1,1,3,3,1,1,0,2,2,0,6,7,2020,0.0,1.0,0.0,0.0,0.0,0,1,0,1,0,1,0
96623,BROOKFIELD,IL,60513,43.0,0.0,0.0,0.0,1,4,5,2010.0,1,4,3,2.0,30,1,3,1,1,3,3,1,1,0,2,2,0,6,7,2020,0.0,1.0,0.0,0.0,0.0,0,1,0,1,0,1,0
96962,CHICAGO,IL,60644,36.0,0.0,4.0,0.0,1,34,1,2010.0,2,1,1,1.0,30,1,1,1,1,3,0,1,1,0,1,2,12,6,7,2020,1.0,0.0,0.0,0.0,1.0,0,1,0,0,1,1,0
96963,CHICAGO,IL,60644,36.0,0.0,4.0,0.0,1,8,34,2017.0,2,1,3,2.0,30,1,1,1,1,3,0,1,1,0,1,2,12,6,7,2020,1.0,0.0,0.0,0.0,1.0,0,1,0,0,1,1,0
96964,CHICAGO,IL,60656,36.0,0.0,0.0,0.0,1,34,1,2010.0,2,1,1,1.0,30,1,1,1,1,3,0,1,1,0,1,2,12,6,7,2020,1.0,0.0,0.0,0.0,1.0,0,1,0,1,1,1,0
96965,CHICAGO,IL,60656,36.0,0.0,0.0,0.0,1,8,34,2017.0,2,1,3,2.0,30,1,1,1,1,3,0,1,1,0,1,2,12,6,7,2020,1.0,0.0,0.0,0.0,1.0,0,1,0,1,1,1,0
97312,BELLWOOD,IL,60104,65.0,0.0,0.0,0.0,1,3,3,2017.0,1,2,3,2.0,30,1,1,1,1,3,2,1,1,0,2,2,14,6,7,2020,0.0,1.0,0.0,0.0,0.0,0,1,0,1,1,1,0
97407,CHICAGO,IL,60649,66.0,0.0,0.0,0.0,1,6,21,2006.0,1,3,1,9.0,30,1,1,1,1,1,1,1,1,0,1,2,16,6,7,2020,0.0,1.0,0.0,0.0,0.0,0,0,1,1,1,1,1
97529,CHICAGO,IL,60649,36.9,-1.0,-1.0,0.0,1,6,21,2011.0,-1,2,-1,-1.0,30,2,1,1,1,5,1,1,1,-1,2,2,18,6,7,2020,1.0,0.0,0.0,0.0,2.0,0,1,0,0,1,1,0
97531,CHICAGO,IL,60649,60.0,-1.0,1.0,2.0,1,6,21,2011.0,-1,2,-1,-1.0,30,2,1,1,1,5,1,1,1,-1,2,2,18,6,7,2020,0.0,0.0,0.0,0.0,2.0,0,1,0,1,1,1,0
97740,CHICAGO,IL,60628,38.0,0.0,0.0,0.0,1,17,65,2014.0,1,4,1,3.0,25,0,0,1,1,7,8,1,1,0,1,4,19,6,7,2020,1.0,0.0,0.0,0.0,0.0,0,0,1,1,0,1,1
97741,CHICAGO,IL,60628,38.0,0.0,0.0,0.0,2,3,28,2013.0,1,1,5,5.0,25,0,0,1,1,7,8,1,1,0,1,4,19,6,7,2020,1.0,0.0,0.0,0.0,0.0,0,0,1,1,0,1,1
97742,CHICAGO,IL,60628,38.0,0.0,0.0,0.0,2,3,40,2017.0,1,1,5,7.0,25,0,0,1,1,7,8,1,1,0,1,4,19,6,7,2020,1.0,0.0,0.0,0.0,0.0,0,0,1,1,0,1,1
97862,BURNHAM,IL,60633,53.0,0.0,0.0,0.0,1,6,41,2009.0,3,4,1,1.0,30,1,1,1,3,3,0,1,1,0,2,2,23,6,7,2020,0.0,1.0,0.0,0.0,0.0,0,0,1,1,1,1,1
97863,BURNHAM,IL,60633,53.0,0.0,0.0,0.0,1,21,189,2017.0,2,4,1,2.0,30,1,1,1,3,3,0,1,1,0,2,2,23,6,7,2020,0.0,1.0,0.0,0.0,0.0,0,0,1,1,1,1,1
97879,LOMBARD,IL,60148,50.0,0.0,-1.0,0.0,1,3,3,2014.0,1,2,1,1.0,30,1,1,1,2,2,5,1,1,0,4,2,22,6,7,2020,1.0,0.0,0.0,0.0,0.0,0,0,1,1,1,1,1
98020,UNK,XX,0,36.0,0.0,4.0,0.0,1,29,225,2007.0,1,1,1,2.0,35,1,1,1,4,3,6,1,1,0,1,2,19,6,7,2020,1.0,0.0,0.0,0.0,1.0,1,0,0,1,0,1,0
98021,UNK,XX,0,36.0,0.0,4.0,0.0,1,1,1,2007.0,1,1,8,1.0,35,1,1,1,4,3,6,1,1,0,1,2,19,6,7,2020,1.0,0.0,0.0,0.0,1.0,1,0,0,1,0,1,0
98022,HOMEWOOD,IL,60430,60.0,0.0,-1.0,0.0,1,29,225,2007.0,1,1,1,2.0,35,1,1,1,4,3,6,1,1,0,1,2,19,6,7,2020,1.0,0.0,0.0,0.0,1.0,1,0,0,0,0,1,0
98023,HOMEWOOD,IL,60430,60.0,0.0,-1.0,0.0,1,1,1,2007.0,1,1,8,1.0,35,1,1,1,4,3,6,1,1,0,1,2,19,6,7,2020,1.0,0.0,0.0,0.0,1.0,1,0,0,0,0,1,0
98069,CHICAGO,IL,60628,54.0,0.0,0.0,2.0,1,22,1,2004.0,1,4,1,1.0,30,1,1,1,2,1,1,1,1,0,1,2,0,2,7,2020,1.0,0.0,0.0,0.0,0.0,0,0,1,1,1,1,1
98070,CHICAGO,IL,60628,54.0,0.0,0.0,2.0,1,3,3,2005.0,1,3,1,3.0,30,1,1,1,2,1,1,1,1,0,1,2,0,2,7,2020,1.0,0.0,0.0,0.0,0.0,0,0,1,1,1,1,1
98134,CHICAGO,IL,60656,29.0,0.0,0.0,0.0,1,5,13,2003.0,1,4,6,4.0,30,1,1,1,1,1,6,1,1,0,2,2,16,6,7,2020,1.0,0.0,0.0,0.0,0.0,0,0,1,1,0,1,1
98135,CHICAGO,IL,60656,29.0,0.0,0.0,0.0,1,8,16,2012.0,1,8,16,3.0,30,1,1,1,1,1,6,1,1,0,2,2,16,6,7,2020,1.0,0.0,0.0,0.0,0.0,0,0,1,1,0,1,1
98230,CHICAGO,IL,60649,25.0,0.0,1.0,0.0,1,5,7,1999.0,1,4,1,1.0,30,1,1,1,2,2,0,1,1,0,4,2,3,1,7,2020,1.0,0.0,0.0,0.0,0.0,0,0,1,1,1,1,1
98249,CHICAGO,IL,60619,53.0,0.0,0.0,0.0,1,4,5,2019.0,1,2,1,3.0,30,2,1,1,1,1,1,1,1,0,1,2,19,2,7,2020,1.0,0.0,0.0,0.0,0.0,0,0,1,0,1,1,1
98250,CHICAGO,IL,60619,53.0,0.0,0.0,0.0,1,3,209,2019.0,1,1,1,7.0,30,2,1,1,1,1,1,1,1,0,1,2,19,2,7,2020,1.0,0.0,0.0,0.0,0.0,0,0,1,0,1,1,1
98278,WHEATON,IL,60189,36.0,0.0,0.0,0.0,1,9,37,2016.0,2,2,1,4.0,30,1,1,3,1,4,3,1,2,0,2,2,10,1,7,2020,0.0,1.0,0.0,0.0,0.0,0,1,0,0,1,1,1
98288,CHICAGO,IL,60612,25.0,0.0,0.0,0.0,1,8,15,2011.0,1,3,1,4.0,30,2,1,1,2,2,0,1,1,0,2,2,3,1,7,2020,0.0,1.0,0.0,0.0,0.0,0,0,1,0,1,1,1
98323,BLUE_ISLAND,IL,60406,47.0,0.0,0.0,0.0,1,8,16,2014.0,1,4,3,4.0,30,1,1,3,1,6,1,1,1,0,1,2,13,1,7,2020,0.0,1.0,0.0,0.0,0.0,0,0,1,0,1,1,0
98504,CHICAGO,IL,60612,31.0,0.0,3.0,0.0,1,12,32,2008.0,1,4,1,1.0,30,1,1,1,2,1,1,1,-1,-1,2,3,1,1,7,2020,1.0,0.0,0.0,0.0,2.0,0,0,1,1,1,1,1
98505,CHICAGO,IL,60612,31.0,0.0,3.0,0.0,1,2,82,1998.0,1,3,1,1.0,30,1,1,1,2,1,1,1,-1,-1,2,3,1,1,7,2020,1.0,0.0,0.0,0.0,2.0,0,0,1,1,1,1,1
98506,CHICAGO,IL,60612,31.0,0.0,3.0,0.0,1,6,21,2007.0,1,2,3,1.0,30,1,1,1,2,1,1,1,-1,-1,2,3,1,1,7,2020,1.0,0.0,0.0,0.0,2.0,0,0,1,1,1,1,1
98507,CHICAGO,IL,60617,33.0,0.0,0.0,0.0,1,12,32,2008.0,1,4,1,1.0,30,1,1,1,2,1,1,1,-1,-1,2,3,1,1,7,2020,1.0,0.0,0.0,0.0,2.0,0,0,1,0,1,1,1
98508,CHICAGO,IL,60617,33.0,0.0,0.0,0.0,1,2,82,1998.0,1,3,1,1.0,30,1,1,1,2,1,1,1,-1,-1,2,3,1,1,7,2020,1.0,0.0,0.0,0.0,2.0,0,0,1,0,1,1,1
98509,CHICAGO,IL,60617,33.0,0.0,0.0,0.0,1,6,21,2007.0,1,2,3,1.0,30,1,1,1,2,1,1,1,-1,-1,2,3,1,1,7,2020,1.0,0.0,0.0,0.0,2.0,0,0,1,0,1,1,1
98510,MIDLOTHIAN,IL,60445,33.0,0.0,0.0,0.0,1,12,32,2008.0,1,4,1,1.0,30,1,1,1,2,1,1,1,-1,-1,2,3,1,1,7,2020,1.0,0.0,0.0,0.0,2.0,0,0,1,1,1,1,1
98511,MIDLOTHIAN,IL,60445,33.0,0.0,0.0,0.0,1,2,82,1998.0,1,3,1,1.0,30,1,1,1,2,1,1,1,-1,-1,2,3,1,1,7,2020,1.0,0.0,0.0,0.0,2.0,0,0,1,1,1,1,1
98512,MIDLOTHIAN,IL,60445,33.0,0.0,0.0,0.0,1,6,21,2007.0,1,2,3,1.0,30,1,1,1,2,1,1,1,-1,-1,2,3,1,1,7,2020,1.0,0.0,0.0,0.0,2.0,0,0,1,1,1,1,1
98516,CHICAGO,IL,60617,36.9,-1.0,-1.0,0.0,1,-1,1,2011.0,-1,4,1,-1.0,30,2,1,1,1,2,0,1,1,0,2,3,12,7,7,2020,1.0,0.0,0.0,0.0,2.0,0,0,1,0,1,1,1
98517,CHICAGO,IL,60617,36.9,-1.0,-1.0,0.0,1,1,4,2014.0,1,7,2,5.0,30,2,1,1,1,2,0,1,1,0,2,3,12,7,7,2020,1.0,0.0,0.0,0.0,2.0,0,0,1,0,1,1,1
98518,CHICAGO,IL,60617,36.9,-1.0,-1.0,0.0,1,8,15,2013.0,1,4,1,1.0,30,2,1,1,1,2,0,1,1,0,2,3,12,7,7,2020,1.0,0.0,0.0,0.0,2.0,0,0,1,0,1,1,1
98519,CHICAGO,IL,60621,27.0,0.0,0.0,0.0,1,-1,1,2011.0,-1,4,1,-1.0,30,2,1,1,1,2,0,1,1,0,2,3,12,7,7,2020,1.0,0.0,0.0,0.0,2.0,0,0,1,1,1,1,1
98520,CHICAGO,IL,60621,27.0,0.0,0.0,0.0,1,1,4,2014.0,1,7,2,5.0,30,2,1,1,1,2,0,1,1,0,2,3,12,7,7,2020,1.0,0.0,0.0,0.0,2.0,0,0,1,1,1,1,1
98521,CHICAGO,IL,60621,27.0,0.0,0.0,0.0,1,8,15,2013.0,1,4,1,1.0,30,2,1,1,1,2,0,1,1,0,2,3,12,7,7,2020,1.0,0.0,0.0,0.0,2.0,0,0,1,1,1,1,1
98522,CHICAGO,IL,60615,70.0,0.0,0.0,0.0,1,-1,1,2011.0,-1,4,1,-1.0,30,2,1,1,1,2,0,1,1,0,2,3,12,7,7,2020,1.0,0.0,0.0,0.0,2.0,0,0,1,1,1,1,1
98523,CHICAGO,IL,60615,70.0,0.0,0.0,0.0,1,1,4,2014.0,1,7,2,5.0,30,2,1,1,1,2,0,1,1,0,2,3,12,7,7,2020,1.0,0.0,0.0,0.0,2.0,0,0,1,1,1,1,1
98524,CHICAGO,IL,60615,70.0,0.0,0.0,0.0,1,8,15,2013.0,1,4,1,1.0,30,2,1,1,1,2,0,1,1,0,2,3,12,7,7,2020,1.0,0.0,0.0,0.0,2.0,0,0,1,1,1,1,1
98652,CHICAGO,IL,60628,61.0,0.0,0.0,0.0,1,3,12,2013.0,1,3,3,9.0,30,1,1,1,2,7,6,1,1,0,1,2,3,7,7,2020,0.0,1.0,0.0,0.0,0.0,0,0,1,1,1,1,0
98658,CHICAGO,IL,60628,36.0,0.0,-1.0,0.0,1,6,22,2007.0,3,1,1,4.0,30,0,0,1,2,10,11,1,1,0,1,1,3,7,7,2020,1.0,0.0,0.0,0.0,1.0,0,0,1,0,0,1,1
98861,CHICAGO,IL,60632,38.0,-1.0,2.0,0.0,1,-1,1,2010.0,-1,3,1,-1.0,30,1,1,1,1,5,0,1,1,0,1,3,14,7,7,2020,1.0,0.0,0.0,0.0,3.0,0,0,1,0,1,1,1
98864,CHICAGO,IL,60644,34.0,-1.0,0.0,0.0,1,-1,1,2010.0,-1,3,1,-1.0,30,1,1,1,1,5,0,1,1,0,1,3,14,7,7,2020,0.0,0.0,0.0,0.0,3.0,0,0,1,0,1,1,1