index,CITY,STATE,ZIPCODE,AGE,EJECTION,DRIVER_ACTION,BAC_RESULT,UNIT_TYPE,MAKE,MODEL,VEHICLE_YEAR,VEHICLE_TYPE,TRAVEL_DIRECTION,MANEUVER,FIRST_CONTACT_POINT,POSTED_SPEED_LIMIT,TRAFFIC_CONTROL_DEVICE,DEVICE_CONDITION,WEATHER_CONDITION,LIGHTING_CONDITION,FIRST_CRASH_TYPE,TRAFFICWAY_TYPE,ALIGNMENT,ROADWAY_SURFACE_COND,ROAD_DEFECT,STREET_DIRECTION,NUM_UNITS,CRASH_HOUR,CRASH_DAY_OF_WEEK,CRASH_MONTH,CRASH_YEAR,FATAL_INBOTH,FATAL_CARPPL,FATAL_OTHPPL,FATAL_INAUTO,FATAL_DEGREE,DAMAGE_500_OR_LESS,DAMAGE_501_1500,DAMAGE_OVER_1500,SEX,INTERSECTION_RELATED,HIT_AND_RUN,REPORTYPE
110074,CHICAGO,IL,60628,25.0,0.0,0.0,0.0,1,2,31,2017.0,4,8,2,5.0,30,2,1,2,2,2,0,1,2,0,1,3,0,6,7,2020,1.0,0.0,0.0,0.0,1.0,0,0,1,1,1,1,0
110075,CHICAGO,IL,60628,25.0,0.0,0.0,0.0,1,2,31,2006.0,4,8,2,3.0,30,2,1,2,2,2,0,1,2,0,1,3,0,6,7,2020,1.0,0.0,0.0,0.0,1.0,0,0,1,1,1,1,0
110164,CHICAGO,IL,60615,64.0,0.0,0.0,0.0,1,4,11,2019.0,1,2,-1,1.0,30,1,1,1,1,6,0,1,1,0,2,2,4,4,7,2020,0.0,1.0,0.0,0.0,0.0,0,1,0,0,0,1,1
110396,UNKNOWN,XX,0,36.9,0.0,5.0,0.0,1,2,80,2011.0,3,2,4,4.0,30,1,1,1,1,9,1,1,1,0,2,2,19,7,7,2020,1.0,0.0,0.0,0.0,2.0,0,0,1,1,1,1,1
110398,CHICAGO,IL,60651,19.0,1.0,0.0,0.0,1,2,80,2011.0,3,2,4,4.0,30,1,1,1,1,9,1,1,1,0,2,2,19,7,7,2020,0.0,0.0,0.0,1.0,2.0,0,0,1,1,1,1,1
110422,UNKNOWN,XX,0,36.9,0.0,-1.0,0.0,1,13,36,2006.0,1,1,1,1.0,30,1,1,1,2,2,0,1,1,0,1,2,22,7,7,2020,1.0,0.0,0.0,0.0,2.0,0,0,1,1,1,1,1
110423,UNKNOWN,XX,0,36.9,0.0,-1.0,0.0,1,7,87,2003.0,1,3,2,5.0,30,1,1,1,2,2,0,1,1,0,1,2,22,7,7,2020,1.0,0.0,0.0,0.0,2.0,0,0,1,1,1,1,1
110424,CHICAGO,IL,60623,29.0,0.0,0.0,0.0,1,13,36,2006.0,1,1,1,1.0,30,1,1,1,2,2,0,1,1,0,1,2,22,7,7,2020,1.0,0.0,0.0,0.0,2.0,0,0,1,1,1,1,1
110425,CHICAGO,IL,60623,29.0,0.0,0.0,0.0,1,7,87,2003.0,1,3,2,5.0,30,1,1,1,2,2,0,1,1,0,1,2,22,7,7,2020,1.0,0.0,0.0,0.0,2.0,0,0,1,1,1,1,1
110501,CHICAGO,IL,60619,23.0,0.0,0.0,0.0,1,11,84,2000.0,1,2,1,1.0,30,2,1,1,2,1,0,1,1,0,1,2,1,1,7,2020,0.0,1.0,0.0,0.0,0.0,0,0,1,0,1,1,1
110502,CHICAGO,IL,60619,23.0,0.0,0.0,0.0,1,4,11,2020.0,1,1,1,5.0,30,2,1,1,2,1,0,1,1,0,1,2,1,1,7,2020,0.0,1.0,0.0,0.0,0.0,0,0,1,0,1,1,1
110523,UNKNOWN,XX,0,36.0,-1.0,-1.0,0.0,1,4,1,2017.0,1,3,1,1.0,30,4,1,1,2,4,0,1,1,0,1,2,1,1,7,2020,1.0,0.0,0.0,0.0,1.0,0,0,1,1,1,1,1
110524,UNKNOWN,XX,0,36.0,-1.0,-1.0,0.0,1,18,1,2013.0,1,3,1,7.0,30,4,1,1,2,4,0,1,1,0,1,2,1,1,7,2020,1.0,0.0,0.0,0.0,1.0,0,0,1,1,1,1,1
110525,CHICAGO,IL,60653,47.0,0.0,1.0,0.0,1,4,1,2017.0,1,3,1,1.0,30,4,1,1,2,4,0,1,1,0,1,2,1,1,7,2020,1.0,0.0,0.0,0.0,1.0,0,0,1,0,1,1,1
110526,CHICAGO,IL,60653,47.0,0.0,1.0,0.0,1,18,1,2013.0,1,3,1,7.0,30,4,1,1,2,4,0,1,1,0,1,2,1,1,7,2020,1.0,0.0,0.0,0.0,1.0,0,0,1,0,1,1,1
110589,UNKNOWN,XX,0,36.0,0.0,-1.0,0.0,1,9,17,2013.0,1,4,1,10.0,30,1,1,1,2,1,1,1,1,0,2,2,4,1,7,2020,1.0,0.0,0.0,0.0,1.0,0,0,1,1,1,1,1
110590,CHICAGO,IL,60618,24.0,-1.0,-1.0,0.0,1,-1,1,2010.0,1,3,1,1.0,30,1,1,1,2,1,1,1,1,0,2,2,4,1,7,2020,1.0,0.0,0.0,0.0,1.0,0,0,1,0,1,1,1
110591,CHICAGO,IL,60618,24.0,-1.0,-1.0,0.0,1,9,17,2013.0,1,4,1,10.0,30,1,1,1,2,1,1,1,1,0,2,2,4,1,7,2020,1.0,0.0,0.0,0.0,1.0,0,0,1,0,1,1,1
110619,UNKNOWN,XX,0,36.0,0.0,3.0,0.0,1,1,14,2019.0,1,2,1,1.0,30,1,1,1,5,1,1,1,1,0,2,2,5,1,7,2020,1.0,0.0,0.0,0.0,1.0,0,0,1,0,1,1,1
110620,CHICAGO,IL,60644,27.0,0.0,0.0,0.0,1,10,67,2010.0,1,3,1,6.0,30,1,1,1,5,1,1,1,1,0,2,2,5,1,7,2020,1.0,0.0,0.0,0.0,1.0,0,0,1,0,1,1,1
110621,CHICAGO,IL,60644,27.0,0.0,0.0,0.0,1,1,14,2019.0,1,2,1,1.0,30,1,1,1,5,1,1,1,1,0,2,2,5,1,7,2020,1.0,0.0,0.0,0.0,1.0,0,0,1,0,1,1,1
110763,CHICAGO,IL,60629,49.0,0.0,0.0,0.0,1,21,335,2008.0,1,3,2,6.0,30,1,1,1,1,2,0,2,1,0,2,2,15,7,7,2020,0.0,1.0,0.0,0.0,0.0,1,0,0,1,1,1,0
110789,HOFFMAN_ESTATES,IL,60169,33.0,0.0,0.0,0.0,1,3,40,2005.0,1,1,9,1.0,30,1,1,1,1,1,2,1,1,0,1,2,13,1,7,2020,0.0,1.0,0.0,0.0,0.0,0,0,1,1,1,1,0
111279,UNKNOWN,XX,0,36.9,0.0,2.0,0.0,1,15,1,2011.0,1,2,4,3.0,35,1,1,1,1,9,14,1,1,0,1,2,6,7,7,2020,1.0,0.0,0.0,0.0,2.0,1,0,0,1,1,1,1
111281,CHICAGO,IL,60609,30.0,0.0,0.0,0.0,1,15,1,2011.0,1,2,4,3.0,35,1,1,1,1,9,14,1,1,0,1,2,6,7,7,2020,0.0,0.0,0.0,1.0,2.0,1,0,0,1,1,1,1
111344,CHICAGO,IL,60609,37.0,0.0,0.0,0.0,1,2,80,2020.0,3,2,1,3.0,30,1,1,1,1,4,5,1,1,0,2,2,10,7,7,2020,0.0,1.0,0.0,0.0,0.0,0,1,0,0,1,1,0
111407,CHICAGO,IL,60618,36.0,0.0,0.0,0.0,1,17,52,2015.0,1,4,1,4.0,30,1,1,1,1,4,2,1,1,0,2,2,11,7,7,2020,0.0,1.0,0.0,0.0,0.0,0,1,0,1,1,1,1
111575,CHICAGO,IL,60643,68.0,0.0,0.0,0.0,1,25,1,2016.0,2,3,1,2.0,30,1,0,1,1,3,0,1,1,0,1,2,15,7,7,2020,0.0,1.0,0.0,0.0,0.0,0,0,1,1,1,1,0
111582,UNKNOWN,XX,0,36.0,0.0,1.0,0.0,1,7,25,2019.0,1,4,1,1.0,30,1,1,1,1,2,1,1,1,0,2,2,15,7,7,2020,1.0,0.0,0.0,0.0,1.0,0,0,1,1,1,1,1
111583,UNKNOWN,XX,0,36.0,0.0,1.0,0.0,1,20,94,2013.0,1,2,4,1.0,30,1,1,1,1,2,1,1,1,0,2,2,15,7,7,2020,1.0,0.0,0.0,0.0,1.0,0,0,1,1,1,1,1
111584,CHICAGO,IL,60621,25.0,0.0,0.0,0.0,1,7,25,2019.0,1,4,1,1.0,30,1,1,1,1,2,1,1,1,0,2,2,15,7,7,2020,1.0,0.0,0.0,0.0,1.0,0,0,1,0,1,1,1
111585,CHICAGO,IL,60621,25.0,0.0,0.0,0.0,1,20,94,2013.0,1,2,4,1.0,30,1,1,1,1,2,1,1,1,0,2,2,15,7,7,2020,1.0,0.0,0.0,0.0,1.0,0,0,1,0,1,1,1
111728,CHICAGO,IL,60643,75.0,0.0,0.0,0.0,1,11,183,2011.0,1,4,1,9.0,35,1,1,1,1,7,2,1,1,0,2,2,16,7,7,2020,0.0,1.0,0.0,0.0,0.0,0,0,1,0,1,1,1
111751,SOUTH_HOLLAND,IL,60473,43.0,0.0,0.0,0.0,1,10,1,2020.0,1,4,1,1.0,35,1,1,1,1,3,2,1,1,0,1,2,16,7,7,2020,0.0,1.0,0.0,0.0,0.0,0,0,1,0,1,1,0
111752,SOUTH_HOLLAND,IL,60473,43.0,0.0,0.0,0.0,1,19,191,2010.0,2,4,1,2.0,35,1,1,1,1,3,2,1,1,0,1,2,16,7,7,2020,0.0,1.0,0.0,0.0,0.0,0,0,1,0,1,1,0
112005,CHICAGO,IL,60643,36.9,0.0,3.0,0.0,1,6,63,2011.0,1,1,1,3.0,30,2,1,1,1,1,1,1,1,-1,2,2,17,7,7,2020,1.0,0.0,0.0,0.0,2.0,0,0,1,1,1,1,0
112006,CHICAGO,IL,60643,36.9,0.0,3.0,0.0,1,4,5,2016.0,1,2,1,11.0,30,2,1,1,1,1,1,1,1,-1,2,2,17,7,7,2020,1.0,0.0,0.0,0.0,2.0,0,0,1,1,1,1,0
112007,CHICAGO,IL,60643,36.9,0.0,3.0,0.0,1,6,63,2008.0,1,1,1,3.0,30,2,1,1,1,1,1,1,1,-1,2,2,17,7,7,2020,1.0,0.0,0.0,0.0,2.0,0,0,1,1,1,1,0
112008,CHICAGO,IL,60643,36.9,0.0,3.0,0.0,1,4,5,2016.0,1,2,1,11.0,30,2,1,1,1,1,1,1,1,-1,2,2,17,7,7,2020,1.0,0.0,0.0,0.0,2.0,0,0,1,1,1,1,0
112009,CHICAGO,IL,60643,25.0,0.0,1.0,0.0,1,6,63,2011.0,1,1,1,3.0,30,2,1,1,1,1,1,1,1,-1,2,2,17,7,7,2020,1.0,0.0,0.0,0.0,2.0,0,0,1,1,1,1,0
112010,CHICAGO,IL,60643,25.0,0.0,1.0,0.0,1,4,5,2016.0,1,2,1,11.0,30,2,1,1,1,1,1,1,1,-1,2,2,17,7,7,2020,1.0,0.0,0.0,0.0,2.0,0,0,1,1,1,1,0
112011,CHICAGO,IL,60643,25.0,0.0,1.0,0.0,1,6,63,2008.0,1,1,1,3.0,30,2,1,1,1,1,1,1,1,-1,2,2,17,7,7,2020,1.0,0.0,0.0,0.0,2.0,0,0,1,1,1,1,0
112012,CHICAGO,IL,60643,25.0,0.0,1.0,0.0,1,4,5,2016.0,1,2,1,11.0,30,2,1,1,1,1,1,1,1,-1,2,2,17,7,7,2020,1.0,0.0,0.0,0.0,2.0,0,0,1,1,1,1,0
112013,CHICAGO,IL,60643,24.0,0.0,3.0,0.0,1,6,63,2011.0,1,1,1,3.0,30,2,1,1,1,1,1,1,1,-1,2,2,17,7,7,2020,1.0,0.0,0.0,0.0,2.0,0,0,1,1,1,1,0
112014,CHICAGO,IL,60643,24.0,0.0,3.0,0.0,1,4,5,2016.0,1,2,1,11.0,30,2,1,1,1,1,1,1,1,-1,2,2,17,7,7,2020,1.0,0.0,0.0,0.0,2.0,0,0,1,1,1,1,0
112015,CHICAGO,IL,60643,24.0,0.0,3.0,0.0,1,6,63,2008.0,1,1,1,3.0,30,2,1,1,1,1,1,1,1,-1,2,2,17,7,7,2020,1.0,0.0,0.0,0.0,2.0,0,0,1,1,1,1,0
112016,CHICAGO,IL,60643,24.0,0.0,3.0,0.0,1,4,5,2016.0,1,2,1,11.0,30,2,1,1,1,1,1,1,1,-1,2,2,17,7,7,2020,1.0,0.0,0.0,0.0,2.0,0,0,1,1,1,1,0
112017,CHICAGO,IL,60643,25.0,0.0,1.0,0.0,1,6,63,2011.0,1,1,1,3.0,30,2,1,1,1,1,1,1,1,-1,2,2,17,7,7,2020,1.0,0.0,0.0,0.0,2.0,0,0,1,1,1,1,0
112018,CHICAGO,IL,60643,25.0,0.0,1.0,0.0,1,4,5,2016.0,1,2,1,11.0,30,2,1,1,1,1,1,1,1,-1,2,2,17,7,7,2020,1.0,0.0,0.0,0.0,2.0,0,0,1,1,1,1,0
112019,CHICAGO,IL,60643,25.0,0.0,1.0,0.0,1,6,63,2008.0,1,1,1,3.0,30,2,1,1,1,1,1,1,1,-1,2,2,17,7,7,2020,1.0,0.0,0.0,0.0,2.0,0,0,1,1,1,1,0
112020,CHICAGO,IL,60643,25.0,0.0,1.0,0.0,1,4,5,2016.0,1,2,1,11.0,30,2,1,1,1,1,1,1,1,-1,2,2,17,7,7,2020,1.0,0.0,0.0,0.0,2.0,0,0,1,1,1,1,0
112324,HARTSELLE,AL,35640,24.0,0.0,1.0,0.0,1,1,6,2018.0,1,3,1,5.0,35,1,1,1,2,7,1,1,1,0,1,2,1,7,7,2020,0.0,1.0,0.0,0.0,0.0,0,0,1,0,1,1,1
112325,HARTSELLE,AL,35640,24.0,0.0,1.0,0.0,1,9,17,2013.0,1,1,3,5.0,35,1,1,1,2,7,1,1,1,0,1,2,1,7,7,2020,0.0,1.0,0.0,0.0,0.0,0,0,1,0,1,1,1
112503,CHICAGO,IL,60622,36.0,-1.0,0.0,0.0,1,-1,1,2010.0,-1,3,-1,1.0,30,1,1,1,2,9,0,1,1,0,2,2,1,1,7,2020,0.0,0.0,0.0,1.0,1.0,0,1,0,1,1,1,1
112564,CHICAGO,IL,60622,36.0,0.0,8.0,0.0,1,19,90,2015.0,1,5,1,9.0,35,0,0,1,1,7,0,3,1,-1,4,2,13,4,7,2020,1.0,0.0,0.0,0.0,1.0,0,0,1,1,1,1,1
112565,CHICAGO,IL,60624,51.0,0.0,0.0,0.0,1,3,1,2015.0,2,7,1,12.0,35,0,0,1,1,7,0,3,1,-1,4,2,13,4,7,2020,1.0,0.0,0.0,0.0,1.0,0,0,1,0,1,1,1
112566,CHICAGO,IL,60624,51.0,0.0,0.0,0.0,1,19,90,2015.0,1,5,1,9.0,35,0,0,1,1,7,0,3,1,-1,4,2,13,4,7,2020,1.0,0.0,0.0,0.0,1.0,0,0,1,0,1,1,1
112601,DOLTON,IL,60419,24.0,0.0,0.0,0.0,1,3,40,2005.0,1,1,1,1.0,30,1,1,1,1,1,0,1,1,0,1,2,13,1,7,2020,0.0,1.0,0.0,0.0,0.0,0,1,0,0,1,1,0
112602,DOLTON,IL,60419,24.0,0.0,0.0,0.0,1,4,50,2014.0,2,2,1,8.0,30,1,1,1,1,1,0,1,1,0,1,2,13,1,7,2020,0.0,1.0,0.0,0.0,0.0,0,1,0,0,1,1,0
112744,CHICAGO,IL,60645,36.9,0.0,3.0,0.0,1,10,26,2011.0,1,1,1,4.0,30,1,1,1,3,2,2,1,1,0,2,2,0,2,7,2020,1.0,0.0,0.0,0.0,2.0,0,1,0,0,1,1,1
112745,CHICAGO,IL,60645,36.9,0.0,3.0,0.0,1,8,34,2019.0,1,1,2,4.0,30,1,1,1,3,2,2,1,1,0,2,2,0,2,7,2020,1.0,0.0,0.0,0.0,2.0,0,1,0,0,1,1,1
112746,CHICAGO,IL,60645,32.0,0.0,0.0,0.0,1,10,26,2011.0,1,1,1,4.0,30,1,1,1,3,2,2,1,1,0,2,2,0,2,7,2020,1.0,0.0,0.0,0.0,2.0,0,1,0,0,1,1,1
112747,CHICAGO,IL,60645,32.0,0.0,0.0,0.0,1,8,34,2019.0,1,1,2,4.0,30,1,1,1,3,2,2,1,1,0,2,2,0,2,7,2020,1.0,0.0,0.0,0.0,2.0,0,1,0,0,1,1,1
112762,MAYWOOD,IL,60153,49.0,0.0,0.0,0.0,1,2,71,2015.0,2,4,3,9.0,30,1,1,1,2,4,0,1,1,0,1,2,21,1,7,2020,0.0,1.0,0.0,0.0,0.0,0,0,1,1,1,1,0
112763,MAYWOOD,IL,60153,49.0,0.0,0.0,0.0,1,9,37,2011.0,1,4,3,11.0,30,1,1,1,2,4,0,1,1,0,1,2,21,1,7,2020,0.0,1.0,0.0,0.0,0.0,0,0,1,1,1,1,0
112826,CHICAGO,IL,60616,40.0,0.0,-1.0,0.0,1,16,199,2018.0,1,4,1,1.0,30,0,0,1,1,1,1,1,1,-1,2,3,13,1,7,2020,1.0,0.0,0.0,0.0,2.0,0,0,1,0,1,1,1
112827,CHICAGO,IL,60616,40.0,0.0,-1.0,0.0,1,2,150,2001.0,1,3,1,1.0,30,0,0,1,1,1,1,1,1,-1,2,3,13,1,7,2020,1.0,0.0,0.0,0.0,2.0,0,0,1,0,1,1,1
112828,CHICAGO,IL,60616,40.0,0.0,-1.0,0.0,1,2,19,2001.0,1,1,1,1.0,30,0,0,1,1,1,1,1,1,-1,2,3,13,1,7,2020,1.0,0.0,0.0,0.0,2.0,0,0,1,0,1,1,1
112829,CHICAGO,IL,60616,36.9,0.0,1.0,0.0,1,16,199,2018.0,1,4,1,1.0,30,0,0,1,1,1,1,1,1,-1,2,3,13,1,7,2020,1.0,0.0,0.0,0.0,2.0,0,0,1,0,1,1,1
112830,CHICAGO,IL,60616,36.9,0.0,1.0,0.0,1,2,150,2001.0,1,3,1,1.0,30,0,0,1,1,1,1,1,1,-1,2,3,13,1,7,2020,1.0,0.0,0.0,0.0,2.0,0,0,1,0,1,1,1
112831,CHICAGO,IL,60616,36.9,0.0,1.0,0.0,1,2,19,2001.0,1,1,1,1.0,30,0,0,1,1,1,1,1,1,-1,2,3,13,1,7,2020,1.0,0.0,0.0,0.0,2.0,0,0,1,0,1,1,1
112832,CHICAGO,IL,60623,25.0,0.0,-1.0,0.0,1,16,199,2018.0,1,4,1,1.0,30,0,0,1,1,1,1,1,1,-1,2,3,13,1,7,2020,1.0,0.0,0.0,0.0,2.0,0,0,1,0,1,1,1
112833,CHICAGO,IL,60623,25.0,0.0,-1.0,0.0,1,2,150,2001.0,1,3,1,1.0,30,0,0,1,1,1,1,1,1,-1,2,3,13,1,7,2020,1.0,0.0,0.0,0.0,2.0,0,0,1,0,1,1,1
112834,CHICAGO,IL,60623,25.0,0.0,-1.0,0.0,1,2,19,2001.0,1,1,1,1.0,30,0,0,1,1,1,1,1,1,-1,2,3,13,1,7,2020,1.0,0.0,0.0,0.0,2.0,0,0,1,0,1,1,1
112863,CHICAGO,IL,60623,36.9,0.0,3.0,0.0,1,1,43,2002.0,1,3,1,1.0,50,0,1,1,5,1,0,2,2,-1,1,2,8,2,7,2020,1.0,0.0,0.0,0.0,2.0,0,0,1,1,1,1,1
112864,CHICAGO,IL,60623,36.9,0.0,3.0,0.0,1,2,1,2017.0,4,2,1,3.0,50,0,1,1,5,1,0,2,2,-1,1,2,8,2,7,2020,1.0,0.0,0.0,0.0,2.0,0,0,1,1,1,1,1
112865,SKOKIE,IL,60076,36.0,0.0,0.0,0.0,1,1,43,2002.0,1,3,1,1.0,50,0,1,1,5,1,0,2,2,-1,1,2,8,2,7,2020,1.0,0.0,0.0,0.0,2.0,0,0,1,1,1,1,1
112866,SKOKIE,IL,60076,36.0,0.0,0.0,0.0,1,2,1,2017.0,4,2,1,3.0,50,0,1,1,5,1,0,2,2,-1,1,2,8,2,7,2020,1.0,0.0,0.0,0.0,2.0,0,0,1,1,1,1,1
112869,CHICAGO,IL,60649,40.0,0.0,0.0,0.0,1,12,53,2019.0,1,2,6,1.0,30,1,1,1,1,3,0,1,2,0,4,2,8,2,7,2020,0.0,1.0,0.0,0.0,0.0,0,0,1,1,1,1,0
112870,CHICAGO,IL,60649,40.0,0.0,0.0,0.0,1,3,40,2015.0,1,2,1,2.0,30,1,1,1,1,3,0,1,2,0,4,2,8,2,7,2020,0.0,1.0,0.0,0.0,0.0,0,0,1,1,1,1,0
112893,CHICAGO,IL,60649,36.9,0.0,5.0,0.0,1,4,29,2020.0,1,4,12,3.0,35,0,0,1,1,2,0,1,1,0,2,2,8,2,7,2020,1.0,0.0,0.0,0.0,2.0,0,0,1,0,1,1,1
112894,CHICAGO,IL,60649,36.9,0.0,5.0,0.0,1,18,91,2011.0,2,4,1,11.0,35,0,0,1,1,2,0,1,1,0,2,2,8,2,7,2020,1.0,0.0,0.0,0.0,2.0,0,0,1,0,1,1,1
112895,CHICAGO,IL,60652,45.0,0.0,0.0,0.0,1,4,29,2020.0,1,4,12,3.0,35,0,0,1,1,2,0,1,1,0,2,2,8,2,7,2020,1.0,0.0,0.0,0.0,2.0,0,0,1,0,1,1,1
112896,CHICAGO,IL,60652,45.0,0.0,0.0,0.0,1,18,91,2011.0,2,4,1,11.0,35,0,0,1,1,2,0,1,1,0,2,2,8,2,7,2020,1.0,0.0,0.0,0.0,2.0,0,0,1,0,1,1,1
112900,CHICAGO,IL,60619,40.0,0.0,0.0,0.0,1,7,51,2016.0,1,2,1,6.0,30,0,0,2,1,2,0,1,2,0,4,2,8,2,7,2020,0.0,1.0,0.0,0.0,0.0,0,0,1,0,1,1,0
112943,BERKELEY,IL,60163,29.0,0.0,0.0,0.0,1,4,18,2013.0,1,4,2,5.0,30,1,1,1,1,2,1,1,1,-1,2,2,9,2,7,2020,0.0,1.0,0.0,0.0,0.0,0,0,1,0,1,1,0
112992,CHICAGO,IL,60623,27.0,0.0,0.0,0.0,1,11,35,2006.0,1,2,3,3.0,30,1,1,3,1,2,0,1,1,0,2,2,11,2,7,2020,0.0,1.0,0.0,0.0,0.0,0,0,1,0,1,1,0
113545,CHICAGO,IL,60623,27.0,0.0,0.0,0.0,1,21,196,2018.0,1,3,1,1.0,30,2,1,1,1,11,0,1,1,0,1,2,16,5,7,2020,0.0,1.0,0.0,0.0,0.0,0,0,1,0,1,1,0
113585,WATSEKA,IL,60970,0.0,0.0,0.0,0.0,1,14,292,1993.0,3,4,3,2.0,30,1,1,1,2,3,5,1,1,0,2,2,1,1,7,2020,0.0,1.0,0.0,0.0,0.0,0,1,0,0,1,1,0
113616,CHICAGO,IL,60624,26.0,0.0,0.0,0.0,1,2,8,2015.0,1,3,2,3.0,30,1,1,1,2,2,1,1,1,0,2,2,3,1,7,2020,0.0,1.0,0.0,0.0,0.0,0,1,0,0,1,1,1
113623,BUFFALO_GROVE,IL,60069,31.0,0.0,0.0,0.0,1,3,28,2013.0,2,4,3,2.0,35,1,1,1,2,3,5,1,1,0,2,2,3,1,7,2020,0.0,1.0,0.0,0.0,0.0,0,0,1,1,1,1,0
113791,CHICAGO,IL,60615,60.0,0.0,2.0,0.0,1,1,1,2018.0,1,4,1,1.0,30,2,1,1,1,9,1,1,1,0,1,2,7,1,7,2020,0.0,1.0,0.0,0.0,0.0,1,0,0,0,1,0,0
113798,CHICAGO,IL,60620,44.0,0.0,0.0,0.0,1,2,1,2005.0,2,3,1,1.0,30,1,1,1,1,3,2,1,1,0,1,3,14,1,7,2020,0.0,1.0,0.0,0.0,0.0,0,0,1,1,1,1,0
113799,CHICAGO,IL,60620,44.0,0.0,0.0,0.0,1,11,75,2002.0,1,3,3,2.0,30,1,1,1,1,3,2,1,1,0,1,3,14,1,7,2020,0.0,1.0,0.0,0.0,0.0,0,0,1,1,1,1,0
113800,CHICAGO,IL,60620,44.0,0.0,0.0,0.0,1,7,25,2020.0,2,3,3,2.0,30,1,1,1,1,3,2,1,1,0,1,3,14,1,7,2020,0.0,1.0,0.0,0.0,0.0,0,0,1,1,1,1,0
113945,CHICAGO,IL,60620,49.0,0.0,0.0,0.0,1,3,3,2012.0,1,4,3,5.0,30,1,1,1,1,4,2,1,1,0,1,2,17,1,7,2020,0.0,1.0,0.0,0.0,0.0,0,0,1,0,1,1,0
113969,NORTHLAKE,IL,60164,36.0,0.0,-1.0,0.0,1,2,9,2017.0,2,2,3,2.0,30,1,1,1,1,3,2,1,1,0,1,2,18,1,7,2020,1.0,0.0,0.0,0.0,1.0,0,0,1,1,1,1,0
113970,EVERGREEN_PARK,IL,60805,56.0,0.0,0.0,0.0,1,-1,1,2010.0,1,2,1,1.0,30,1,1,1,1,3,2,1,1,0,1,2,18,1,7,2020,1.0,0.0,0.0,0.0,1.0,0,0,1,0,1,1,0
113971,EVERGREEN_PARK,IL,60805,56.0,0.0,0.0,0.0,1,2,9,2017.0,2,2,3,2.0,30,1,1,1,1,3,2,1,1,0,1,2,18,1,7,2020,1.0,0.0,0.0,0.0,1.0,0,0,1,0,1,1,0
114140,NORTHLAKE,IL,60164,36.9,-1.0,2.0,0.0,1,5,13,2011.0,1,3,1,1.0,25,0,0,1,2,5,3,1,1,0,3,2,22,1,7,2020,1.0,0.0,0.0,0.0,2.0,0,0,1,0,1,1,1
114142,CHICAGO,IL,60626,25.0,-1.0,0.0,0.0,1,5,13,2011.0,1,3,1,1.0,25,0,0,1,2,5,3,1,1,0,3,2,22,1,7,2020,0.0,0.0,0.0,0.0,2.0,0,0,1,1,1,1,1
114148,NORTHLAKE,IL,60164,36.9,0.0,8.0,0.0,1,-1,1,2011.0,-1,1,4,-1.0,35,2,1,1,2,2,0,1,1,0,3,2,23,1,7,2020,1.0,0.0,0.0,0.0,2.0,1,0,0,0,0,0,1
114149,NORTHLAKE,IL,60164,36.9,0.0,8.0,0.0,1,5,79,1985.0,6,1,1,6.0,35,2,1,1,2,2,0,1,1,0,3,2,23,1,7,2020,1.0,0.0,0.0,0.0,2.0,1,0,0,0,0,0,1
114150,TALLAHASSEE,FL,32303,29.0,0.0,0.0,0.0,1,-1,1,2011.0,-1,1,4,-1.0,35,2,1,1,2,2,0,1,1,0,3,2,23,1,7,2020,1.0,0.0,0.0,0.0,2.0,1,0,0,1,0,0,1
114151,TALLAHASSEE,FL,32303,29.0,0.0,0.0,0.0,1,5,79,1985.0,6,1,1,6.0,35,2,1,1,2,2,0,1,1,0,3,2,23,1,7,2020,1.0,0.0,0.0,0.0,2.0,1,0,0,1,0,0,1
114266,NORTHLAKE,IL,60164,36.0,0.0,1.0,0.0,1,3,57,2006.0,1,2,1,6.0,30,2,1,1,1,1,0,1,1,0,2,2,15,1,7,2020,1.0,0.0,0.0,0.0,1.0,0,0,1,1,1,1,0
114268,CHICAGO,IL,60624,36.0,0.0,0.0,0.0,1,3,57,2006.0,1,2,1,6.0,30,2,1,1,1,1,0,1,1,0,2,2,15,1,7,2020,1.0,0.0,0.0,0.0,1.0,0,0,1,0,1,1,0
114269,CHICAGO,IL,60624,36.0,0.0,0.0,0.0,1,-1,2,2010.0,4,1,1,1.0,30,2,1,1,1,1,0,1,1,0,2,2,15,1,7,2020,1.0,0.0,0.0,0.0,1.0,0,0,1,0,1,1,0
114302,NORTHLAKE,IL,60164,38.0,0.0,4.0,0.0,1,-1,1,2010.0,1,2,1,1.0,30,1,1,1,2,3,0,1,1,0,2,2,21,1,7,2020,1.0,0.0,0.0,0.0,3.0,0,1,0,1,1,1,0
114303,NORTHLAKE,IL,60164,38.0,0.0,4.0,0.0,1,16,112,2015.0,1,2,1,2.0,30,1,1,1,2,3,0,1,1,0,2,2,21,1,7,2020,1.0,0.0,0.0,0.0,3.0,0,1,0,1,1,1,0
114304,CHICAGO,IL,60643,34.0,0.0,0.0,0.0,1,-1,1,2010.0,1,2,1,1.0,30,1,1,1,2,3,0,1,1,0,2,2,21,1,7,2020,1.0,0.0,0.0,0.0,3.0,0,1,0,0,1,1,0