index,CITY,STATE,ZIPCODE,AGE,EJECTION,DRIVER_ACTION,BAC_RESULT,UNIT_TYPE,MAKE,MODEL,VEHICLE_YEAR,VEHICLE_TYPE,TRAVEL_DIRECTION,MANEUVER,FIRST_CONTACT_POINT,POSTED_SPEED_LIMIT,TRAFFIC_CONTROL_DEVICE,DEVICE_CONDITION,WEATHER_CONDITION,LIGHTING_CONDITION,FIRST_CRASH_TYPE,TRAFFICWAY_TYPE,ALIGNMENT,ROADWAY_SURFACE_COND,ROAD_DEFECT,STREET_DIRECTION,NUM_UNITS,CRASH_HOUR,CRASH_DAY_OF_WEEK,CRASH_MONTH,CRASH_YEAR,FATAL_INBOTH,FATAL_CARPPL,FATAL_OTHPPL,FATAL_INAUTO,FATAL_DEGREE,DAMAGE_500_OR_LESS,DAMAGE_501_1500,DAMAGE_OVER_1500,SEX,INTERSECTION_RELATED,HIT_AND_RUN,REPORTYPE
120867,CHICAGO,IL,60612,47.0,0.0,0.0,0.0,1,15,131,2003.0,1,2,1,3.0,30,1,1,1,2,2,0,1,1,0,2,2,1,7,7,2020,1.0,0.0,0.0,0.0,0.0,0,0,1,0,1,1,1
120868,CHICAGO,IL,60612,47.0,0.0,0.0,0.0,1,1,129,2003.0,1,1,2,3.0,30,1,1,1,2,2,0,1,1,0,2,2,1,7,7,2020,1.0,0.0,0.0,0.0,0.0,0,0,1,0,1,1,1
121064,WARRENVILLE,IL,60555,16.0,0.0,0.0,0.0,1,2,68,2005.0,1,2,13,9.0,35,1,1,1,3,4,0,1,1,0,2,2,21,4,7,2020,0.0,1.0,0.0,0.0,0.0,0,0,1,0,1,1,0
121065,WARRENVILLE,IL,60555,16.0,0.0,0.0,0.0,1,23,278,2012.0,1,2,1,11.0,35,1,1,1,3,4,0,1,1,0,2,2,21,4,7,2020,0.0,1.0,0.0,0.0,0.0,0,0,1,0,1,1,0
121240,BLUE_ASH,OH,45252,38.0,0.0,4.0,0.0,1,4,5,2020.0,1,1,1,1.0,35,1,1,1,1,3,1,1,1,0,4,3,17,5,7,2020,1.0,0.0,0.0,0.0,3.0,0,0,1,1,1,1,1
121241,BLUE_ASH,OH,45252,38.0,0.0,4.0,0.0,1,11,35,2011.0,1,1,1,7.0,35,1,1,1,1,3,1,1,1,0,4,3,17,5,7,2020,1.0,0.0,0.0,0.0,3.0,0,0,1,1,1,1,1
121242,BLUE_ASH,OH,45252,38.0,0.0,4.0,0.0,1,11,133,2002.0,1,4,2,8.0,35,1,1,1,1,3,1,1,1,0,4,3,17,5,7,2020,1.0,0.0,0.0,0.0,3.0,0,0,1,1,1,1,1
121243,CHICAGO,IL,60628,18.0,0.0,-1.0,0.0,1,4,5,2020.0,1,1,1,1.0,35,1,1,1,1,3,1,1,1,0,4,3,17,5,7,2020,1.0,0.0,0.0,0.0,3.0,0,0,1,1,1,1,1
121244,CHICAGO,IL,60628,18.0,0.0,-1.0,0.0,1,11,35,2011.0,1,1,1,7.0,35,1,1,1,1,3,1,1,1,0,4,3,17,5,7,2020,1.0,0.0,0.0,0.0,3.0,0,0,1,1,1,1,1
121245,CHICAGO,IL,60628,18.0,0.0,-1.0,0.0,1,11,133,2002.0,1,4,2,8.0,35,1,1,1,1,3,1,1,1,0,4,3,17,5,7,2020,1.0,0.0,0.0,0.0,3.0,0,0,1,1,1,1,1
121246,HAMMOND,IN,46324,62.0,0.0,0.0,0.0,1,4,5,2020.0,1,1,1,1.0,35,1,1,1,1,3,1,1,1,0,4,3,17,5,7,2020,1.0,0.0,0.0,0.0,3.0,0,0,1,0,1,1,1
121247,HAMMOND,IN,46324,62.0,0.0,0.0,0.0,1,11,35,2011.0,1,1,1,7.0,35,1,1,1,1,3,1,1,1,0,4,3,17,5,7,2020,1.0,0.0,0.0,0.0,3.0,0,0,1,0,1,1,1
121248,HAMMOND,IN,46324,62.0,0.0,0.0,0.0,1,11,133,2002.0,1,4,2,8.0,35,1,1,1,1,3,1,1,1,0,4,3,17,5,7,2020,1.0,0.0,0.0,0.0,3.0,0,0,1,0,1,1,1
121410,CHICAGO,IL,60623,47.0,0.0,0.0,0.0,1,2,220,2020.0,7,2,1,11.0,30,1,1,1,1,2,1,1,1,0,1,2,13,5,7,2020,1.0,0.0,0.0,0.0,0.0,0,0,1,1,1,1,1
121532,CHICAGO,IL,60651,33.0,0.0,0.0,0.0,1,2,9,2002.0,2,2,1,1.0,30,2,1,1,1,3,1,1,1,0,2,2,8,6,7,2020,0.0,1.0,0.0,0.0,0.0,1,0,0,0,1,1,1
121533,CHICAGO,IL,60651,33.0,0.0,0.0,0.0,1,4,33,2016.0,1,2,3,2.0,30,2,1,1,1,3,1,1,1,0,2,2,8,6,7,2020,0.0,1.0,0.0,0.0,0.0,1,0,0,0,1,1,1
121795,CHICAGO,IL,60624,38.0,0.0,0.0,0.0,1,9,42,2003.0,1,1,1,4.0,30,0,0,1,1,4,0,1,1,0,3,2,13,6,7,2020,0.0,1.0,0.0,0.0,0.0,0,0,1,1,1,1,0
121833,CHICAGO,IL,60624,19.0,0.0,0.0,0.0,1,17,52,2011.0,1,2,1,1.0,30,2,1,1,1,1,4,1,1,0,3,2,12,6,7,2020,1.0,0.0,0.0,0.0,0.0,0,0,1,1,1,1,1
122290,CHICAGO,IL,60618,47.0,0.0,0.0,0.0,1,1,1,2016.0,1,3,3,1.0,30,1,1,1,1,3,0,1,1,0,3,2,17,6,7,2020,0.0,1.0,0.0,0.0,0.0,0,0,1,1,1,1,0
122291,CHICAGO,IL,60618,47.0,0.0,0.0,0.0,1,7,359,2007.0,1,3,3,2.0,30,1,1,1,1,3,0,1,1,0,3,2,17,6,7,2020,0.0,1.0,0.0,0.0,0.0,0,0,1,1,1,1,0
122518,CHICAGO,IL,60639,51.0,0.0,0.0,0.0,1,5,1,2020.0,1,3,1,2.0,30,2,1,1,1,3,0,1,1,0,3,2,13,5,7,2020,0.0,1.0,0.0,0.0,0.0,0,1,0,0,1,1,1
122623,CHICAGO,IL,60623,63.0,0.0,1.0,0.0,1,6,22,2012.0,1,7,2,11.0,30,1,1,1,1,2,0,1,1,0,1,2,11,5,7,2020,0.0,1.0,0.0,0.0,0.0,0,0,1,1,1,1,0
122654,CHICAGO,IL,60623,54.0,0.0,-1.0,0.0,1,-1,1,2011.0,-1,-1,-1,-1.0,20,2,1,1,1,9,1,1,1,0,1,2,13,5,7,2020,0.0,0.0,0.0,1.0,2.0,0,1,0,1,1,1,1
122732,CHICAGO,IL,60644,31.0,0.0,0.0,0.0,1,17,52,2014.0,1,3,1,1.0,30,1,1,1,1,6,2,1,1,0,1,3,16,5,7,2020,1.0,0.0,0.0,0.0,0.0,0,0,1,0,1,1,0
122738,NEW_YORK,NY,10012,22.0,0.0,1.0,0.0,1,17,52,2014.0,1,3,1,1.0,30,1,1,1,1,6,2,1,1,0,1,3,16,5,7,2020,1.0,0.0,0.0,0.0,0.0,0,0,1,1,1,1,0
122851,CHICAGO,IL,60629,39.0,0.0,0.0,0.0,1,4,18,2018.0,2,2,1,4.0,30,2,1,1,1,2,2,1,1,0,1,2,16,5,7,2020,0.0,1.0,0.0,0.0,0.0,0,0,1,0,1,1,1
122925,CHICAGO,IL,60629,30.0,0.0,0.0,0.0,1,1,177,2008.0,1,4,1,3.0,30,2,1,1,1,1,0,1,1,0,2,2,15,5,7,2020,1.0,0.0,0.0,0.0,0.0,0,0,1,0,1,1,1
123038,CHICAGO,IL,60623,22.0,0.0,0.0,0.0,1,8,16,2001.0,1,1,1,10.0,30,2,1,1,1,1,1,1,1,0,1,2,19,5,7,2020,0.0,1.0,0.0,0.0,0.0,0,1,0,0,1,1,1
123125,CHICAGO,IL,60641,33.0,0.0,0.0,0.0,1,4,11,2013.0,1,4,1,3.0,30,1,1,1,2,1,1,1,1,-1,2,2,22,5,7,2020,0.0,1.0,0.0,0.0,0.0,0,0,1,0,1,1,0
123138,DOLTON,IL,60419,59.0,0.0,0.0,0.0,1,8,15,2008.0,1,4,1,11.0,30,0,0,1,2,4,2,1,1,0,1,2,22,5,7,2020,0.0,1.0,0.0,0.0,0.0,0,1,0,0,1,1,0
123157,CHICAGO,IL,60626,27.0,0.0,0.0,0.0,1,3,28,2018.0,2,2,2,8.0,30,2,1,1,2,2,1,1,1,0,2,3,22,5,7,2020,1.0,0.0,0.0,0.0,0.0,0,0,1,0,1,1,1
123158,CHICAGO,IL,60626,27.0,0.0,0.0,0.0,2,26,185,2004.0,2,1,5,8.0,30,2,1,1,2,2,1,1,1,0,2,3,22,5,7,2020,1.0,0.0,0.0,0.0,0.0,0,0,1,0,1,1,1
123225,CHICAGO,IL,60639,37.0,0.0,1.0,0.0,1,9,73,2003.0,2,3,10,2.0,35,1,1,1,2,2,0,1,1,0,2,4,23,5,7,2020,1.0,0.0,0.0,0.0,0.0,0,0,1,1,1,1,1
123226,CHICAGO,IL,60639,37.0,0.0,1.0,0.0,1,4,11,2017.0,1,2,4,1.0,35,1,1,1,2,2,0,1,1,0,2,4,23,5,7,2020,1.0,0.0,0.0,0.0,0.0,0,0,1,1,1,1,1
123227,CHICAGO,IL,60639,37.0,0.0,1.0,0.0,2,5,38,2005.0,3,4,5,3.0,35,1,1,1,2,2,0,1,1,0,2,4,23,5,7,2020,1.0,0.0,0.0,0.0,0.0,0,0,1,1,1,1,1
123228,CHICAGO,IL,60639,37.0,0.0,1.0,0.0,2,2,19,2007.0,2,4,5,1.0,35,1,1,1,2,2,0,1,1,0,2,4,23,5,7,2020,1.0,0.0,0.0,0.0,0.0,0,0,1,1,1,1,1
123260,CHIC,IL,60649,43.0,0.0,2.0,0.0,1,19,1,2012.0,1,2,2,2.0,35,2,1,1,3,2,4,1,1,0,1,2,23,5,7,2020,1.0,0.0,0.0,0.0,0.0,0,0,1,0,1,1,0
123557,OAK_PARK,IL,60302,34.0,0.0,0.0,0.0,1,2,24,2012.0,1,3,1,1.0,30,2,1,1,1,1,1,1,1,0,1,2,14,5,7,2020,1.0,0.0,0.0,0.0,0.0,0,0,1,0,1,1,1
123621,DOLTON,IL,60419,36.9,-1.0,3.0,0.0,1,8,15,2011.0,-1,4,1,-1.0,30,1,1,1,2,1,3,1,1,-1,3,2,21,5,7,2020,1.0,0.0,0.0,0.0,2.0,0,0,1,0,1,1,1
123622,DOLTON,IL,60419,36.9,-1.0,3.0,0.0,1,12,32,2019.0,1,3,1,-1.0,30,1,1,1,2,1,3,1,1,-1,3,2,21,5,7,2020,1.0,0.0,0.0,0.0,2.0,0,0,1,0,1,1,1
123623,CHICAGO,IL,60632,61.0,-1.0,-1.0,0.0,1,8,15,2011.0,-1,4,1,-1.0,30,1,1,1,2,1,3,1,1,-1,3,2,21,5,7,2020,1.0,0.0,0.0,0.0,2.0,0,0,1,1,1,1,1
123624,CHICAGO,IL,60632,61.0,-1.0,-1.0,0.0,1,12,32,2019.0,1,3,1,-1.0,30,1,1,1,2,1,3,1,1,-1,3,2,21,5,7,2020,1.0,0.0,0.0,0.0,2.0,0,0,1,1,1,1,1
123726,SNELLVILLE,GA,30078,43.0,0.0,0.0,0.0,1,10,67,2009.0,1,3,6,4.0,30,1,1,1,1,4,0,1,1,0,1,2,13,6,7,2020,0.0,1.0,0.0,0.0,0.0,0,0,1,0,1,1,1
123727,SNELLVILLE,GA,30078,43.0,0.0,0.0,0.0,1,2,31,2020.0,4,3,1,7.0,30,1,1,1,1,4,0,1,1,0,1,2,13,6,7,2020,0.0,1.0,0.0,0.0,0.0,0,0,1,0,1,1,1
123842,CHICAGO,IL,60659,36.0,0.0,0.0,0.0,1,3,74,1997.0,2,1,3,7.0,25,1,0,1,1,3,1,1,1,0,1,2,15,6,7,2020,0.0,1.0,0.0,0.0,0.0,0,1,0,0,1,1,0
123976,CHICAGO,IL,60641,56.0,0.0,0.0,0.0,1,4,33,2008.0,1,3,1,1.0,30,1,1,1,2,2,1,1,1,0,3,2,21,6,7,2020,0.0,1.0,0.0,0.0,0.0,0,0,1,0,1,1,1
124133,DOLTON,IL,60419,36.9,0.0,1.0,0.0,1,-1,1,2011.0,1,4,1,1.0,30,1,1,1,2,5,5,1,1,0,2,2,1,7,8,2020,1.0,0.0,0.0,0.0,2.0,0,0,1,0,1,1,1
124157,CHICAGO,IL,60623,33.0,0.0,0.0,0.0,1,23,111,2011.0,1,3,1,11.0,30,2,1,1,1,1,0,1,1,0,3,2,7,7,8,2020,1.0,0.0,0.0,0.0,0.0,0,0,1,0,1,1,1
124272,UNKNOWN,XX,0,36.9,0.0,-1.0,0.0,1,4,5,2011.0,1,4,1,3.0,30,1,1,1,1,5,0,1,1,0,2,2,10,7,8,2020,1.0,0.0,0.0,0.0,2.0,1,0,0,0,1,1,1
124274,CHICAGO,IL,60640,46.0,-1.0,1.0,0.0,1,4,5,2011.0,1,4,1,3.0,30,1,1,1,1,5,0,1,1,0,2,2,10,7,8,2020,0.0,0.0,0.0,0.0,2.0,1,0,0,1,1,1,1
124304,UNKNOWN,XX,0,36.0,0.0,2.0,0.0,1,13,1,2005.0,1,4,2,3.0,20,2,0,3,1,5,0,1,1,0,2,2,11,7,8,2020,1.0,0.0,0.0,0.0,1.0,0,0,1,0,1,1,1
124306,CHICAGO,IL,60652,26.0,-1.0,-1.0,0.0,1,13,1,2005.0,1,4,2,3.0,20,2,0,3,1,5,0,1,1,0,2,2,11,7,8,2020,0.0,0.0,0.0,0.0,1.0,0,0,1,0,1,1,1
124537,UNKNOWN,XX,0,36.0,0.0,3.0,0.0,1,6,22,2016.0,3,4,1,-1.0,30,1,1,1,1,1,1,1,1,0,1,2,15,7,8,2020,1.0,0.0,0.0,0.0,1.0,0,1,0,0,1,1,1
124538,UNKNOWN,XX,0,36.0,0.0,3.0,0.0,1,8,16,2019.0,1,1,1,10.0,30,1,1,1,1,1,1,1,1,0,1,2,15,7,8,2020,1.0,0.0,0.0,0.0,1.0,0,1,0,0,1,1,1
124539,CHICAGO,IL,60621,64.0,0.0,0.0,0.0,1,6,22,2016.0,3,4,1,-1.0,30,1,1,1,1,1,1,1,1,0,1,2,15,7,8,2020,1.0,0.0,0.0,0.0,1.0,0,1,0,0,1,1,1
124540,CHICAGO,IL,60621,64.0,0.0,0.0,0.0,1,8,16,2019.0,1,1,1,10.0,30,1,1,1,1,1,1,1,1,0,1,2,15,7,8,2020,1.0,0.0,0.0,0.0,1.0,0,1,0,0,1,1,1
124888,CHICAGO,IL,60608,25.0,0.0,0.0,0.0,1,16,223,2008.0,1,2,1,6.0,30,1,1,2,2,1,1,1,2,0,2,2,23,7,8,2020,1.0,0.0,0.0,0.0,0.0,0,0,1,1,1,1,1
124899,UNKNOWN,XX,0,36.9,0.0,-1.0,0.0,1,-1,1,2011.0,-1,1,1,1.0,30,1,1,1,2,5,3,1,1,0,1,2,4,6,7,2020,1.0,0.0,0.0,0.0,2.0,0,0,1,0,1,1,1
124901,UNKNOWN,XX,0,46.0,-1.0,-1.0,0.0,1,-1,1,2011.0,-1,1,1,1.0,30,1,1,1,2,5,3,1,1,0,1,2,4,6,7,2020,0.0,0.0,0.0,0.0,2.0,0,0,1,1,1,1,1
125079,CHICAGO,IL,60625,37.0,0.0,-1.0,0.0,1,4,18,2008.0,2,4,1,6.0,30,0,0,1,1,1,2,1,1,0,2,2,12,6,7,2020,0.0,1.0,0.0,0.0,0.0,0,0,1,0,1,1,1
125183,CHICAGO,IL,60625,17.0,0.0,0.0,0.0,1,2,1,2014.0,2,1,1,1.0,30,1,1,1,1,2,0,1,1,0,2,2,13,6,7,2020,0.0,1.0,0.0,0.0,0.0,0,1,0,0,1,1,0
125184,CHICAGO,IL,60625,17.0,0.0,0.0,0.0,1,15,131,2009.0,1,4,2,6.0,30,1,1,1,1,2,0,1,1,0,2,2,13,6,7,2020,0.0,1.0,0.0,0.0,0.0,0,1,0,0,1,1,0
125342,BLUE_ISLAND,IL,60406,35.0,0.0,0.0,0.0,1,4,228,2020.0,1,4,2,10.0,30,1,1,1,1,2,1,1,1,0,1,2,16,6,7,2020,1.0,0.0,0.0,0.0,0.0,0,0,1,1,1,1,1
125346,CHICAGO,IL,60644,38.0,1.0,0.0,0.0,1,32,79,2002.0,6,1,1,1.0,30,1,1,1,1,2,0,1,1,0,3,2,16,6,7,2020,1.0,0.0,0.0,0.0,0.0,0,0,1,1,1,1,1
125745,CHICAGO,IL,60620,25.0,-1.0,0.0,0.0,1,-1,2,2011.0,1,3,2,-1.0,30,0,0,1,2,5,2,1,1,0,2,2,23,6,7,2020,0.0,0.0,0.0,0.0,2.0,0,1,0,0,1,1,1
125843,CHICAGO,IL,60619,26.0,0.0,1.0,0.0,1,2,8,2017.0,1,1,1,6.0,20,0,0,1,2,1,3,1,1,0,1,2,21,6,7,2020,0.0,1.0,0.0,0.0,0.0,0,0,1,0,1,1,0
125855,CHICAGO,IL,60636,26.0,0.0,1.0,0.0,1,13,166,2005.0,1,4,2,9.0,25,1,1,1,1,2,0,1,1,-1,1,2,17,6,7,2020,0.0,1.0,0.0,0.0,0.0,0,0,1,0,1,1,0
125889,CHICAGO,IL,60609,36.0,0.0,0.0,0.0,1,12,142,2003.0,1,2,3,8.0,30,1,1,1,1,3,9,2,1,0,1,2,18,6,7,2020,0.0,1.0,0.0,0.0,0.0,1,0,0,0,1,1,0
126096,UNKNOWN,XX,0,36.9,0.0,2.0,0.0,1,2,1,2012.0,1,1,1,5.0,30,2,1,1,3,1,1,1,1,0,1,4,0,7,8,2020,1.0,0.0,0.0,0.0,2.0,0,0,1,0,1,1,1
126097,UNKNOWN,XX,0,36.9,0.0,2.0,0.0,2,10,1,2013.0,1,1,5,2.0,30,2,1,1,3,1,1,1,1,0,1,4,0,7,8,2020,1.0,0.0,0.0,0.0,2.0,0,0,1,0,1,1,1
126098,UNKNOWN,XX,0,36.9,0.0,2.0,0.0,2,17,229,2003.0,1,1,5,2.0,30,2,1,1,3,1,1,1,1,0,1,4,0,7,8,2020,1.0,0.0,0.0,0.0,2.0,0,0,1,0,1,1,1
126099,CHICAGO,XX,60624,41.0,0.0,0.0,0.0,1,-1,1,2011.0,1,2,1,1.0,30,2,1,1,3,1,1,1,1,0,1,4,0,7,8,2020,1.0,0.0,0.0,0.0,2.0,0,0,1,1,1,1,1
126100,CHICAGO,XX,60624,41.0,0.0,0.0,0.0,1,2,1,2012.0,1,1,1,5.0,30,2,1,1,3,1,1,1,1,0,1,4,0,7,8,2020,1.0,0.0,0.0,0.0,2.0,0,0,1,1,1,1,1
126101,CHICAGO,XX,60624,41.0,0.0,0.0,0.0,2,10,1,2013.0,1,1,5,2.0,30,2,1,1,3,1,1,1,1,0,1,4,0,7,8,2020,1.0,0.0,0.0,0.0,2.0,0,0,1,1,1,1,1
126102,CHICAGO,XX,60624,41.0,0.0,0.0,0.0,2,17,229,2003.0,1,1,5,2.0,30,2,1,1,3,1,1,1,1,0,1,4,0,7,8,2020,1.0,0.0,0.0,0.0,2.0,0,0,1,1,1,1,1
126179,CHICAGO,IL,60620,37.0,0.0,0.0,0.0,1,4,5,2020.0,1,1,1,-1.0,30,1,1,1,1,1,1,1,1,0,1,2,12,7,8,2020,1.0,0.0,0.0,0.0,0.0,0,0,1,0,1,1,1
126180,CHICAGO,IL,60620,37.0,0.0,0.0,0.0,1,6,41,2019.0,2,2,1,1.0,30,1,1,1,1,1,1,1,1,0,1,2,12,7,8,2020,1.0,0.0,0.0,0.0,0.0,0,0,1,0,1,1,1
126283,CHICAGO,IL,60659,29.0,0.0,0.0,0.0,1,3,12,2011.0,1,4,1,4.0,30,1,1,1,1,7,0,1,1,0,2,2,18,7,8,2020,0.0,1.0,0.0,0.0,0.0,0,1,0,1,1,1,0
126396,LOCKPORT,IL,60441,39.0,0.0,0.0,0.0,1,5,38,2007.0,3,1,3,7.0,45,1,1,2,2,3,0,1,2,0,1,2,22,7,8,2020,1.0,0.0,0.0,0.0,0.0,0,0,1,1,1,1,0
126429,CHICAGO,IL,60617,41.0,0.0,0.0,0.0,1,2,8,2012.0,1,1,3,1.0,30,1,1,2,2,1,0,1,2,0,1,4,23,7,8,2020,0.0,1.0,0.0,0.0,0.0,0,1,0,1,1,1,1
126590,CHICAGO,IL,60631,56.0,0.0,0.0,0.0,1,3,12,2013.0,1,4,1,1.0,30,2,2,2,2,1,0,1,2,0,2,2,23,7,8,2020,1.0,0.0,0.0,0.0,0.0,0,0,1,1,1,0,1
126591,CHICAGO,IL,60631,56.0,0.0,0.0,0.0,1,2,31,2018.0,4,1,1,6.0,30,2,2,2,2,1,0,1,2,0,2,2,23,7,8,2020,1.0,0.0,0.0,0.0,0.0,0,0,1,1,1,0,1
126610,CHICAGO,XX,60631,38.0,0.0,6.0,0.0,1,1,27,2002.0,1,3,1,1.0,25,0,0,2,2,10,4,1,2,0,1,1,0,1,8,2020,1.0,0.0,0.0,0.0,3.0,0,1,0,1,1,1,1
126630,CHICAGO,IL,60628,28.0,0.0,8.0,0.0,1,2,19,2009.0,2,4,3,10.0,30,1,1,2,2,4,5,1,2,0,2,2,21,7,8,2020,0.0,1.0,0.0,0.0,0.0,1,0,0,0,1,1,0
126708,CHICAGO,XX,60613,36.0,0.0,1.0,0.0,1,3,28,2007.0,2,2,1,1.0,30,0,0,3,1,6,0,1,1,0,2,2,7,1,8,2020,1.0,0.0,0.0,0.0,1.0,0,0,1,0,1,1,1
126709,CHICAGO,XX,60613,36.0,0.0,1.0,0.0,1,3,12,1996.0,1,4,1,1.0,30,0,0,3,1,6,0,1,1,0,2,2,7,1,8,2020,1.0,0.0,0.0,0.0,1.0,0,0,1,0,1,1,1
126710,CHICAGO,XX,60613,42.0,0.0,0.0,0.0,1,3,28,2007.0,2,2,1,1.0,30,0,0,3,1,6,0,1,1,0,2,2,7,1,8,2020,1.0,0.0,0.0,0.0,1.0,0,0,1,1,1,1,1
126711,CHICAGO,XX,60613,42.0,0.0,0.0,0.0,1,3,12,1996.0,1,4,1,1.0,30,0,0,3,1,6,0,1,1,0,2,2,7,1,8,2020,1.0,0.0,0.0,0.0,1.0,0,0,1,1,1,1,1
126767,CHICAGO,XX,60613,36.9,0.0,2.0,0.0,1,30,1,2005.0,3,1,2,3.0,25,2,1,1,1,5,1,1,1,0,3,2,9,1,8,2020,1.0,0.0,0.0,0.0,2.0,0,0,1,1,1,1,1
126769,CHICAGO,IL,60657,46.0,-1.0,12.0,2.0,1,30,1,2005.0,3,1,2,3.0,25,2,1,1,1,5,1,1,1,0,3,2,9,1,8,2020,0.0,0.0,0.0,0.0,2.0,0,0,1,1,1,1,1
126777,CHICAGO,XX,60657,36.9,0.0,3.0,0.0,1,6,56,2011.0,4,2,1,1.0,35,1,1,1,2,1,0,1,1,0,1,2,0,1,8,2020,1.0,0.0,0.0,0.0,2.0,0,1,0,1,1,1,0
126778,CHICAGO,XX,60657,36.9,0.0,3.0,0.0,1,1,135,2003.0,4,3,1,4.0,35,1,1,1,2,1,0,1,1,0,1,2,0,1,8,2020,1.0,0.0,0.0,0.0,2.0,0,1,0,1,1,1,0
126779,CHICAGO,IL,60628,36.9,0.0,0.0,0.0,1,6,56,2011.0,4,2,1,1.0,35,1,1,1,2,1,0,1,1,0,1,2,0,1,8,2020,1.0,0.0,0.0,0.0,2.0,0,1,0,1,1,1,0
126780,CHICAGO,IL,60628,36.9,0.0,0.0,0.0,1,1,135,2003.0,4,3,1,4.0,35,1,1,1,2,1,0,1,1,0,1,2,0,1,8,2020,1.0,0.0,0.0,0.0,2.0,0,1,0,1,1,1,0
126818,CHICAGO,IL,60639,31.0,0.0,3.0,0.0,1,1,363,1985.0,1,3,1,1.0,35,1,1,2,1,1,1,1,2,0,1,2,12,1,8,2020,1.0,0.0,0.0,0.0,2.0,0,0,1,1,1,1,1
126819,CHICAGO,IL,60639,31.0,0.0,3.0,0.0,1,4,11,2019.0,1,2,1,5.0,35,1,1,2,1,1,1,1,2,0,1,2,12,1,8,2020,1.0,0.0,0.0,0.0,2.0,0,0,1,1,1,1,1
126820,CHICAGO,IL,60621,45.0,0.0,0.0,0.0,1,1,363,1985.0,1,3,1,1.0,35,1,1,2,1,1,1,1,2,0,1,2,12,1,8,2020,1.0,0.0,0.0,0.0,2.0,0,0,1,1,1,1,1
126821,CHICAGO,IL,60621,45.0,0.0,0.0,0.0,1,4,11,2019.0,1,2,1,5.0,35,1,1,2,1,1,1,1,2,0,1,2,12,1,8,2020,1.0,0.0,0.0,0.0,2.0,0,0,1,1,1,1,1
126940,ORLANDO_PARK,IL,60467,40.0,0.0,0.0,0.0,1,4,5,2009.0,1,3,1,1.0,30,1,1,1,1,3,5,1,1,0,1,2,13,1,8,2020,0.0,1.0,0.0,0.0,0.0,0,1,0,1,1,1,0
126941,ORLANDO_PARK,IL,60467,40.0,0.0,0.0,0.0,1,7,10,2019.0,2,3,3,2.0,30,1,1,1,1,3,5,1,1,0,1,2,13,1,8,2020,0.0,1.0,0.0,0.0,0.0,0,1,0,1,1,1,0
127342,UNKNOWN,XX,0,36.0,0.0,2.0,0.0,1,-1,1,2010.0,4,2,1,1.0,30,2,1,2,1,3,0,1,2,0,2,2,18,1,8,2020,1.0,0.0,0.0,0.0,1.0,0,1,0,0,1,1,1
127343,UNKNOWN,XX,0,36.0,0.0,2.0,0.0,1,4,11,2015.0,1,2,3,2.0,30,2,1,2,1,3,0,1,2,0,2,2,18,1,8,2020,1.0,0.0,0.0,0.0,1.0,0,1,0,0,1,1,1
127344,CHICAGO,IL,60629,42.0,0.0,0.0,0.0,1,-1,1,2010.0,4,2,1,1.0,30,2,1,2,1,3,0,1,2,0,2,2,18,1,8,2020,1.0,0.0,0.0,0.0,1.0,0,1,0,0,1,1,1
127345,CHICAGO,IL,60629,42.0,0.0,0.0,0.0,1,4,11,2015.0,1,2,3,2.0,30,2,1,2,1,3,0,1,2,0,2,2,18,1,8,2020,1.0,0.0,0.0,0.0,1.0,0,1,0,0,1,1,1
127458,UNKNOWN,XX,0,36.0,0.0,3.0,0.0,1,9,1,2018.0,-1,1,1,-1.0,30,1,1,1,2,1,0,1,2,-1,2,2,21,1,8,2020,1.0,0.0,0.0,0.0,1.0,0,0,1,0,1,1,1
127459,UNKNOWN,XX,0,36.0,0.0,3.0,0.0,1,28,45,2007.0,5,4,1,7.0,30,1,1,1,2,1,0,1,2,-1,2,2,21,1,8,2020,1.0,0.0,0.0,0.0,1.0,0,0,1,0,1,1,1
127460,BELLWOOD,IL,60104,57.0,0.0,-1.0,0.0,1,9,1,2018.0,-1,1,1,-1.0,30,1,1,1,2,1,0,1,2,-1,2,2,21,1,8,2020,1.0,0.0,0.0,0.0,1.0,0,0,1,0,1,1,1
127461,BELLWOOD,IL,60104,57.0,0.0,-1.0,0.0,1,28,45,2007.0,5,4,1,7.0,30,1,1,1,2,1,0,1,2,-1,2,2,21,1,8,2020,1.0,0.0,0.0,0.0,1.0,0,0,1,0,1,1,1
127529,PARK_RIDGE,IL,60068,47.0,0.0,0.0,0.0,1,16,244,2019.0,1,1,1,4.0,30,1,1,1,1,4,0,1,1,0,2,2,10,7,7,2020,0.0,1.0,0.0,0.0,0.0,0,1,0,0,1,1,1
127551,PARK_RIDGE,IL,60068,38.0,0.0,2.0,0.0,1,12,53,2010.0,1,4,1,1.0,30,2,1,1,1,1,2,1,1,0,2,2,10,7,7,2020,1.0,0.0,0.0,0.0,3.0,0,0,1,1,1,1,1
127552,PARK_RIDGE,IL,60068,38.0,0.0,2.0,0.0,1,3,3,2009.0,1,6,1,11.0,30,2,1,1,1,1,2,1,1,0,2,2,10,7,7,2020,1.0,0.0,0.0,0.0,3.0,0,0,1,1,1,1,1