index,CITY,STATE,ZIPCODE,AGE,EJECTION,DRIVER_ACTION,BAC_RESULT,UNIT_TYPE,MAKE,MODEL,VEHICLE_YEAR,VEHICLE_TYPE,TRAVEL_DIRECTION,MANEUVER,FIRST_CONTACT_POINT,POSTED_SPEED_LIMIT,TRAFFIC_CONTROL_DEVICE,DEVICE_CONDITION,WEATHER_CONDITION,LIGHTING_CONDITION,FIRST_CRASH_TYPE,TRAFFICWAY_TYPE,ALIGNMENT,ROADWAY_SURFACE_COND,ROAD_DEFECT,STREET_DIRECTION,NUM_UNITS,CRASH_HOUR,CRASH_DAY_OF_WEEK,CRASH_MONTH,CRASH_YEAR,FATAL_INBOTH,FATAL_CARPPL,FATAL_OTHPPL,FATAL_INAUTO,FATAL_DEGREE,DAMAGE_500_OR_LESS,DAMAGE_501_1500,DAMAGE_OVER_1500,SEX,INTERSECTION_RELATED,HIT_AND_RUN,REPORTYPE
127553,DES_PLAINES,IL,60016,69.0,0.0,0.0,0.0,1,12,53,2010.0,1,4,1,1.0,30,2,1,1,1,1,2,1,1,0,2,2,10,7,7,2020,1.0,0.0,0.0,0.0,3.0,0,0,1,1,1,1,1
127554,DES_PLAINES,IL,60016,69.0,0.0,0.0,0.0,1,3,3,2009.0,1,6,1,11.0,30,2,1,1,1,1,2,1,1,0,2,2,10,7,7,2020,1.0,0.0,0.0,0.0,3.0,0,0,1,1,1,1,1
127675,DES_PLAINES,IL,60016,36.9,-1.0,-1.0,0.0,1,16,103,2000.0,2,3,1,5.0,30,1,1,1,2,2,1,1,1,0,1,2,3,7,7,2020,1.0,0.0,0.0,0.0,2.0,0,0,1,0,1,0,0
127676,DES_PLAINES,IL,60016,36.9,-1.0,-1.0,0.0,1,1,1,2015.0,1,2,4,1.0,30,1,1,1,2,2,1,1,1,0,1,2,3,7,7,2020,1.0,0.0,0.0,0.0,2.0,0,0,1,0,1,0,0
127677,DES_PLAINES,IL,60016,36.9,-1.0,-1.0,0.0,1,16,103,2000.0,2,3,1,5.0,30,1,1,1,2,2,1,1,1,0,1,2,3,7,7,2020,1.0,0.0,0.0,0.0,2.0,0,0,1,0,1,0,0
127678,CHICAGO,IL,60629,48.0,0.0,0.0,0.0,1,-1,1,2011.0,-1,4,-1,1.0,30,1,1,1,2,2,1,1,1,0,1,2,3,7,7,2020,1.0,0.0,0.0,0.0,2.0,0,0,1,1,1,0,0
127679,CHICAGO,IL,60629,48.0,0.0,0.0,0.0,1,16,103,2000.0,2,3,1,5.0,30,1,1,1,2,2,1,1,1,0,1,2,3,7,7,2020,1.0,0.0,0.0,0.0,2.0,0,0,1,1,1,0,0
127680,CHICAGO,IL,60629,48.0,0.0,0.0,0.0,1,1,1,2015.0,1,2,4,1.0,30,1,1,1,2,2,1,1,1,0,1,2,3,7,7,2020,1.0,0.0,0.0,0.0,2.0,0,0,1,1,1,0,0
127681,CHICAGO,IL,60629,48.0,0.0,0.0,0.0,1,16,103,2000.0,2,3,1,5.0,30,1,1,1,2,2,1,1,1,0,1,2,3,7,7,2020,1.0,0.0,0.0,0.0,2.0,0,0,1,1,1,0,0
127682,PARK_FOREST,IL,60466,28.0,0.0,0.0,0.0,1,-1,1,2011.0,-1,4,-1,1.0,30,1,1,1,2,2,1,1,1,0,1,2,3,7,7,2020,1.0,0.0,0.0,0.0,2.0,0,0,1,0,1,0,0
127683,PARK_FOREST,IL,60466,28.0,0.0,0.0,0.0,1,16,103,2000.0,2,3,1,5.0,30,1,1,1,2,2,1,1,1,0,1,2,3,7,7,2020,1.0,0.0,0.0,0.0,2.0,0,0,1,0,1,0,0
127684,PARK_FOREST,IL,60466,28.0,0.0,0.0,0.0,1,1,1,2015.0,1,2,4,1.0,30,1,1,1,2,2,1,1,1,0,1,2,3,7,7,2020,1.0,0.0,0.0,0.0,2.0,0,0,1,0,1,0,0
127685,PARK_FOREST,IL,60466,28.0,0.0,0.0,0.0,1,16,103,2000.0,2,3,1,5.0,30,1,1,1,2,2,1,1,1,0,1,2,3,7,7,2020,1.0,0.0,0.0,0.0,2.0,0,0,1,0,1,0,0
127686,CHICAGO,IL,60629,48.0,0.0,0.0,0.0,1,-1,1,2011.0,-1,4,-1,1.0,30,1,1,1,2,2,1,1,1,0,1,2,3,7,7,2020,1.0,0.0,0.0,0.0,2.0,0,0,1,1,1,0,0
127687,CHICAGO,IL,60629,48.0,0.0,0.0,0.0,1,16,103,2000.0,2,3,1,5.0,30,1,1,1,2,2,1,1,1,0,1,2,3,7,7,2020,1.0,0.0,0.0,0.0,2.0,0,0,1,1,1,0,0
127688,CHICAGO,IL,60629,48.0,0.0,0.0,0.0,1,1,1,2015.0,1,2,4,1.0,30,1,1,1,2,2,1,1,1,0,1,2,3,7,7,2020,1.0,0.0,0.0,0.0,2.0,0,0,1,1,1,0,0
127689,CHICAGO,IL,60629,48.0,0.0,0.0,0.0,1,16,103,2000.0,2,3,1,5.0,30,1,1,1,2,2,1,1,1,0,1,2,3,7,7,2020,1.0,0.0,0.0,0.0,2.0,0,0,1,1,1,0,0
127760,DES_PLAINES,IL,60016,38.0,0.0,2.0,0.0,1,11,133,2004.0,2,1,1,1.0,30,1,1,3,1,9,5,1,1,0,1,2,15,7,7,2020,1.0,0.0,0.0,0.0,3.0,0,1,0,0,1,1,1
127762,CHICAGO,IL,60629,52.0,1.0,3.0,0.0,1,11,133,2004.0,2,1,1,1.0,30,1,1,3,1,9,5,1,1,0,1,2,15,7,7,2020,0.0,0.0,0.0,1.0,3.0,0,1,0,0,1,1,1
127980,CHICAGO,IL,60617,36.9,0.0,2.0,0.0,1,3,40,2011.0,1,1,2,6.0,30,1,1,1,1,9,2,1,1,0,2,2,19,7,7,2020,1.0,0.0,0.0,0.0,2.0,0,0,1,0,1,1,1
127982,CHICAGO,IL,60616,21.0,1.0,0.0,0.0,1,3,40,2011.0,1,1,2,6.0,30,1,1,1,1,9,2,1,1,0,2,2,19,7,7,2020,0.0,0.0,0.0,1.0,2.0,0,0,1,0,1,1,1
128144,CHICAGO,IL,60651,36.9,0.0,-1.0,0.0,1,1,89,2017.0,1,3,1,1.0,30,2,1,1,2,3,3,1,1,0,3,2,22,7,7,2020,1.0,0.0,0.0,0.0,2.0,1,0,0,0,1,1,1
128145,CHICAGO,IL,60651,36.9,0.0,-1.0,0.0,1,3,12,1994.0,1,3,7,2.0,30,2,1,1,2,3,3,1,1,0,3,2,22,7,7,2020,1.0,0.0,0.0,0.0,2.0,1,0,0,0,1,1,1
128146,CHICAGO,IL,60634,26.0,0.0,0.0,0.0,1,1,89,2017.0,1,3,1,1.0,30,2,1,1,2,3,3,1,1,0,3,2,22,7,7,2020,1.0,0.0,0.0,0.0,2.0,1,0,0,0,1,1,1
128147,CHICAGO,IL,60634,26.0,0.0,0.0,0.0,1,3,12,1994.0,1,3,7,2.0,30,2,1,1,2,3,3,1,1,0,3,2,22,7,7,2020,1.0,0.0,0.0,0.0,2.0,1,0,0,0,1,1,1
128158,CHICAGO,IL,60634,36.0,0.0,4.0,0.0,1,7,10,2010.0,2,2,3,3.0,30,1,1,1,2,3,0,1,1,0,4,2,20,7,7,2020,1.0,0.0,0.0,0.0,1.0,0,0,1,1,1,1,0
128159,CHICAGO,IL,60634,36.0,0.0,4.0,0.0,1,7,10,2000.0,2,2,3,10.0,30,1,1,1,2,3,0,1,1,0,4,2,20,7,7,2020,1.0,0.0,0.0,0.0,1.0,0,0,1,1,1,1,0
128160,CHICAGO,IL,60628,20.0,0.0,0.0,0.0,1,7,10,2010.0,2,2,3,3.0,30,1,1,1,2,3,0,1,1,0,4,2,20,7,7,2020,1.0,0.0,0.0,0.0,1.0,0,0,1,0,1,1,0
128161,CHICAGO,IL,60628,20.0,0.0,0.0,0.0,1,7,10,2000.0,2,2,3,10.0,30,1,1,1,2,3,0,1,1,0,4,2,20,7,7,2020,1.0,0.0,0.0,0.0,1.0,0,0,1,0,1,1,0
128177,CHICAGO,IL,60610,62.0,0.0,5.0,0.0,1,7,25,2016.0,2,2,4,4.0,30,1,1,1,5,2,9,1,1,0,2,2,5,7,7,2020,0.0,1.0,0.0,0.0,0.0,0,0,1,1,1,1,0
128655,CHICAGO,IL,60610,36.9,0.0,0.0,0.0,1,1,27,2002.0,1,3,1,1.0,35,0,0,1,1,3,2,1,2,0,1,2,16,1,8,2020,1.0,0.0,0.0,0.0,2.0,1,0,0,1,1,1,1
128656,CHICAGO,IL,60610,36.9,0.0,0.0,0.0,1,3,57,2009.0,2,3,1,2.0,35,0,0,1,1,3,2,1,2,0,1,2,16,1,8,2020,1.0,0.0,0.0,0.0,2.0,1,0,0,1,1,1,1
128657,SUMMIT_ARGO,IL,60501,41.0,0.0,0.0,0.0,1,1,27,2002.0,1,3,1,1.0,35,0,0,1,1,3,2,1,2,0,1,2,16,1,8,2020,1.0,0.0,0.0,0.0,2.0,1,0,0,1,1,1,1
128658,SUMMIT_ARGO,IL,60501,41.0,0.0,0.0,0.0,1,3,57,2009.0,2,3,1,2.0,35,0,0,1,1,3,2,1,2,0,1,2,16,1,8,2020,1.0,0.0,0.0,0.0,2.0,1,0,0,1,1,1,1
128763,MOUNT_PROSPECT,IL,60056,40.0,0.0,0.0,0.0,1,12,172,2017.0,1,2,1,6.0,30,2,1,2,1,1,1,1,2,0,4,2,19,1,8,2020,0.0,1.0,0.0,0.0,0.0,0,1,0,1,1,1,1
128894,CHICAGO,IL,60637,36.9,0.0,-1.0,0.0,1,26,1,2011.0,-1,4,-1,-1.0,30,1,1,1,1,9,1,1,1,0,2,2,6,2,8,2020,1.0,0.0,0.0,0.0,2.0,1,0,0,0,0,1,0
128896,CHICAGO,IL,60637,56.0,-1.0,-1.0,0.0,1,26,1,2011.0,-1,4,-1,-1.0,30,1,1,1,1,9,1,1,1,0,2,2,6,2,8,2020,0.0,0.0,0.0,1.0,2.0,1,0,0,1,0,1,0
129077,CHICAGO,IL,60637,36.0,0.0,1.0,0.0,1,-1,1,2010.0,1,3,1,1.0,30,0,0,1,1,1,0,1,1,0,2,2,12,2,8,2020,1.0,0.0,0.0,0.0,1.0,0,0,1,0,1,1,0
129078,CHICAGO,IL,60637,36.0,0.0,1.0,0.0,1,14,101,2008.0,1,4,1,6.0,30,0,0,1,1,1,0,1,1,0,2,2,12,2,8,2020,1.0,0.0,0.0,0.0,1.0,0,0,1,0,1,1,0
129079,BERWYN,IL,60402,36.0,0.0,0.0,0.0,1,-1,1,2010.0,1,3,1,1.0,30,0,0,1,1,1,0,1,1,0,2,2,12,2,8,2020,1.0,0.0,0.0,0.0,1.0,0,0,1,1,1,1,0
129080,BERWYN,IL,60402,36.0,0.0,0.0,0.0,1,14,101,2008.0,1,4,1,6.0,30,0,0,1,1,1,0,1,1,0,2,2,12,2,8,2020,1.0,0.0,0.0,0.0,1.0,0,0,1,1,1,1,0
129237,CHICAGO,IL,60637,38.0,0.0,5.0,0.0,1,26,185,2010.0,-1,3,2,3.0,30,1,1,1,1,2,1,1,1,0,3,2,15,2,8,2020,1.0,0.0,0.0,0.0,3.0,0,0,1,1,1,1,1
129238,CHICAGO,IL,60637,38.0,0.0,5.0,0.0,1,5,23,2007.0,2,1,1,1.0,30,1,1,1,1,2,1,1,1,0,3,2,15,2,8,2020,1.0,0.0,0.0,0.0,3.0,0,0,1,1,1,1,1
129239,CHICAGO,IL,60644,36.0,0.0,0.0,0.0,1,26,185,2010.0,-1,3,2,3.0,30,1,1,1,1,2,1,1,1,0,3,2,15,2,8,2020,1.0,0.0,0.0,0.0,3.0,0,0,1,0,1,1,1
129240,CHICAGO,IL,60644,36.0,0.0,0.0,0.0,1,5,23,2007.0,2,1,1,1.0,30,1,1,1,1,2,1,1,1,0,3,2,15,2,8,2020,1.0,0.0,0.0,0.0,3.0,0,0,1,0,1,1,1
129316,CHICAGO,IL,60636,31.0,0.0,0.0,0.0,1,3,3,2012.0,1,3,2,6.0,30,0,0,1,1,2,2,1,1,0,1,2,15,2,8,2020,0.0,1.0,0.0,0.0,0.0,0,0,1,0,1,1,0
129358,CHICAGO,IL,60636,36.9,0.0,2.0,0.0,1,1,1,2013.0,2,3,1,-1.0,30,-1,-1,1,1,9,1,1,1,0,1,2,16,2,8,2020,1.0,0.0,0.0,0.0,2.0,1,0,0,0,1,1,1
129360,CHICAGO,IL,60636,19.0,-1.0,0.0,0.0,1,1,1,2013.0,2,3,1,-1.0,30,-1,-1,1,1,9,1,1,1,0,1,2,16,2,8,2020,0.0,0.0,0.0,1.0,2.0,1,0,0,1,1,1,1
129504,CHICAGO,IL,60624,57.0,-1.0,0.0,0.0,1,24,1,2011.0,-1,1,-1,-1.0,30,1,1,1,1,5,1,1,1,0,2,2,18,2,8,2020,0.0,0.0,0.0,0.0,2.0,0,1,0,1,1,1,1
129614,CHICAGO,IL,60609,36.9,0.0,-1.0,0.0,1,7,59,2018.0,-1,3,1,-1.0,30,1,1,1,2,5,0,1,1,0,3,2,0,1,7,2020,1.0,0.0,0.0,0.0,2.0,0,0,1,0,1,1,1
129616,CHICAGO,IL,60609,15.0,-1.0,-1.0,0.0,1,7,59,2018.0,-1,3,1,-1.0,30,1,1,1,2,5,0,1,1,0,3,2,0,1,7,2020,0.0,0.0,0.0,0.0,2.0,0,0,1,1,1,1,1
129632,CHICAGO,IL,60629,33.0,0.0,0.0,0.0,1,4,11,2018.0,1,3,1,5.0,30,1,1,1,2,2,2,4,1,0,1,2,0,1,7,2020,1.0,0.0,0.0,0.0,0.0,0,0,1,1,1,1,1
129645,CHICAGO,IL,60629,55.0,0.0,0.0,0.0,1,5,23,2002.0,1,4,1,10.0,30,0,0,2,5,7,0,1,2,0,1,3,6,1,7,2020,1.0,0.0,0.0,0.0,0.0,0,0,1,1,1,1,1
129646,CHICAGO,IL,60629,55.0,0.0,0.0,0.0,2,2,19,2004.0,1,2,5,5.0,30,0,0,2,5,7,0,1,2,0,1,3,6,1,7,2020,1.0,0.0,0.0,0.0,0.0,0,0,1,1,1,1,1
129705,CHICAGO,IL,60629,36.9,0.0,-1.0,0.0,1,1,1,2006.0,1,2,1,-1.0,30,2,0,2,1,1,1,1,2,-1,1,2,7,1,7,2020,1.0,0.0,0.0,0.0,2.0,0,0,1,0,1,1,1
129706,CHICAGO,IL,60629,36.9,0.0,-1.0,0.0,1,5,13,2002.0,-1,3,1,8.0,30,2,0,2,1,1,1,1,2,-1,1,2,7,1,7,2020,1.0,0.0,0.0,0.0,2.0,0,0,1,0,1,1,1
129707,CHICAGO,IL,60609,19.0,0.0,-1.0,0.0,1,1,1,2006.0,1,2,1,-1.0,30,2,0,2,1,1,1,1,2,-1,1,2,7,1,7,2020,1.0,0.0,0.0,0.0,2.0,0,0,1,1,1,1,1
129708,CHICAGO,IL,60609,19.0,0.0,-1.0,0.0,1,5,13,2002.0,-1,3,1,8.0,30,2,0,2,1,1,1,1,2,-1,1,2,7,1,7,2020,1.0,0.0,0.0,0.0,2.0,0,0,1,1,1,1,1
129997,CHICAGO,IL,60620,73.0,0.0,0.0,0.0,1,2,9,2005.0,1,2,3,2.0,30,2,1,1,1,3,0,1,1,0,2,2,15,1,7,2020,0.0,1.0,0.0,0.0,0.0,1,0,0,1,0,1,1
130223,CHICAGO,IL,60651,36.9,0.0,3.0,0.0,1,12,172,2010.0,1,4,1,1.0,30,1,1,1,2,1,1,1,1,0,4,2,23,1,7,2020,1.0,0.0,0.0,0.0,2.0,0,0,1,0,1,1,1
130224,CHICAGO,IL,60651,36.9,0.0,3.0,0.0,1,4,11,2018.0,1,3,1,5.0,30,1,1,1,2,1,1,1,1,0,4,2,23,1,7,2020,1.0,0.0,0.0,0.0,2.0,0,0,1,0,1,1,1
130225,CHICAGO,IL,60637,38.0,0.0,0.0,0.0,1,12,172,2010.0,1,4,1,1.0,30,1,1,1,2,1,1,1,1,0,4,2,23,1,7,2020,1.0,0.0,0.0,0.0,2.0,0,0,1,1,1,1,1
130226,CHICAGO,IL,60637,38.0,0.0,0.0,0.0,1,4,11,2018.0,1,3,1,5.0,30,1,1,1,2,1,1,1,1,0,4,2,23,1,7,2020,1.0,0.0,0.0,0.0,2.0,0,0,1,1,1,1,1
130246,CHICAGO,IL,60609,40.0,0.0,0.0,0.0,1,2,8,2016.0,1,3,6,1.0,30,1,1,1,2,6,5,1,1,0,1,2,23,1,7,2020,1.0,0.0,0.0,0.0,0.0,0,0,1,0,1,1,1
130247,CHICAGO,IL,60609,40.0,0.0,0.0,0.0,1,4,100,2006.0,2,1,1,4.0,30,1,1,1,2,6,5,1,1,0,1,2,23,1,7,2020,1.0,0.0,0.0,0.0,0.0,0,0,1,0,1,1,1
130453,CHICAGO,IL,60646,17.0,0.0,1.0,0.0,1,5,13,2013.0,1,1,4,3.0,30,1,1,1,2,2,1,1,1,0,3,2,2,7,8,2020,0.0,1.0,0.0,0.0,0.0,0,1,0,0,1,1,1
130515,HAZEL_CREST,IL,60429,33.0,0.0,0.0,0.0,1,7,10,2017.0,1,1,1,7.0,30,1,1,2,1,3,0,1,2,0,1,2,17,1,8,2020,0.0,1.0,0.0,0.0,0.0,1,0,0,1,1,0,0
130516,HAZEL_CREST,IL,60429,33.0,0.0,0.0,0.0,1,5,7,2000.0,1,1,1,4.0,30,1,1,2,1,3,0,1,2,0,1,2,17,1,8,2020,0.0,1.0,0.0,0.0,0.0,1,0,0,1,1,0,0
130517,CHICAGO,IL,60620,24.0,0.0,0.0,0.0,1,7,10,2017.0,1,1,1,7.0,30,1,1,2,1,3,0,1,2,0,1,2,17,1,8,2020,0.0,1.0,0.0,0.0,0.0,1,0,0,0,1,0,0
130518,CHICAGO,IL,60620,24.0,0.0,0.0,0.0,1,5,7,2000.0,1,1,1,4.0,30,1,1,2,1,3,0,1,2,0,1,2,17,1,8,2020,0.0,1.0,0.0,0.0,0.0,1,0,0,0,1,0,0
130564,CHICAGO,IL,60617,47.0,0.0,0.0,0.0,1,20,134,2017.0,1,4,1,11.0,30,1,1,2,2,2,5,1,2,0,4,2,23,7,8,2020,0.0,1.0,0.0,0.0,0.0,0,0,1,0,1,1,0
130593,CHICAGO,IL,60647,30.0,0.0,6.0,0.0,1,16,348,2006.0,1,1,1,1.0,30,1,1,1,1,1,1,1,1,0,2,2,10,2,8,2020,1.0,0.0,0.0,0.0,2.0,0,0,1,1,1,1,1
130594,CHICAGO,IL,60647,30.0,0.0,6.0,0.0,1,4,239,2015.0,3,4,1,3.0,30,1,1,1,1,1,1,1,1,0,2,2,10,2,8,2020,1.0,0.0,0.0,0.0,2.0,0,0,1,1,1,1,1
130595,CHICAGO,IL,60641,31.0,0.0,0.0,0.0,1,16,348,2006.0,1,1,1,1.0,30,1,1,1,1,1,1,1,1,0,2,2,10,2,8,2020,1.0,0.0,0.0,0.0,2.0,0,0,1,1,1,1,1
130596,CHICAGO,IL,60641,31.0,0.0,0.0,0.0,1,4,239,2015.0,3,4,1,3.0,30,1,1,1,1,1,1,1,1,0,2,2,10,2,8,2020,1.0,0.0,0.0,0.0,2.0,0,0,1,1,1,1,1
131028,CHICAGO,IL,60651,19.0,0.0,0.0,0.0,1,4,33,2019.0,1,2,1,3.0,30,2,0,1,1,1,3,1,1,0,3,2,12,3,8,2020,0.0,1.0,0.0,0.0,0.0,0,1,0,0,1,1,1
131283,CHICAGO,IL,60615,36.9,0.0,3.0,0.0,1,-1,1,2011.0,3,3,1,3.0,35,1,1,1,1,1,1,1,1,0,2,2,17,3,8,2020,1.0,0.0,0.0,0.0,2.0,0,1,0,1,1,1,1
131284,CHICAGO,IL,60615,36.9,0.0,3.0,0.0,1,28,45,2006.0,5,4,1,4.0,35,1,1,1,1,1,1,1,1,0,2,2,17,3,8,2020,1.0,0.0,0.0,0.0,2.0,0,1,0,1,1,1,1
131285,CHICAGO,IL,60654,54.0,0.0,0.0,0.0,1,-1,1,2011.0,3,3,1,3.0,35,1,1,1,1,1,1,1,1,0,2,2,17,3,8,2020,1.0,0.0,0.0,0.0,2.0,0,1,0,1,1,1,1
131286,CHICAGO,IL,60654,54.0,0.0,0.0,0.0,1,28,45,2006.0,5,4,1,4.0,35,1,1,1,1,1,1,1,1,0,2,2,17,3,8,2020,1.0,0.0,0.0,0.0,2.0,0,1,0,1,1,1,1
131670,CHICAGO,IL,60628,48.0,0.0,2.0,0.0,1,6,22,2000.0,3,1,1,1.0,30,1,1,1,1,3,0,1,1,-1,1,3,8,2,7,2020,1.0,0.0,0.0,0.0,1.0,0,0,1,1,1,1,1
131671,CHICAGO,IL,60628,48.0,0.0,2.0,0.0,1,1,43,2005.0,1,1,3,2.0,30,1,1,1,1,3,0,1,1,-1,1,3,8,2,7,2020,1.0,0.0,0.0,0.0,1.0,0,0,1,1,1,1,1
131672,CHICAGO,IL,60628,48.0,0.0,2.0,0.0,1,-1,88,2010.0,-1,1,3,2.0,30,1,1,1,1,3,0,1,1,-1,1,3,8,2,7,2020,1.0,0.0,0.0,0.0,1.0,0,0,1,1,1,1,1
131673,CHICAGO,IL,60628,55.0,0.0,1.0,0.0,1,6,22,2000.0,3,1,1,1.0,30,1,1,1,1,3,0,1,1,-1,1,3,8,2,7,2020,1.0,0.0,0.0,0.0,1.0,0,0,1,0,1,1,1
131674,CHICAGO,IL,60628,55.0,0.0,1.0,0.0,1,1,43,2005.0,1,1,3,2.0,30,1,1,1,1,3,0,1,1,-1,1,3,8,2,7,2020,1.0,0.0,0.0,0.0,1.0,0,0,1,0,1,1,1
131675,CHICAGO,IL,60628,55.0,0.0,1.0,0.0,1,-1,88,2010.0,-1,1,3,2.0,30,1,1,1,1,3,0,1,1,-1,1,3,8,2,7,2020,1.0,0.0,0.0,0.0,1.0,0,0,1,0,1,1,1
131676,CHICAGO,IL,60628,36.0,-1.0,-1.0,0.0,1,6,22,2000.0,3,1,1,1.0,30,1,1,1,1,3,0,1,1,-1,1,3,8,2,7,2020,1.0,0.0,0.0,0.0,1.0,0,0,1,0,1,1,1
131677,CHICAGO,IL,60628,36.0,-1.0,-1.0,0.0,1,1,43,2005.0,1,1,3,2.0,30,1,1,1,1,3,0,1,1,-1,1,3,8,2,7,2020,1.0,0.0,0.0,0.0,1.0,0,0,1,0,1,1,1
131678,CHICAGO,IL,60628,36.0,-1.0,-1.0,0.0,1,-1,88,2010.0,-1,1,3,2.0,30,1,1,1,1,3,0,1,1,-1,1,3,8,2,7,2020,1.0,0.0,0.0,0.0,1.0,0,0,1,0,1,1,1
131765,CHICAGO,IL,60651,49.0,0.0,8.0,0.0,1,9,17,2012.0,1,3,17,5.0,30,1,1,1,1,4,3,1,1,0,1,2,13,2,7,2020,0.0,1.0,0.0,0.0,0.0,0,1,0,0,1,1,0
131766,CHICAGO,IL,60651,49.0,0.0,8.0,0.0,1,1,14,2010.0,2,3,1,4.0,30,1,1,1,1,4,3,1,1,0,1,2,13,2,7,2020,0.0,1.0,0.0,0.0,0.0,0,1,0,0,1,1,0
132332,CHICAGO,IL,60624,25.0,0.0,0.0,0.0,1,8,15,2015.0,1,1,1,2.0,30,1,1,2,3,3,0,1,2,0,1,2,0,1,8,2020,0.0,1.0,0.0,0.0,0.0,0,1,0,1,1,1,0
132419,CHICAGO,IL,60639,45.0,0.0,0.0,0.0,1,7,10,2003.0,2,2,3,6.0,30,2,1,2,4,1,0,1,2,0,3,2,19,2,8,2020,0.0,1.0,0.0,0.0,0.0,0,0,1,1,1,1,0
132420,CHICAGO,IL,60639,45.0,0.0,0.0,0.0,1,1,20,2016.0,1,1,1,1.0,30,2,1,2,4,1,0,1,2,0,3,2,19,2,8,2020,0.0,1.0,0.0,0.0,0.0,0,0,1,1,1,1,0
132549,CHICAGO,IL,60639,36.0,0.0,0.0,0.0,1,2,9,2010.0,2,3,2,6.0,30,1,1,-1,1,9,2,1,-1,0,3,2,11,1,8,2020,0.0,0.0,0.0,1.0,3.0,0,0,1,1,1,1,0
132941,CHICAGO,IL,60623,42.0,0.0,-1.0,0.0,1,9,17,2018.0,1,4,6,4.0,30,0,-1,1,1,2,0,1,1,-1,2,2,7,3,8,2020,1.0,0.0,0.0,0.0,2.0,0,0,1,1,1,0,0
132942,CHICAGO,IL,60623,42.0,0.0,-1.0,0.0,1,19,170,2010.0,1,2,2,4.0,30,0,-1,1,1,2,0,1,1,-1,2,2,7,3,8,2020,1.0,0.0,0.0,0.0,2.0,0,0,1,1,1,0,0
132943,CHICAGO,IL,60608,30.0,0.0,-1.0,0.0,1,9,17,2018.0,1,4,6,4.0,30,0,-1,1,1,2,0,1,1,-1,2,2,7,3,8,2020,1.0,0.0,0.0,0.0,2.0,0,0,1,0,1,0,0
132944,CHICAGO,IL,60608,30.0,0.0,-1.0,0.0,1,19,170,2010.0,1,2,2,4.0,30,0,-1,1,1,2,0,1,1,-1,2,2,7,3,8,2020,1.0,0.0,0.0,0.0,2.0,0,0,1,0,1,0,0
133360,UNKNOWN,XX,0,36.0,0.0,9.0,0.0,1,7,119,2010.0,2,1,6,-1.0,30,2,1,1,2,4,3,1,1,0,1,2,21,4,7,2020,1.0,0.0,0.0,0.0,1.0,0,1,0,0,1,1,0
133361,UNKNOWN,XX,0,36.0,0.0,9.0,0.0,1,3,3,2011.0,1,1,3,5.0,30,2,1,1,2,4,3,1,1,0,1,2,21,4,7,2020,1.0,0.0,0.0,0.0,1.0,0,1,0,0,1,1,0
133362,CHICAGO,IL,60649,48.0,0.0,0.0,0.0,1,7,119,2010.0,2,1,6,-1.0,30,2,1,1,2,4,3,1,1,0,1,2,21,4,7,2020,1.0,0.0,0.0,0.0,1.0,0,1,0,1,1,1,0
133363,CHICAGO,IL,60649,48.0,0.0,0.0,0.0,1,3,3,2011.0,1,1,3,5.0,30,2,1,1,2,4,3,1,1,0,1,2,21,4,7,2020,1.0,0.0,0.0,0.0,1.0,0,1,0,1,1,1,0
133370,CHICAGO,IL,60649,23.0,0.0,0.0,0.0,1,27,1,2008.0,1,2,1,1.0,30,2,1,1,2,3,2,1,1,0,2,2,19,4,8,2020,0.0,1.0,0.0,0.0,0.0,0,0,1,0,1,1,0
133371,CHICAGO,IL,60649,23.0,0.0,0.0,0.0,1,9,167,2005.0,1,2,3,2.0,30,2,1,1,2,3,2,1,1,0,2,2,19,4,8,2020,0.0,1.0,0.0,0.0,0.0,0,0,1,0,1,1,0
133489,UNKNOWN,XX,0,36.9,0.0,4.0,0.0,1,24,96,2018.0,1,3,1,1.0,40,1,1,1,1,3,6,1,1,0,1,2,10,3,7,2020,1.0,0.0,0.0,0.0,2.0,0,1,0,1,1,1,1
133490,UNKNOWN,XX,0,36.9,0.0,4.0,0.0,1,5,7,2012.0,1,3,9,2.0,40,1,1,1,1,3,6,1,1,0,1,2,10,3,7,2020,1.0,0.0,0.0,0.0,2.0,0,1,0,1,1,1,1
133491,DOLTON,IL,60419,35.0,0.0,0.0,0.0,1,24,96,2018.0,1,3,1,1.0,40,1,1,1,1,3,6,1,1,0,1,2,10,3,7,2020,1.0,0.0,0.0,0.0,2.0,0,1,0,0,1,1,1
133492,DOLTON,IL,60419,35.0,0.0,0.0,0.0,1,5,7,2012.0,1,3,9,2.0,40,1,1,1,1,3,6,1,1,0,1,2,10,3,7,2020,1.0,0.0,0.0,0.0,2.0,0,1,0,0,1,1,1
133575,LANSING,IL,60438,20.0,0.0,0.0,0.0,1,1,116,2003.0,1,1,1,1.0,30,2,1,2,1,3,2,1,2,0,1,2,14,3,7,2020,0.0,1.0,0.0,0.0,0.0,0,0,1,1,1,1,0