index,CITY,STATE,ZIPCODE,AGE,EJECTION,DRIVER_ACTION,BAC_RESULT,UNIT_TYPE,MAKE,MODEL,VEHICLE_YEAR,VEHICLE_TYPE,TRAVEL_DIRECTION,MANEUVER,FIRST_CONTACT_POINT,POSTED_SPEED_LIMIT,TRAFFIC_CONTROL_DEVICE,DEVICE_CONDITION,WEATHER_CONDITION,LIGHTING_CONDITION,FIRST_CRASH_TYPE,TRAFFICWAY_TYPE,ALIGNMENT,ROADWAY_SURFACE_COND,ROAD_DEFECT,STREET_DIRECTION,NUM_UNITS,CRASH_HOUR,CRASH_DAY_OF_WEEK,CRASH_MONTH,CRASH_YEAR,FATAL_INBOTH,FATAL_CARPPL,FATAL_OTHPPL,FATAL_INAUTO,FATAL_DEGREE,DAMAGE_500_OR_LESS,DAMAGE_501_1500,DAMAGE_OVER_1500,SEX,INTERSECTION_RELATED,HIT_AND_RUN,REPORTYPE
133576,LANSING,IL,60438,20.0,0.0,0.0,0.0,1,10,67,2013.0,1,1,3,2.0,30,2,1,2,1,3,2,1,2,0,1,2,14,3,7,2020,0.0,1.0,0.0,0.0,0.0,0,0,1,1,1,1,0
133644,CHICAGO,IL,60619,50.0,0.0,0.0,0.0,1,6,44,2020.0,2,4,1,6.0,30,1,1,2,1,4,1,1,2,0,1,2,14,3,7,2020,0.0,1.0,0.0,0.0,0.0,0,0,1,1,1,1,0
133735,WILLOWBROOK,IL,60527,45.0,0.0,0.0,0.0,1,6,63,2008.0,1,3,1,3.0,30,1,1,1,1,3,10,1,2,0,1,2,13,3,7,2020,1.0,0.0,0.0,0.0,0.0,0,0,1,1,1,1,0
133736,WILLOWBROOK,IL,60527,45.0,0.0,0.0,0.0,1,3,12,2007.0,1,3,1,7.0,30,1,1,1,1,3,10,1,2,0,1,2,13,3,7,2020,1.0,0.0,0.0,0.0,0.0,0,0,1,1,1,1,0
134024,UNKNOWN,XX,0,36.9,0.0,2.0,0.0,1,-1,1,2011.0,-1,4,4,4.0,30,1,1,2,4,5,1,1,2,-1,2,2,20,3,7,2020,1.0,0.0,0.0,0.0,2.0,0,0,1,0,1,1,1
134026,CHICAGO,IL,60651,15.0,-1.0,0.0,0.0,1,-1,1,2011.0,-1,4,4,4.0,30,1,1,2,4,5,1,1,2,-1,2,2,20,3,7,2020,0.0,0.0,0.0,0.0,2.0,0,0,1,1,1,1,1
134060,CHICAGO,IL,60637,26.0,0.0,0.0,0.0,1,11,35,2010.0,1,4,1,5.0,30,2,0,2,1,1,0,1,2,-1,4,2,6,3,7,2020,0.0,1.0,0.0,0.0,0.0,0,1,0,1,1,1,0
134091,CHICAGO,IL,60617,61.0,0.0,0.0,0.0,1,3,1,2014.0,1,1,1,3.0,30,1,1,1,2,4,1,1,1,0,1,2,19,3,7,2020,0.0,1.0,0.0,0.0,0.0,0,0,1,0,1,1,0
134254,CHICAGO,IL,60619,64.0,0.0,0.0,0.0,1,1,251,2005.0,3,3,1,12.0,20,1,1,1,1,1,1,1,1,0,1,2,12,1,8,2020,1.0,0.0,0.0,0.0,0.0,0,0,1,1,1,1,1
134525,CHICAGO,IL,60649,46.0,0.0,1.0,0.0,1,4,5,2017.0,1,2,1,12.0,35,2,1,1,2,1,4,1,1,0,4,2,20,4,8,2020,1.0,0.0,0.0,0.0,1.0,0,0,1,1,1,1,1
134526,CHICAGO,IL,60649,46.0,0.0,1.0,0.0,1,-1,1,2010.0,6,1,1,1.0,35,2,1,1,2,1,4,1,1,0,4,2,20,4,8,2020,1.0,0.0,0.0,0.0,1.0,0,0,1,1,1,1,1
134527,UNKNOWN,XX,0,36.0,1.0,6.0,0.0,1,4,5,2017.0,1,2,1,12.0,35,2,1,1,2,1,4,1,1,0,4,2,20,4,8,2020,1.0,0.0,0.0,0.0,1.0,0,0,1,1,1,1,1
134588,UNKNOWN,XX,0,38.0,0.0,3.0,0.0,1,23,95,2008.0,2,3,1,1.0,30,2,1,1,2,1,1,1,1,1,2,2,0,5,8,2020,1.0,0.0,0.0,0.0,3.0,0,0,1,0,1,1,1
134589,UNKNOWN,XX,0,38.0,0.0,3.0,0.0,1,31,108,2013.0,6,2,1,5.0,30,2,1,1,2,1,1,1,1,1,2,2,0,5,8,2020,1.0,0.0,0.0,0.0,3.0,0,0,1,0,1,1,1
134590,SOUTH_HOLLAND,IL,60473,46.0,0.0,0.0,0.0,1,23,95,2008.0,2,3,1,1.0,30,2,1,1,2,1,1,1,1,1,2,2,0,5,8,2020,1.0,0.0,0.0,0.0,3.0,0,0,1,1,1,1,1
134591,SOUTH_HOLLAND,IL,60473,46.0,0.0,0.0,0.0,1,31,108,2013.0,6,2,1,5.0,30,2,1,1,2,1,1,1,1,1,2,2,0,5,8,2020,1.0,0.0,0.0,0.0,3.0,0,0,1,1,1,1,1
134602,CHICAGO,IL,60628,27.0,0.0,3.0,0.0,1,10,26,2008.0,1,4,1,1.0,30,1,1,1,2,1,1,1,1,0,1,2,0,5,8,2020,1.0,0.0,0.0,0.0,3.0,0,0,1,0,1,0,1
134603,CHICAGO,IL,60628,27.0,0.0,3.0,0.0,1,5,13,2008.0,1,1,1,5.0,30,1,1,1,2,1,1,1,1,0,1,2,0,5,8,2020,1.0,0.0,0.0,0.0,3.0,0,0,1,0,1,0,1
134604,ROMEOVILLE,IL,60446,22.0,0.0,0.0,0.0,1,10,26,2008.0,1,4,1,1.0,30,1,1,1,2,1,1,1,1,0,1,2,0,5,8,2020,1.0,0.0,0.0,0.0,3.0,0,0,1,1,1,0,1
134605,ROMEOVILLE,IL,60446,22.0,0.0,0.0,0.0,1,5,13,2008.0,1,1,1,5.0,30,1,1,1,2,1,1,1,1,0,1,2,0,5,8,2020,1.0,0.0,0.0,0.0,3.0,0,0,1,1,1,0,1
134832,UNKNOWN,XX,0,36.9,-1.0,1.0,0.0,1,18,311,2003.0,1,1,2,5.0,30,1,1,1,1,2,7,1,1,0,1,2,11,5,8,2020,1.0,0.0,0.0,0.0,2.0,0,0,1,1,1,1,1
134833,LYONS,IL,60534,32.0,0.0,0.0,0.0,1,-1,1,2011.0,2,1,1,8.0,30,1,1,1,1,2,7,1,1,0,1,2,11,5,8,2020,1.0,0.0,0.0,0.0,2.0,0,0,1,1,1,1,1
134834,LYONS,IL,60534,32.0,0.0,0.0,0.0,1,18,311,2003.0,1,1,2,5.0,30,1,1,1,1,2,7,1,1,0,1,2,11,5,8,2020,1.0,0.0,0.0,0.0,2.0,0,0,1,1,1,1,1
135052,CHICAGO,IL,60644,38.0,0.0,0.0,0.0,1,23,95,2002.0,2,2,1,8.0,30,2,1,1,1,1,3,1,1,0,2,2,15,5,8,2020,0.0,1.0,0.0,0.0,0.0,0,1,0,0,1,1,0
135464,CHICAGO,IL,60616,22.0,0.0,0.0,0.0,1,31,108,2001.0,6,4,1,7.0,30,2,1,1,2,2,1,1,1,0,1,2,20,5,8,2020,0.0,1.0,0.0,0.0,0.0,0,0,1,1,1,1,0
135482,CHICAGO,IL,60653,45.0,0.0,0.0,0.0,1,11,35,2002.0,1,3,1,12.0,30,1,1,1,2,1,7,1,1,0,1,2,22,5,8,2020,1.0,0.0,0.0,0.0,0.0,0,0,1,0,1,1,1
135979,CHICAGO,IL,60624,16.0,0.0,2.0,0.0,1,7,10,2013.0,1,2,1,1.0,30,2,1,1,1,1,1,1,1,0,2,2,17,4,7,2020,1.0,0.0,0.0,0.0,2.0,0,0,1,1,1,1,1
135980,CHICAGO,IL,60624,16.0,0.0,2.0,0.0,1,4,29,2004.0,1,3,1,6.0,30,2,1,1,1,1,1,1,1,0,2,2,17,4,7,2020,1.0,0.0,0.0,0.0,2.0,0,0,1,1,1,1,1
135981,OAK_PARK,IL,60302,61.0,0.0,0.0,0.0,1,7,10,2013.0,1,2,1,1.0,30,2,1,1,1,1,1,1,1,0,2,2,17,4,7,2020,1.0,0.0,0.0,0.0,2.0,0,0,1,1,1,1,1
135982,OAK_PARK,IL,60302,61.0,0.0,0.0,0.0,1,4,29,2004.0,1,3,1,6.0,30,2,1,1,1,1,1,1,1,0,2,2,17,4,7,2020,1.0,0.0,0.0,0.0,2.0,0,0,1,1,1,1,1
136020,CHICAGO,IL,60652,25.0,0.0,0.0,0.0,1,7,25,2017.0,2,2,1,6.0,30,0,0,1,1,4,2,1,1,0,2,2,17,4,7,2020,0.0,1.0,0.0,0.0,0.0,0,0,1,0,1,1,0
136094,WHITING,IN,46394,52.0,0.0,5.0,2.0,1,10,206,2005.0,1,3,4,3.0,25,2,1,1,1,2,1,1,1,0,2,2,17,4,7,2020,0.0,1.0,0.0,0.0,0.0,0,0,1,0,1,1,1
136095,WHITING,IN,46394,52.0,0.0,5.0,2.0,1,7,10,2016.0,1,2,3,3.0,25,2,1,1,1,2,1,1,1,0,2,2,17,4,7,2020,0.0,1.0,0.0,0.0,0.0,0,0,1,0,1,1,1
136096,BROOKFIELD,WI,53045,39.0,0.0,1.0,0.0,1,10,206,2005.0,1,3,4,3.0,25,2,1,1,1,2,1,1,1,0,2,2,17,4,7,2020,0.0,1.0,0.0,0.0,0.0,0,0,1,0,1,1,1
136097,BROOKFIELD,WI,53045,39.0,0.0,1.0,0.0,1,7,10,2016.0,1,2,3,3.0,25,2,1,1,1,2,1,1,1,0,2,2,17,4,7,2020,0.0,1.0,0.0,0.0,0.0,0,0,1,0,1,1,1
136234,CHICAGO,IL,60657,54.0,1.0,3.0,0.0,1,41,190,2010.0,-1,3,1,-1.0,30,1,1,1,3,9,1,1,1,0,2,2,20,4,7,2020,0.0,0.0,0.0,1.0,3.0,1,0,0,1,1,1,1
136236,CHICAGO,IL,60657,38.0,0.0,0.0,0.0,1,41,190,2010.0,-1,3,1,-1.0,30,1,1,1,3,9,1,1,1,0,2,2,20,4,7,2020,1.0,0.0,0.0,0.0,3.0,1,0,0,0,1,1,1
136386,CHICAGO,IL,60657,39.0,0.0,0.0,0.0,1,22,66,2020.0,1,4,1,1.0,30,2,1,1,3,1,1,1,1,0,1,2,22,1,7,2020,0.0,1.0,0.0,0.0,0.0,0,1,0,1,1,1,0
136387,CHICAGO,IL,60657,39.0,0.0,0.0,0.0,1,26,185,2012.0,1,3,1,6.0,30,2,1,1,3,1,1,1,1,0,1,2,22,1,7,2020,0.0,1.0,0.0,0.0,0.0,0,1,0,1,1,1,0
136570,CHICAGO,IL,60649,31.0,0.0,0.0,0.0,1,5,7,2018.0,1,3,1,2.0,30,-1,1,1,2,3,7,1,1,0,1,2,1,5,8,2020,0.0,1.0,0.0,0.0,0.0,0,1,0,1,1,1,1
136656,CHICAGO,IL,60647,47.0,0.0,0.0,0.0,1,6,56,2017.0,4,4,3,2.0,30,1,1,1,1,3,0,1,1,0,2,2,14,5,8,2020,0.0,1.0,0.0,0.0,0.0,0,0,1,1,1,1,0
136841,CHICAGO,IL,60647,36.9,0.0,3.0,0.0,1,11,35,2005.0,1,3,1,4.0,30,1,1,1,2,1,6,1,1,0,1,2,21,5,8,2020,1.0,0.0,0.0,0.0,2.0,0,0,1,1,1,1,1
136842,CHICAGO,IL,60647,36.9,0.0,3.0,0.0,1,10,30,2007.0,1,2,1,1.0,30,1,1,1,2,1,6,1,1,0,1,2,21,5,8,2020,1.0,0.0,0.0,0.0,2.0,0,0,1,1,1,1,1
136843,CHICAGO,IL,60624,27.0,0.0,0.0,0.0,1,11,35,2005.0,1,3,1,4.0,30,1,1,1,2,1,6,1,1,0,1,2,21,5,8,2020,1.0,0.0,0.0,0.0,2.0,0,0,1,1,1,1,1
136844,CHICAGO,IL,60624,27.0,0.0,0.0,0.0,1,10,30,2007.0,1,2,1,1.0,30,1,1,1,2,1,6,1,1,0,1,2,21,5,8,2020,1.0,0.0,0.0,0.0,2.0,0,0,1,1,1,1,1
137300,CHICAGO,IL,60632,29.0,0.0,0.0,0.0,1,2,9,2014.0,2,1,1,4.0,30,1,3,1,1,1,5,1,1,0,1,2,14,6,8,2020,0.0,1.0,0.0,0.0,0.0,1,0,0,1,1,1,0
137301,CHICAGO,IL,60632,36.9,0.0,3.0,0.0,1,2,1,2002.0,1,1,1,1.0,30,1,1,1,1,2,1,1,1,0,3,2,14,5,8,2020,1.0,0.0,0.0,0.0,2.0,0,1,0,1,1,1,0
137302,CHICAGO,IL,60632,36.9,0.0,3.0,0.0,1,56,1,2017.0,6,4,2,5.0,30,1,1,1,1,2,1,1,1,0,3,2,14,5,8,2020,1.0,0.0,0.0,0.0,2.0,0,1,0,1,1,1,0
137303,CHICAGO,IL,60623,37.0,1.0,0.0,0.0,1,2,1,2002.0,1,1,1,1.0,30,1,1,1,1,2,1,1,1,0,3,2,14,5,8,2020,1.0,0.0,0.0,0.0,2.0,0,1,0,1,1,1,0
137304,CHICAGO,IL,60623,37.0,1.0,0.0,0.0,1,56,1,2017.0,6,4,2,5.0,30,1,1,1,1,2,1,1,1,0,3,2,14,5,8,2020,1.0,0.0,0.0,0.0,2.0,0,1,0,1,1,1,0
137790,CHICAGO,IL,60634,57.0,0.0,0.0,0.0,1,3,64,2005.0,3,3,1,5.0,30,2,1,1,1,1,1,1,1,0,3,2,4,6,8,2020,0.0,1.0,0.0,0.0,0.0,0,0,1,1,1,1,0
137848,CHICAGO,IL,60628,50.0,0.0,0.0,0.0,1,21,211,2017.0,2,3,2,2.0,35,1,1,1,1,2,6,1,1,0,1,2,15,6,8,2020,0.0,1.0,0.0,0.0,0.0,0,0,1,0,1,1,0
137871,CHICAGO,IL,60628,38.0,0.0,3.0,0.0,1,4,1,2010.0,1,3,1,-1.0,30,1,1,1,1,5,5,1,1,0,1,3,19,6,8,2020,1.0,0.0,0.0,0.0,3.0,0,0,1,0,1,1,1
137873,CHICAGO,IL,60628,38.0,0.0,3.0,0.0,1,6,69,2019.0,1,2,3,1.0,30,1,1,1,1,5,5,1,1,0,1,3,19,6,8,2020,1.0,0.0,0.0,0.0,3.0,0,0,1,0,1,1,1
137874,CHICAGO,IL,60637,85.0,-1.0,0.0,0.0,1,4,1,2010.0,1,3,1,-1.0,30,1,1,1,1,5,5,1,1,0,1,3,19,6,8,2020,0.0,0.0,0.0,0.0,3.0,0,0,1,1,1,1,1
137876,CHICAGO,IL,60637,85.0,-1.0,0.0,0.0,1,6,69,2019.0,1,2,3,1.0,30,1,1,1,1,5,5,1,1,0,1,3,19,6,8,2020,0.0,0.0,0.0,0.0,3.0,0,0,1,1,1,1,1
137877,MERRILLVILLE,IN,46410,30.0,0.0,0.0,0.0,1,4,1,2010.0,1,3,1,-1.0,30,1,1,1,1,5,5,1,1,0,1,3,19,6,8,2020,1.0,0.0,0.0,0.0,3.0,0,0,1,1,1,1,1
137879,MERRILLVILLE,IN,46410,30.0,0.0,0.0,0.0,1,6,69,2019.0,1,2,3,1.0,30,1,1,1,1,5,5,1,1,0,1,3,19,6,8,2020,1.0,0.0,0.0,0.0,3.0,0,0,1,1,1,1,1
138103,CHICAGO,IL,60643,26.0,0.0,0.0,0.0,1,12,53,2015.0,1,2,1,7.0,30,1,1,1,1,4,0,1,1,0,4,2,14,5,7,2020,0.0,1.0,0.0,0.0,0.0,0,1,0,0,1,1,0
138106,CHICAGO,IL,60629,52.0,0.0,0.0,0.0,1,10,26,2005.0,1,1,1,1.0,30,2,1,1,1,1,0,1,1,0,1,2,14,5,7,2020,0.0,1.0,0.0,0.0,0.0,0,0,1,1,1,1,1
138107,CHICAGO,IL,60629,52.0,0.0,0.0,0.0,1,5,7,2013.0,1,2,1,10.0,30,2,1,1,1,1,0,1,1,0,1,2,14,5,7,2020,0.0,1.0,0.0,0.0,0.0,0,0,1,1,1,1,1
138311,CHICAGO,IL,60636,36.9,0.0,3.0,0.0,1,1,43,2006.0,2,8,1,1.0,30,2,1,1,1,6,10,1,1,0,1,2,16,5,7,2020,1.0,0.0,0.0,0.0,2.0,0,0,1,1,1,1,1
138312,CHICAGO,IL,60636,36.9,0.0,3.0,0.0,1,1,165,2012.0,1,1,1,1.0,30,2,1,1,1,6,10,1,1,0,1,2,16,5,7,2020,1.0,0.0,0.0,0.0,2.0,0,0,1,1,1,1,1
138313,COUNTRY_CLUB_HILLS,IL,60478,28.0,0.0,0.0,1.0,1,1,43,2006.0,2,8,1,1.0,30,2,1,1,1,6,10,1,1,0,1,2,16,5,7,2020,1.0,0.0,0.0,0.0,2.0,0,0,1,0,1,1,1
138314,COUNTRY_CLUB_HILLS,IL,60478,28.0,0.0,0.0,1.0,1,1,165,2012.0,1,1,1,1.0,30,2,1,1,1,6,10,1,1,0,1,2,16,5,7,2020,1.0,0.0,0.0,0.0,2.0,0,0,1,0,1,1,1
138350,CHICAGO,IL,60632,43.0,0.0,0.0,0.0,1,2,115,2014.0,1,7,4,10.0,30,1,1,1,1,2,0,1,1,0,1,2,18,5,7,2020,0.0,1.0,0.0,0.0,0.0,0,0,1,1,1,1,0
138503,CHICAGO,IL,60651,36.0,-1.0,2.0,0.0,1,17,176,2011.0,-1,4,1,1.0,30,2,0,1,2,1,0,1,1,0,3,2,21,5,7,2020,1.0,0.0,0.0,0.0,1.0,0,0,1,0,1,1,1
138504,CHICAGO,IL,60651,36.0,-1.0,2.0,0.0,1,37,1,2005.0,7,3,1,6.0,30,2,0,1,2,1,0,1,1,0,3,2,21,5,7,2020,1.0,0.0,0.0,0.0,1.0,0,0,1,0,1,1,1
138505,HOMETOWN,IL,60456,53.0,0.0,0.0,0.0,1,17,176,2011.0,-1,4,1,1.0,30,2,0,1,2,1,0,1,1,0,3,2,21,5,7,2020,1.0,0.0,0.0,0.0,1.0,0,0,1,1,1,1,1
138506,HOMETOWN,IL,60456,53.0,0.0,0.0,0.0,1,37,1,2005.0,7,3,1,6.0,30,2,0,1,2,1,0,1,1,0,3,2,21,5,7,2020,1.0,0.0,0.0,0.0,1.0,0,0,1,1,1,1,1
138560,CHICAGO,IL,60651,25.0,0.0,1.0,0.0,1,28,45,2006.0,5,3,1,1.0,30,1,1,1,2,1,5,1,1,0,1,2,23,5,7,2020,0.0,1.0,0.0,0.0,0.0,0,0,1,1,1,1,1
138655,CHICAGO,IL,60619,49.0,0.0,0.0,0.0,1,12,280,2018.0,1,1,1,7.0,45,1,1,1,1,4,2,1,1,0,1,2,14,5,7,2020,0.0,1.0,0.0,0.0,0.0,0,0,1,0,1,1,0
138801,CHICAGO,IL,60619,36.0,-1.0,-1.0,0.0,1,2,31,2005.0,4,2,1,1.0,30,2,1,1,1,1,1,1,1,-1,1,2,10,5,8,2020,1.0,0.0,0.0,0.0,1.0,0,0,1,1,1,1,1
138802,CHICAGO,IL,60621,43.0,0.0,-1.0,0.0,1,-1,2,2010.0,-1,-1,-1,1.0,30,2,1,1,1,1,1,1,1,-1,1,2,10,5,8,2020,1.0,0.0,0.0,0.0,1.0,0,0,1,1,1,1,1
138803,CHICAGO,IL,60621,43.0,0.0,-1.0,0.0,1,2,31,2005.0,4,2,1,1.0,30,2,1,1,1,1,1,1,1,-1,1,2,10,5,8,2020,1.0,0.0,0.0,0.0,1.0,0,0,1,1,1,1,1
138927,WORTH,IL,60482,40.0,0.0,0.0,0.0,1,3,3,2015.0,1,2,1,8.0,30,1,3,1,1,2,0,1,1,0,2,2,14,6,8,2020,0.0,1.0,0.0,0.0,0.0,0,1,0,1,1,1,0
139104,CHICAGO,IL,60626,19.0,0.0,2.0,0.0,1,6,63,2007.0,1,3,1,4.0,35,2,1,1,4,9,0,1,1,-1,3,2,20,6,8,2020,1.0,0.0,0.0,0.0,2.0,0,1,0,0,1,1,1
139106,CHICAGO,IL,60626,16.0,-1.0,-1.0,0.0,1,6,63,2007.0,1,3,1,4.0,35,2,1,1,4,9,0,1,1,-1,3,2,20,6,8,2020,0.0,0.0,0.0,1.0,2.0,0,1,0,1,1,1,1
139130,CHICAGO,IL,60626,36.9,0.0,5.0,0.0,1,15,131,2011.0,1,3,4,3.0,30,2,1,1,2,2,4,1,1,-1,2,2,21,6,8,2020,1.0,0.0,0.0,0.0,2.0,0,0,1,0,1,1,1
139131,CHICAGO,IL,60626,36.9,0.0,5.0,0.0,1,19,152,2017.0,1,4,1,6.0,30,2,1,1,2,2,4,1,1,-1,2,2,21,6,8,2020,1.0,0.0,0.0,0.0,2.0,0,0,1,0,1,1,1
139132,MAYWOOD,IL,60153,28.0,0.0,0.0,0.0,1,15,131,2011.0,1,3,4,3.0,30,2,1,1,2,2,4,1,1,-1,2,2,21,6,8,2020,1.0,0.0,0.0,0.0,2.0,0,0,1,1,1,1,1
139133,MAYWOOD,IL,60153,28.0,0.0,0.0,0.0,1,19,152,2017.0,1,4,1,6.0,30,2,1,1,2,2,4,1,1,-1,2,2,21,6,8,2020,1.0,0.0,0.0,0.0,2.0,0,0,1,1,1,1,1
139141,CHICAGO,IL,60626,36.9,0.0,3.0,0.0,1,2,68,2015.0,1,2,2,2.0,35,1,1,1,2,2,5,1,1,0,2,2,22,6,8,2020,1.0,0.0,0.0,0.0,2.0,0,0,1,0,1,1,1
139142,MATTESON,IL,60443,28.0,0.0,0.0,0.0,1,22,1,2011.0,-1,4,1,-1.0,35,1,1,1,2,2,5,1,1,0,2,2,22,6,8,2020,1.0,0.0,0.0,0.0,2.0,0,0,1,1,1,1,1
139143,MATTESON,IL,60443,28.0,0.0,0.0,0.0,1,2,68,2015.0,1,2,2,2.0,35,1,1,1,2,2,5,1,1,0,2,2,22,6,8,2020,1.0,0.0,0.0,0.0,2.0,0,0,1,1,1,1,1
139244,CHICAGO,IL,60622,32.0,0.0,0.0,0.0,1,7,87,2006.0,1,3,4,3.0,30,2,1,1,2,2,1,1,1,0,2,2,2,7,8,2020,1.0,0.0,0.0,0.0,0.0,0,0,1,0,1,1,1
139246,CHICAGO,IL,60622,36.9,0.0,3.0,0.0,1,3,109,2009.0,1,1,1,3.0,30,1,1,1,2,1,1,1,1,0,3,2,1,7,8,2020,1.0,0.0,0.0,0.0,2.0,0,0,1,0,1,1,1
139247,CHICAGO,IL,60645,46.0,0.0,0.0,0.0,1,-1,2,2011.0,-1,2,1,4.0,30,1,1,1,2,1,1,1,1,0,3,2,1,7,8,2020,1.0,0.0,0.0,0.0,2.0,0,0,1,0,1,1,1
139248,CHICAGO,IL,60645,46.0,0.0,0.0,0.0,1,3,109,2009.0,1,1,1,3.0,30,1,1,1,2,1,1,1,1,0,3,2,1,7,8,2020,1.0,0.0,0.0,0.0,2.0,0,0,1,0,1,1,1
139263,JOLIET,IL,60435,56.0,0.0,0.0,0.0,1,2,214,2002.0,1,4,1,2.0,30,1,1,1,4,3,1,1,1,0,2,2,2,7,8,2020,0.0,1.0,0.0,0.0,0.0,0,0,1,1,1,0,0
139366,CHICAGO,IL,60634,0.0,0.0,0.0,0.0,1,6,22,2013.0,3,1,1,8.0,25,2,1,1,1,1,8,1,1,0,3,2,14,6,8,2020,0.0,1.0,0.0,0.0,0.0,0,1,0,1,1,1,1
139728,CHICAGO,IL,60652,27.0,0.0,0.0,0.0,1,4,352,2004.0,4,2,3,2.0,30,1,1,1,1,3,0,1,1,0,2,2,15,7,8,2020,0.0,1.0,0.0,0.0,0.0,0,1,0,1,1,1,0
139752,CHICAGAO,IL,60614,23.0,0.0,0.0,0.0,1,3,86,2002.0,1,4,1,1.0,30,1,1,1,1,2,0,1,1,0,2,2,14,7,8,2020,0.0,1.0,0.0,0.0,0.0,0,1,0,1,1,1,0
139843,CHICAGO,IL,60652,38.0,-1.0,-1.0,0.0,1,3,3,1994.0,1,1,1,1.0,30,2,1,1,1,2,0,1,1,0,3,2,17,7,8,2020,1.0,0.0,0.0,0.0,3.0,0,0,1,1,1,1,1
139844,CHICAGO,IL,60652,38.0,-1.0,-1.0,0.0,1,6,44,2012.0,2,8,2,5.0,30,2,1,1,1,2,0,1,1,0,3,2,17,7,8,2020,1.0,0.0,0.0,0.0,3.0,0,0,1,1,1,1,1
139845,CHICAGO,IL,60651,32.0,0.0,0.0,0.0,1,3,3,1994.0,1,1,1,1.0,30,2,1,1,1,2,0,1,1,0,3,2,17,7,8,2020,1.0,0.0,0.0,0.0,3.0,0,0,1,1,1,1,1
139846,CHICAGO,IL,60651,32.0,0.0,0.0,0.0,1,6,44,2012.0,2,8,2,5.0,30,2,1,1,1,2,0,1,1,0,3,2,17,7,8,2020,1.0,0.0,0.0,0.0,3.0,0,0,1,1,1,1,1
139869,CHICAGO,IL,60651,36.0,0.0,3.0,0.0,1,8,81,2007.0,2,4,1,1.0,25,1,1,1,1,1,0,1,1,0,1,2,17,7,8,2020,1.0,0.0,0.0,0.0,1.0,0,0,1,1,1,1,1
139870,CHICAGO,IL,60651,36.0,0.0,3.0,0.0,1,8,55,2009.0,1,1,1,6.0,25,1,1,1,1,1,0,1,1,0,1,2,17,7,8,2020,1.0,0.0,0.0,0.0,1.0,0,0,1,1,1,1,1
139871,CHICAGO,IL,60629,37.0,0.0,0.0,0.0,1,8,81,2007.0,2,4,1,1.0,25,1,1,1,1,1,0,1,1,0,1,2,17,7,8,2020,1.0,0.0,0.0,0.0,1.0,0,0,1,0,1,1,1
139872,CHICAGO,IL,60629,37.0,0.0,0.0,0.0,1,8,55,2009.0,1,1,1,6.0,25,1,1,1,1,1,0,1,1,0,1,2,17,7,8,2020,1.0,0.0,0.0,0.0,1.0,0,0,1,0,1,1,1
140054,CHICAGO,IL,60651,36.9,0.0,-1.0,0.0,1,13,36,2011.0,1,3,1,-1.0,25,2,1,1,2,9,5,1,1,0,3,2,20,7,8,2020,1.0,0.0,0.0,0.0,2.0,0,1,0,0,1,1,1
140056,CHICAGO,IL,60644,36.0,1.0,-1.0,0.0,1,13,36,2011.0,1,3,1,-1.0,25,2,1,1,2,9,5,1,1,0,3,2,20,7,8,2020,0.0,0.0,0.0,1.0,2.0,0,1,0,1,1,1,1
140394,CHICGO,IL,60629,30.0,0.0,0.0,0.0,1,9,1,2008.0,1,2,3,1.0,30,1,1,1,1,3,0,1,1,0,2,2,16,6,7,2020,0.0,1.0,0.0,0.0,0.0,0,0,1,1,1,1,0
140395,CHICGO,IL,60629,30.0,0.0,0.0,0.0,1,6,1,2018.0,3,2,3,2.0,30,1,1,1,1,3,0,1,1,0,2,2,16,6,7,2020,0.0,1.0,0.0,0.0,0.0,0,0,1,1,1,1,0
140462,CHICAGO,IL,60643,38.0,0.0,0.0,0.0,1,1,14,2005.0,1,3,1,3.0,30,1,1,1,1,2,1,1,1,0,3,2,17,6,7,2020,1.0,0.0,0.0,0.0,0.0,0,0,1,0,1,1,1
140629,CHICAGO,IL,60629,46.0,0.0,2.0,2.0,1,2,31,2002.0,4,1,2,6.0,30,1,1,1,1,2,0,1,1,0,1,2,17,6,7,2020,0.0,1.0,0.0,0.0,0.0,0,0,1,1,1,1,1
140630,CHICAGO,IL,60629,46.0,0.0,2.0,2.0,1,4,18,2016.0,2,4,1,1.0,30,1,1,1,1,2,0,1,1,0,1,2,17,6,7,2020,0.0,1.0,0.0,0.0,0.0,0,0,1,1,1,1,1
140631,CHICAGO,IL,60652,27.0,0.0,0.0,0.0,1,2,31,2002.0,4,1,2,6.0,30,1,1,1,1,2,0,1,1,0,1,2,17,6,7,2020,0.0,1.0,0.0,0.0,0.0,0,0,1,1,1,1,1
140632,CHICAGO,IL,60652,27.0,0.0,0.0,0.0,1,4,18,2016.0,2,4,1,1.0,30,1,1,1,1,2,0,1,1,0,1,2,17,6,7,2020,0.0,1.0,0.0,0.0,0.0,0,0,1,1,1,1,1